idx	cpg_id
0	cg00000165
1	cg00001687
2	cg00002033
3	cg00002473
4	cg00002749
5	cg00003407
6	cg00003994
7	cg00004257
8	cg00005215
9	cg00007239
10	cg00007540
11	cg00008488
12	cg00008671
13	cg00009871
14	cg00011861
15	cg00011924
16	cg00011943
17	cg00012238
18	cg00015770
19	cg00017842
20	cg00017931
21	cg00017970
22	cg00018181
23	cg00021532
24	cg00021978
25	cg00022866
26	cg00023464
27	cg00025138
28	cg00027083
29	cg00027162
30	cg00029246
31	cg00030466
32	cg00032205
33	cg00033066
34	cg00035630
35	cg00036045
36	cg00036119
37	cg00036347
38	cg00038760
39	cg00039845
40	cg00039864
41	cg00040873
42	cg00042904
43	cg00043004
44	cg00043095
45	cg00043599
46	cg00044501
47	cg00046991
48	cg00047050
49	cg00048759
50	cg00049440
51	cg00050402
52	cg00052433
53	cg00052482
54	cg00053073
55	cg00053647
56	cg00054496
57	cg00054525
58	cg00055555
59	cg00056066
60	cg00056497
61	cg00057476
62	cg00058009
63	cg00059225
64	cg00060320
65	cg00060374
66	cg00063077
67	cg00063979
68	cg00065598
69	cg00065944
70	cg00066239
71	cg00067518
72	cg00071360
73	cg00073090
74	cg00073460
75	cg00073543
76	cg00074086
77	cg00074818
78	cg00075967
79	cg00077044
80	cg00077898
81	cg00078458
82	cg00079056
83	cg00083059
84	cg00083937
85	cg00084338
86	cg00084720
87	cg00085420
88	cg00085430
89	cg00085493
90	cg00087067
91	cg00088042
92	cg00088575
93	cg00089528
94	cg00089550
95	cg00089915
96	cg00090261
97	cg00090282
98	cg00091483
99	cg00091693
100	cg00092301
101	cg00094036
102	cg00094303
103	cg00094518
104	cg00095976
105	cg00096065
106	cg00096979
107	cg00098175
108	cg00099240
109	cg00099441
110	cg00099869
111	cg00101154
112	cg00101235
113	cg00102166
114	cg00102512
115	cg00102685
116	cg00103778
117	cg00106564
118	cg00107606
119	cg00107782
120	cg00108098
121	cg00108108
122	cg00108164
123	cg00108554
124	cg00108715
125	cg00112187
126	cg00112465
127	cg00112685
128	cg00113951
129	cg00114478
130	cg00115654
131	cg00115864
132	cg00116092
133	cg00116658
134	cg00117599
135	cg00117869
136	cg00120286
137	cg00125768
138	cg00126959
139	cg00131893
140	cg00132141
141	cg00134539
142	cg00135293
143	cg00136547
144	cg00137209
145	cg00145103
146	cg00145587
147	cg00148423
148	cg00148464
149	cg00149213
150	cg00149716
151	cg00150168
152	cg00151250
153	cg00151370
154	cg00151680
155	cg00154159
156	cg00156551
157	cg00158122
158	cg00158227
159	cg00158683
160	cg00161556
161	cg00161791
162	cg00163372
163	cg00166216
164	cg00167783
165	cg00168439
166	cg00168783
167	cg00168942
168	cg00169030
169	cg00172371
170	cg00172672
171	cg00172812
172	cg00173498
173	cg00173659
174	cg00173799
175	cg00173854
176	cg00180711
177	cg00181968
178	cg00184919
179	cg00186842
180	cg00192031
181	cg00192468
182	cg00192773
183	cg00193490
184	cg00194146
185	cg00194325
186	cg00195322
187	cg00199846
188	cg00200653
189	cg00202454
190	cg00203466
191	cg00209398
192	cg00211115
193	cg00211944
194	cg00216073
195	cg00218406
196	cg00219921
197	cg00220102
198	cg00220419
199	cg00221070
200	cg00222799
201	cg00223715
202	cg00224222
203	cg00224487
204	cg00226815
205	cg00228017
206	cg00229508
207	cg00230271
208	cg00231483
209	cg00231810
210	cg00232500
211	cg00233948
212	cg00235865
213	cg00236991
214	cg00237086
215	cg00238295
216	cg00238508
217	cg00239061
218	cg00239899
219	cg00241002
220	cg00241482
221	cg00241638
222	cg00241664
223	cg00242950
224	cg00245057
225	cg00245896
226	cg00249943
227	cg00250826
228	cg00252095
229	cg00252472
230	cg00252534
231	cg00253398
232	cg00253658
233	cg00254470
234	cg00255882
235	cg00257455
236	cg00260883
237	cg00261781
238	cg00262132
239	cg00262681
240	cg00264112
241	cg00265788
242	cg00270625
243	cg00271522
244	cg00276799
245	cg00277039
246	cg00277334
247	cg00277397
248	cg00282953
249	cg00285174
250	cg00287370
251	cg00289429
252	cg00289431
253	cg00290373
254	cg00290506
255	cg00290607
256	cg00290758
257	cg00292305
258	cg00292452
259	cg00292639
260	cg00292662
261	cg00293626
262	cg00294538
263	cg00294718
264	cg00295303
265	cg00295744
266	cg00296005
267	cg00296038
268	cg00296348
269	cg00297600
270	cg00297912
271	cg00297950
272	cg00298065
273	cg00298921
274	cg00299396
275	cg00300233
276	cg00300523
277	cg00300637
278	cg00301762
279	cg00302979
280	cg00303541
281	cg00303982
282	cg00307557
283	cg00307685
284	cg00310410
285	cg00312919
286	cg00312921
287	cg00314660
288	cg00316485
289	cg00318111
290	cg00318519
291	cg00318766
292	cg00318947
293	cg00322212
294	cg00325968
295	cg00326464
296	cg00329270
297	cg00329615
298	cg00330279
299	cg00330518
300	cg00331334
301	cg00332048
302	cg00332153
303	cg00332802
304	cg00333698
305	cg00333755
306	cg00335286
307	cg00335428
308	cg00335735
309	cg00336149
310	cg00338702
311	cg00338928
312	cg00339012
313	cg00339281
314	cg00340052
315	cg00342891
316	cg00343092
317	cg00344422
318	cg00346145
319	cg00346985
320	cg00347369
321	cg00347563
322	cg00347620
323	cg00347775
324	cg00347863
325	cg00347882
326	cg00348763
327	cg00350702
328	cg00356499
329	cg00356999
330	cg00358895
331	cg00359421
332	cg00359604
333	cg00362690
334	cg00362836
335	cg00363750
336	cg00363845
337	cg00367567
338	cg00368059
339	cg00368338
340	cg00370229
341	cg00370293
342	cg00373376
343	cg00374333
344	cg00374717
345	cg00376553
346	cg00376639
347	cg00378510
348	cg00380835
349	cg00380930
350	cg00381684
351	cg00382859
352	cg00384539
353	cg00387658
354	cg00387982
355	cg00388262
356	cg00388605
357	cg00388812
358	cg00388838
359	cg00390724
360	cg00392155
361	cg00393047
362	cg00397859
363	cg00397986
364	cg00398048
365	cg00398130
366	cg00399614
367	cg00400547
368	cg00401091
369	cg00401463
370	cg00403955
371	cg00406023
372	cg00410898
373	cg00411555
374	cg00412337
375	cg00412772
376	cg00412782
377	cg00412805
378	cg00412842
379	cg00417068
380	cg00417288
381	cg00417297
382	cg00417823
383	cg00419702
384	cg00420390
385	cg00422488
386	cg00423030
387	cg00423487
388	cg00423655
389	cg00423969
390	cg00425710
391	cg00427635
392	cg00430888
393	cg00431549
394	cg00433107
395	cg00433147
396	cg00435576
397	cg00436603
398	cg00437985
399	cg00441709
400	cg00443946
401	cg00443981
402	cg00444360
403	cg00445518
404	cg00446055
405	cg00447970
406	cg00448560
407	cg00448707
408	cg00449738
409	cg00449767
410	cg00451105
411	cg00451649
412	cg00454305
413	cg00454443
414	cg00456299
415	cg00456672
416	cg00457009
417	cg00457495
418	cg00457913
419	cg00458268
420	cg00458351
421	cg00459119
422	cg00459953
423	cg00460268
424	cg00460793
425	cg00461022
426	cg00462168
427	cg00462994
428	cg00463859
429	cg00464640
430	cg00465970
431	cg00466249
432	cg00466268
433	cg00466827
434	cg00467244
435	cg00468320
436	cg00469856
437	cg00472685
438	cg00472837
439	cg00473416
440	cg00474031
441	cg00474696
442	cg00474840
443	cg00476037
444	cg00476270
445	cg00476675
446	cg00476771
447	cg00480331
448	cg00481159
449	cg00481639
450	cg00481725
451	cg00481951
452	cg00485201
453	cg00485494
454	cg00486113
455	cg00487456
456	cg00488692
457	cg00489066
458	cg00489183
459	cg00489401
460	cg00489795
461	cg00491255
462	cg00492055
463	cg00492070
464	cg00495693
465	cg00495856
466	cg00496676
467	cg00497251
468	cg00497554
469	cg00499787
470	cg00500789
471	cg00501482
472	cg00501765
473	cg00502597
474	cg00503832
475	cg00503840
476	cg00504535
477	cg00505045
478	cg00505093
479	cg00508950
480	cg00509996
481	cg00510437
482	cg00512563
483	cg00513357
484	cg00513564
485	cg00513984
486	cg00515905
487	cg00517605
488	cg00518276
489	cg00518702
490	cg00521255
491	cg00521434
492	cg00522231
493	cg00523379
494	cg00527908
495	cg00528640
496	cg00528967
497	cg00530564
498	cg00530720
499	cg00532802
500	cg00533923
501	cg00534274
502	cg00534318
503	cg00534468
504	cg00536366
505	cg00539174
506	cg00539386
507	cg00541293
508	cg00543335
509	cg00544337
510	cg00544558
511	cg00546897
512	cg00547365
513	cg00548098
514	cg00549851
515	cg00551398
516	cg00551910
517	cg00552087
518	cg00552387
519	cg00552753
520	cg00554421
521	cg00554993
522	cg00558975
523	cg00559635
524	cg00561903
525	cg00562107
526	cg00563016
527	cg00563845
528	cg00563932
529	cg00564555
530	cg00564916
531	cg00565561
532	cg00567190
533	cg00567623
534	cg00568792
535	cg00572560
536	cg00572966
537	cg00573770
538	cg00574958
539	cg00575066
540	cg00575744
541	cg00577578
542	cg00577619
543	cg00578690
544	cg00578775
545	cg00579423
546	cg00580497
547	cg00581043
548	cg00582628
549	cg00582902
550	cg00583426
551	cg00583733
552	cg00584000
553	cg00585474
554	cg00586317
555	cg00587168
556	cg00588393
557	cg00589581
558	cg00589791
559	cg00590036
560	cg00592643
561	cg00593462
562	cg00593900
563	cg00594335
564	cg00595223
565	cg00595333
566	cg00596283
567	cg00596438
568	cg00596819
569	cg00598195
570	cg00598394
571	cg00600024
572	cg00600477
573	cg00601042
574	cg00601350
575	cg00602326
576	cg00602416
577	cg00602743
578	cg00602811
579	cg00603274
580	cg00604454
581	cg00604859
582	cg00609333
583	cg00612299
584	cg00612905
585	cg00613827
586	cg00614360
587	cg00614617
588	cg00615241
589	cg00616028
590	cg00618626
591	cg00620464
592	cg00621366
593	cg00621805
594	cg00621943
595	cg00622375
596	cg00622689
597	cg00623774
598	cg00625902
599	cg00630991
600	cg00632188
601	cg00632560
602	cg00632607
603	cg00636368
604	cg00636737
605	cg00638945
606	cg00639010
607	cg00640053
608	cg00641679
609	cg00642303
610	cg00644033
611	cg00644387
612	cg00645579
613	cg00647040
614	cg00648582
615	cg00649318
616	cg00650410
617	cg00650641
618	cg00650795
619	cg00651216
620	cg00651782
621	cg00652158
622	cg00653460
623	cg00655552
624	cg00655982
625	cg00656603
626	cg00658652
627	cg00660163
628	cg00660843
629	cg00661126
630	cg00661947
631	cg00663739
632	cg00664406
633	cg00665492
634	cg00668034
635	cg00668559
636	cg00670637
637	cg00672214
638	cg00674365
639	cg00675037
640	cg00677217
641	cg00678709
642	cg00679595
643	cg00680389
644	cg00680808
645	cg00681365
646	cg00683285
647	cg00683895
648	cg00684178
649	cg00684824
650	cg00685116
651	cg00686880
652	cg00687674
653	cg00688775
654	cg00688840
655	cg00689340
656	cg00689492
657	cg00692774
658	cg00692974
659	cg00694357
660	cg00695112
661	cg00695391
662	cg00695799
663	cg00697033
664	cg00697672
665	cg00697907
666	cg00700455
667	cg00700817
668	cg00700866
669	cg00701514
670	cg00701946
671	cg00701995
672	cg00702546
673	cg00702638
674	cg00703830
675	cg00705251
676	cg00705371
677	cg00705661
678	cg00706683
679	cg00709948
680	cg00711496
681	cg00712841
682	cg00713549
683	cg00715124
684	cg00715290
685	cg00716277
686	cg00717297
687	cg00717825
688	cg00718518
689	cg00720845
690	cg00721170
691	cg00727112
692	cg00729876
693	cg00730887
694	cg00733150
695	cg00734800
696	cg00738934
697	cg00739278
698	cg00740914
699	cg00741717
700	cg00741848
701	cg00743629
702	cg00744083
703	cg00744433
704	cg00748589
705	cg00750088
706	cg00750428
707	cg00751156
708	cg00751179
709	cg00753676
710	cg00753885
711	cg00756943
712	cg00757033
713	cg00757070
714	cg00758881
715	cg00760938
716	cg00764307
717	cg00764652
718	cg00766497
719	cg00769632
720	cg00770871
721	cg00771642
722	cg00771778
723	cg00772585
724	cg00773060
725	cg00774089
726	cg00774155
727	cg00776293
728	cg00780578
729	cg00782811
730	cg00785170
731	cg00785522
732	cg00785980
733	cg00786178
734	cg00786305
735	cg00788025
736	cg00789615
737	cg00789792
738	cg00790020
739	cg00790928
740	cg00791024
741	cg00791764
742	cg00791851
743	cg00791854
744	cg00792123
745	cg00792799
746	cg00793186
747	cg00793774
748	cg00795630
749	cg00795791
750	cg00795927
751	cg00796360
752	cg00796374
753	cg00797278
754	cg00797779
755	cg00799619
756	cg00799631
757	cg00799842
758	cg00800780
759	cg00801003
760	cg00801868
761	cg00804210
762	cg00804628
763	cg00805193
764	cg00805292
765	cg00805441
766	cg00806535
767	cg00808935
768	cg00810217
769	cg00810441
770	cg00811436
771	cg00812502
772	cg00812655
773	cg00813264
774	cg00813582
775	cg00813752
776	cg00814752
777	cg00821731
778	cg00821760
779	cg00828439
780	cg00828602
781	cg00829990
782	cg00834400
783	cg00834519
784	cg00835193
785	cg00840990
786	cg00843009
787	cg00843787
788	cg00844308
789	cg00845900
790	cg00845901
791	cg00846843
792	cg00847387
793	cg00848480
794	cg00849435
795	cg00850073
796	cg00850453
797	cg00851050
798	cg00851518
799	cg00851732
800	cg00853687
801	cg00859178
802	cg00859280
803	cg00860090
804	cg00860808
805	cg00861295
806	cg00862290
807	cg00864474
808	cg00864867
809	cg00864916
810	cg00865356
811	cg00866540
812	cg00869158
813	cg00870265
814	cg00870514
815	cg00870633
816	cg00871215
817	cg00871381
818	cg00871487
819	cg00873186
820	cg00875849
821	cg00876449
822	cg00877212
823	cg00877329
824	cg00878023
825	cg00878274
826	cg00879155
827	cg00884606
828	cg00887153
829	cg00887633
830	cg00891541
831	cg00891669
832	cg00891991
833	cg00892703
834	cg00893603
835	cg00894378
836	cg00896578
837	cg00897064
838	cg00897703
839	cg00897744
840	cg00898013
841	cg00898111
842	cg00900422
843	cg00900456
844	cg00903534
845	cg00903584
846	cg00905746
847	cg00906581
848	cg00907204
849	cg00908323
850	cg00908766
851	cg00908833
852	cg00909806
853	cg00910168
854	cg00910503
855	cg00911370
856	cg00913283
857	cg00913794
858	cg00914033
859	cg00914384
860	cg00915395
861	cg00916884
862	cg00917184
863	cg00917847
864	cg00924265
865	cg00924278
866	cg00925087
867	cg00927579
868	cg00927594
869	cg00928596
870	cg00929523
871	cg00929798
872	cg00929860
873	cg00930628
874	cg00930833
875	cg00933182
876	cg00933263
877	cg00935119
878	cg00935435
879	cg00936722
880	cg00938771
881	cg00940577
882	cg00941280
883	cg00943269
884	cg00943950
885	cg00944884
886	cg00945507
887	cg00948124
888	cg00948664
889	cg00949861
890	cg00950381
891	cg00951108
892	cg00952857
893	cg00954002
894	cg00954167
895	cg00955230
896	cg00956987
897	cg00957698
898	cg00958031
899	cg00958342
900	cg00959259
901	cg00960204
902	cg00960373
903	cg00961616
904	cg00961932
905	cg00962635
906	cg00962755
907	cg00962913
908	cg00963654
909	cg00965168
910	cg00966482
911	cg00966672
912	cg00968488
913	cg00969119
914	cg00970752
915	cg00971110
916	cg00971933
917	cg00974523
918	cg00974579
919	cg00975791
920	cg00976097
921	cg00976623
922	cg00976797
923	cg00979000
924	cg00979803
925	cg00981737
926	cg00983520
927	cg00983697
928	cg00986928
929	cg00987379
930	cg00989306
931	cg00991639
932	cg00991848
933	cg00992090
934	cg00992268
935	cg00992398
936	cg00994306
937	cg00994804
938	cg00994936
939	cg00995689
940	cg00996053
941	cg00996315
942	cg00997387
943	cg00998451
944	cg01000953
945	cg01001241
946	cg01002223
947	cg01002242
948	cg01005486
949	cg01005582
950	cg01007323
951	cg01007589
952	cg01008263
953	cg01009870
954	cg01011367
955	cg01018002
956	cg01019040
957	cg01019770
958	cg01019876
959	cg01020408
960	cg01021485
961	cg01023759
962	cg01025883
963	cg01026009
964	cg01026256
965	cg01027739
966	cg01027805
967	cg01028142
968	cg01028796
969	cg01029450
970	cg01029623
971	cg01029867
972	cg01031400
973	cg01031441
974	cg01032119
975	cg01035616
976	cg01041239
977	cg01042193
978	cg01044025
979	cg01044097
980	cg01044331
981	cg01044608
982	cg01045132
983	cg01048752
984	cg01049205
985	cg01049530
986	cg01050423
987	cg01051524
988	cg01054110
989	cg01054478
990	cg01055135
991	cg01055594
992	cg01055824
993	cg01055871
994	cg01056568
995	cg01057893
996	cg01057898
997	cg01059398
998	cg01059743
999	cg01060238
1000	cg01062068
1001	cg01062443
1002	cg01062834
1003	cg01062937
1004	cg01063413
1005	cg01065599
1006	cg01066431
1007	cg01067151
1008	cg01067405
1009	cg01068621
1010	cg01069043
1011	cg01070197
1012	cg01070760
1013	cg01071534
1014	cg01072045
1015	cg01072076
1016	cg01073765
1017	cg01074508
1018	cg01074657
1019	cg01075715
1020	cg01075918
1021	cg01076874
1022	cg01077161
1023	cg01077274
1024	cg01077609
1025	cg01079860
1026	cg01080924
1027	cg01080986
1028	cg01081263
1029	cg01081346
1030	cg01082242
1031	cg01082601
1032	cg01082862
1033	cg01084566
1034	cg01088900
1035	cg01090829
1036	cg01091356
1037	cg01091514
1038	cg01092133
1039	cg01093285
1040	cg01095227
1041	cg01095658
1042	cg01095867
1043	cg01096266
1044	cg01097384
1045	cg01097406
1046	cg01099024
1047	cg01101459
1048	cg01101472
1049	cg01102307
1050	cg01103582
1051	cg01103827
1052	cg01105058
1053	cg01109734
1054	cg01112778
1055	cg01114088
1056	cg01114124
1057	cg01115389
1058	cg01115432
1059	cg01115569
1060	cg01115598
1061	cg01116067
1062	cg01117452
1063	cg01118711
1064	cg01119072
1065	cg01119957
1066	cg01121127
1067	cg01121199
1068	cg01122755
1069	cg01124477
1070	cg01126699
1071	cg01127300
1072	cg01128603
1073	cg01130056
1074	cg01130322
1075	cg01130658
1076	cg01130991
1077	cg01131735
1078	cg01131866
1079	cg01134075
1080	cg01135670
1081	cg01136078
1082	cg01136167
1083	cg01136606
1084	cg01137065
1085	cg01138890
1086	cg01139016
1087	cg01139861
1088	cg01140711
1089	cg01141812
1090	cg01144283
1091	cg01144344
1092	cg01144436
1093	cg01145054
1094	cg01145600
1095	cg01145653
1096	cg01145947
1097	cg01146808
1098	cg01146990
1099	cg01152025
1100	cg01152073
1101	cg01153166
1102	cg01153342
1103	cg01154254
1104	cg01156568
1105	cg01156663
1106	cg01157003
1107	cg01157718
1108	cg01158527
1109	cg01160079
1110	cg01161877
1111	cg01161889
1112	cg01162920
1113	cg01163330
1114	cg01163597
1115	cg01164202
1116	cg01165403
1117	cg01165410
1118	cg01165781
1119	cg01166932
1120	cg01168235
1121	cg01169686
1122	cg01170758
1123	cg01175394
1124	cg01176329
1125	cg01176516
1126	cg01176694
1127	cg01177167
1128	cg01179052
1129	cg01181350
1130	cg01181940
1131	cg01183860
1132	cg01184449
1133	cg01185626
1134	cg01185855
1135	cg01187279
1136	cg01187498
1137	cg01187505
1138	cg01187600
1139	cg01188867
1140	cg01190071
1141	cg01190109
1142	cg01192140
1143	cg01192291
1144	cg01194538
1145	cg01196788
1146	cg01199327
1147	cg01202600
1148	cg01205087
1149	cg01206756
1150	cg01206872
1151	cg01206874
1152	cg01208318
1153	cg01209296
1154	cg01210399
1155	cg01210965
1156	cg01211097
1157	cg01212120
1158	cg01213022
1159	cg01214061
1160	cg01219048
1161	cg01220680
1162	cg01221209
1163	cg01221637
1164	cg01222316
1165	cg01222684
1166	cg01224366
1167	cg01224715
1168	cg01225779
1169	cg01226614
1170	cg01227835
1171	cg01229452
1172	cg01230227
1173	cg01230359
1174	cg01231543
1175	cg01233392
1176	cg01234063
1177	cg01235100
1178	cg01237541
1179	cg01238435
1180	cg01239389
1181	cg01239922
1182	cg01242044
1183	cg01242196
1184	cg01243072
1185	cg01243312
1186	cg01243823
1187	cg01245393
1188	cg01245787
1189	cg01246498
1190	cg01246961
1191	cg01247535
1192	cg01248520
1193	cg01251360
1194	cg01251548
1195	cg01252496
1196	cg01254459
1197	cg01256539
1198	cg01258200
1199	cg01258940
1200	cg01259360
1201	cg01260146
1202	cg01261503
1203	cg01262865
1204	cg01262913
1205	cg01263739
1206	cg01263877
1207	cg01264729
1208	cg01266508
1209	cg01268763
1210	cg01268824
1211	cg01272599
1212	cg01274524
1213	cg01277177
1214	cg01277372
1215	cg01278041
1216	cg01280080
1217	cg01280390
1218	cg01280906
1219	cg01281797
1220	cg01281904
1221	cg01284182
1222	cg01284448
1223	cg01285435
1224	cg01285706
1225	cg01287476
1226	cg01287592
1227	cg01289782
1228	cg01290904
1229	cg01294695
1230	cg01297303
1231	cg01297383
1232	cg01299494
1233	cg01301197
1234	cg01302136
1235	cg01305596
1236	cg01306003
1237	cg01306261
1238	cg01307115
1239	cg01307174
1240	cg01308343
1241	cg01309159
1242	cg01311102
1243	cg01312999
1244	cg01313513
1245	cg01317029
1246	cg01320491
1247	cg01321673
1248	cg01326188
1249	cg01328467
1250	cg01328703
1251	cg01329511
1252	cg01329559
1253	cg01331064
1254	cg01331772
1255	cg01332462
1256	cg01332683
1257	cg01333011
1258	cg01334432
1259	cg01335367
1260	cg01337339
1261	cg01337813
1262	cg01339183
1263	cg01340347
1264	cg01341487
1265	cg01342746
1266	cg01345727
1267	cg01346077
1268	cg01348086
1269	cg01349088
1270	cg01349336
1271	cg01351032
1272	cg01353448
1273	cg01354088
1274	cg01355108
1275	cg01355753
1276	cg01356198
1277	cg01356950
1278	cg01359999
1279	cg01360413
1280	cg01364769
1281	cg01365117
1282	cg01365152
1283	cg01366595
1284	cg01367328
1285	cg01368160
1286	cg01368219
1287	cg01369611
1288	cg01372919
1289	cg01374729
1290	cg01375651
1291	cg01376763
1292	cg01377091
1293	cg01382072
1294	cg01385679
1295	cg01387455
1296	cg01387720
1297	cg01391867
1298	cg01393060
1299	cg01394167
1300	cg01395858
1301	cg01396774
1302	cg01397495
1303	cg01397912
1304	cg01399860
1305	cg01400401
1306	cg01400685
1307	cg01403030
1308	cg01403320
1309	cg01404163
1310	cg01405662
1311	cg01407477
1312	cg01407797
1313	cg01408654
1314	cg01410116
1315	cg01410876
1316	cg01412762
1317	cg01413354
1318	cg01413522
1319	cg01414357
1320	cg01415148
1321	cg01415937
1322	cg01416891
1323	cg01420492
1324	cg01421252
1325	cg01426818
1326	cg01427815
1327	cg01427957
1328	cg01428071
1329	cg01429475
1330	cg01429859
1331	cg01431340
1332	cg01431830
1333	cg01432055
1334	cg01433297
1335	cg01433677
1336	cg01434559
1337	cg01435493
1338	cg01435574
1339	cg01435643
1340	cg01435791
1341	cg01437571
1342	cg01438090
1343	cg01439105
1344	cg01441777
1345	cg01444397
1346	cg01446983
1347	cg01447660
1348	cg01448115
1349	cg01448132
1350	cg01448562
1351	cg01449677
1352	cg01450842
1353	cg01454752
1354	cg01455178
1355	cg01456831
1356	cg01457143
1357	cg01458062
1358	cg01459453
1359	cg01461718
1360	cg01468656
1361	cg01468696
1362	cg01470456
1363	cg01471034
1364	cg01471196
1365	cg01471710
1366	cg01474925
1367	cg01476885
1368	cg01477894
1369	cg01480180
1370	cg01483824
1371	cg01484296
1372	cg01485645
1373	cg01486146
1374	cg01486610
1375	cg01491219
1376	cg01493016
1377	cg01493318
1378	cg01495521
1379	cg01498090
1380	cg01502244
1381	cg01503516
1382	cg01503881
1383	cg01504690
1384	cg01505275
1385	cg01505878
1386	cg01506627
1387	cg01506737
1388	cg01507173
1389	cg01508380
1390	cg01508796
1391	cg01509843
1392	cg01510051
1393	cg01511232
1394	cg01511534
1395	cg01511561
1396	cg01511567
1397	cg01511806
1398	cg01514538
1399	cg01515515
1400	cg01516372
1401	cg01517384
1402	cg01517571
1403	cg01517789
1404	cg01518025
1405	cg01518138
1406	cg01518225
1407	cg01518465
1408	cg01519742
1409	cg01520122
1410	cg01520402
1411	cg01520983
1412	cg01521220
1413	cg01521436
1414	cg01524149
1415	cg01526748
1416	cg01527307
1417	cg01528542
1418	cg01529092
1419	cg01529637
1420	cg01530283
1421	cg01531262
1422	cg01532168
1423	cg01532172
1424	cg01532436
1425	cg01532582
1426	cg01534363
1427	cg01534887
1428	cg01535080
1429	cg01536010
1430	cg01537995
1431	cg01538166
1432	cg01539206
1433	cg01540358
1434	cg01542019
1435	cg01542087
1436	cg01542644
1437	cg01542719
1438	cg01544580
1439	cg01547344
1440	cg01547550
1441	cg01549315
1442	cg01550716
1443	cg01550828
1444	cg01552919
1445	cg01554316
1446	cg01554474
1447	cg01557027
1448	cg01557147
1449	cg01557547
1450	cg01557754
1451	cg01558040
1452	cg01558110
1453	cg01560871
1454	cg01560972
1455	cg01562537
1456	cg01563071
1457	cg01564693
1458	cg01566472
1459	cg01568522
1460	cg01570885
1461	cg01571001
1462	cg01577414
1463	cg01579001
1464	cg01579019
1465	cg01579218
1466	cg01579765
1467	cg01580568
1468	cg01580888
1469	cg01581763
1470	cg01584473
1471	cg01585030
1472	cg01585860
1473	cg01586330
1474	cg01587662
1475	cg01587896
1476	cg01588581
1477	cg01589760
1478	cg01589860
1479	cg01590762
1480	cg01591579
1481	cg01594262
1482	cg01594316
1483	cg01595397
1484	cg01597398
1485	cg01597480
1486	cg01597604
1487	cg01598421
1488	cg01600782
1489	cg01601198
1490	cg01601306
1491	cg01603290
1492	cg01603456
1493	cg01603921
1494	cg01606057
1495	cg01606885
1496	cg01607849
1497	cg01610165
1498	cg01611548
1499	cg01612140
1500	cg01612660
1501	cg01613638
1502	cg01614102
1503	cg01614478
1504	cg01614597
1505	cg01615119
1506	cg01615339
1507	cg01615475
1508	cg01616394
1509	cg01616440
1510	cg01618914
1511	cg01619129
1512	cg01620164
1513	cg01620410
1514	cg01620580
1515	cg01621716
1516	cg01623187
1517	cg01624571
1518	cg01626227
1519	cg01627181
1520	cg01628905
1521	cg01630588
1522	cg01631333
1523	cg01632288
1524	cg01634146
1525	cg01634275
1526	cg01635346
1527	cg01635555
1528	cg01637125
1529	cg01638369
1530	cg01639032
1531	cg01639416
1532	cg01640325
1533	cg01640660
1534	cg01641177
1535	cg01641432
1536	cg01641620
1537	cg01644850
1538	cg01647632
1539	cg01651821
1540	cg01651915
1541	cg01655150
1542	cg01656216
1543	cg01656853
1544	cg01658265
1545	cg01658815
1546	cg01659184
1547	cg01666600
1548	cg01667133
1549	cg01667384
1550	cg01669244
1551	cg01670677
1552	cg01671681
1553	cg01675895
1554	cg01676322
1555	cg01676439
1556	cg01676795
1557	cg01677834
1558	cg01678172
1559	cg01678292
1560	cg01679225
1561	cg01679364
1562	cg01681193
1563	cg01682285
1564	cg01682682
1565	cg01682784
1566	cg01684629
1567	cg01686177
1568	cg01686522
1569	cg01687401
1570	cg01687862
1571	cg01687878
1572	cg01688202
1573	cg01689657
1574	cg01689796
1575	cg01690062
1576	cg01691182
1577	cg01691194
1578	cg01695620
1579	cg01695994
1580	cg01697487
1581	cg01697732
1582	cg01697865
1583	cg01698540
1584	cg01699217
1585	cg01699630
1586	cg01700358
1587	cg01701634
1588	cg01702009
1589	cg01704252
1590	cg01704290
1591	cg01704999
1592	cg01705888
1593	cg01707820
1594	cg01708387
1595	cg01709677
1596	cg01710886
1597	cg01711322
1598	cg01715455
1599	cg01716061
1600	cg01718116
1601	cg01718742
1602	cg01719210
1603	cg01719904
1604	cg01720533
1605	cg01721313
1606	cg01722932
1607	cg01723606
1608	cg01724838
1609	cg01725474
1610	cg01728951
1611	cg01733783
1612	cg01734112
1613	cg01735082
1614	cg01736243
1615	cg01738359
1616	cg01738984
1617	cg01739167
1618	cg01739960
1619	cg01740695
1620	cg01740766
1621	cg01742627
1622	cg01744005
1623	cg01745370
1624	cg01746044
1625	cg01747664
1626	cg01748414
1627	cg01748892
1628	cg01749569
1629	cg01749662
1630	cg01749742
1631	cg01751802
1632	cg01752203
1633	cg01753176
1634	cg01756461
1635	cg01756902
1636	cg01757168
1637	cg01757206
1638	cg01758899
1639	cg01760756
1640	cg01762785
1641	cg01763090
1642	cg01766908
1643	cg01766963
1644	cg01767396
1645	cg01768131
1646	cg01768926
1647	cg01770362
1648	cg01773685
1649	cg01773760
1650	cg01775612
1651	cg01777121
1652	cg01777372
1653	cg01777403
1654	cg01777586
1655	cg01777672
1656	cg01777861
1657	cg01779220
1658	cg01779525
1659	cg01781617
1660	cg01783070
1661	cg01783841
1662	cg01785046
1663	cg01785233
1664	cg01786048
1665	cg01786675
1666	cg01787285
1667	cg01787798
1668	cg01788444
1669	cg01788773
1670	cg01788994
1671	cg01789004
1672	cg01789980
1673	cg01790032
1674	cg01790498
1675	cg01791648
1676	cg01791778
1677	cg01792616
1678	cg01794235
1679	cg01794929
1680	cg01795081
1681	cg01795776
1682	cg01795886
1683	cg01797488
1684	cg01798157
1685	cg01798250
1686	cg01798813
1687	cg01799856
1688	cg01802043
1689	cg01802397
1690	cg01804934
1691	cg01808739
1692	cg01813334
1693	cg01813672
1694	cg01814098
1695	cg01816748
1696	cg01816768
1697	cg01817885
1698	cg01817897
1699	cg01818539
1700	cg01819142
1701	cg01819568
1702	cg01820374
1703	cg01820962
1704	cg01821018
1705	cg01823956
1706	cg01824466
1707	cg01824511
1708	cg01825213
1709	cg01827202
1710	cg01827571
1711	cg01829657
1712	cg01830294
1713	cg01831904
1714	cg01832549
1715	cg01833485
1716	cg01835620
1717	cg01837113
1718	cg01838544
1719	cg01839657
1720	cg01841762
1721	cg01841825
1722	cg01843034
1723	cg01844176
1724	cg01844642
1725	cg01845244
1726	cg01846776
1727	cg01847441
1728	cg01848115
1729	cg01849284
1730	cg01854776
1731	cg01856529
1732	cg01859739
1733	cg01860753
1734	cg01863398
1735	cg01868546
1736	cg01868782
1737	cg01869067
1738	cg01870058
1739	cg01871408
1740	cg01871427
1741	cg01872872
1742	cg01873645
1743	cg01873886
1744	cg01876338
1745	cg01876548
1746	cg01877606
1747	cg01880320
1748	cg01881899
1749	cg01881966
1750	cg01883195
1751	cg01883408
1752	cg01883635
1753	cg01884240
1754	cg01884522
1755	cg01885071
1756	cg01885635
1757	cg01889025
1758	cg01889237
1759	cg01892695
1760	cg01893721
1761	cg01894844
1762	cg01895890
1763	cg01896085
1764	cg01898222
1765	cg01899130
1766	cg01899318
1767	cg01899542
1768	cg01900832
1769	cg01901101
1770	cg01902704
1771	cg01904393
1772	cg01904410
1773	cg01904977
1774	cg01905210
1775	cg01907837
1776	cg01907945
1777	cg01909487
1778	cg01909656
1779	cg01909777
1780	cg01914776
1781	cg01918706
1782	cg01918888
1783	cg01920382
1784	cg01923073
1785	cg01923218
1786	cg01923690
1787	cg01923692
1788	cg01924448
1789	cg01927000
1790	cg01930621
1791	cg01930746
1792	cg01932197
1793	cg01932247
1794	cg01933695
1795	cg01934596
1796	cg01936122
1797	cg01936220
1798	cg01937601
1799	cg01937650
1800	cg01939428
1801	cg01939962
1802	cg01940273
1803	cg01943692
1804	cg01943873
1805	cg01945641
1806	cg01946364
1807	cg01946401
1808	cg01947787
1809	cg01948062
1810	cg01949324
1811	cg01949403
1812	cg01950192
1813	cg01951459
1814	cg01953390
1815	cg01954140
1816	cg01955153
1817	cg01956624
1818	cg01957732
1819	cg01957768
1820	cg01958723
1821	cg01959004
1822	cg01959050
1823	cg01959123
1824	cg01960128
1825	cg01960979
1826	cg01962969
1827	cg01963189
1828	cg01964004
1829	cg01964774
1830	cg01964856
1831	cg01966117
1832	cg01966334
1833	cg01966974
1834	cg01968178
1835	cg01968793
1836	cg01971089
1837	cg01974375
1838	cg01975495
1839	cg01975510
1840	cg01975858
1841	cg01976726
1842	cg01978064
1843	cg01979105
1844	cg01979888
1845	cg01980115
1846	cg01981181
1847	cg01982516
1848	cg01983216
1849	cg01984743
1850	cg01986630
1851	cg01988129
1852	cg01988325
1853	cg01994328
1854	cg01995821
1855	cg01995938
1856	cg01996116
1857	cg01997410
1858	cg01999608
1859	cg02001279
1860	cg02001410
1861	cg02001991
1862	cg02004418
1863	cg02004723
1864	cg02004823
1865	cg02006324
1866	cg02007480
1867	cg02007606
1868	cg02008416
1869	cg02008627
1870	cg02010347
1871	cg02010447
1872	cg02011723
1873	cg02012043
1874	cg02012338
1875	cg02012483
1876	cg02013714
1877	cg02014334
1878	cg02015961
1879	cg02016130
1880	cg02016195
1881	cg02016419
1882	cg02017015
1883	cg02017450
1884	cg02017534
1885	cg02018089
1886	cg02018277
1887	cg02018902
1888	cg02019495
1889	cg02019988
1890	cg02020969
1891	cg02021288
1892	cg02021559
1893	cg02022733
1894	cg02023728
1895	cg02024433
1896	cg02025136
1897	cg02025737
1898	cg02025827
1899	cg02027561
1900	cg02028423
1901	cg02030270
1902	cg02030628
1903	cg02031359
1904	cg02031423
1905	cg02031634
1906	cg02033213
1907	cg02036261
1908	cg02037503
1909	cg02037910
1910	cg02040705
1911	cg02041470
1912	cg02042310
1913	cg02043791
1914	cg02044219
1915	cg02045948
1916	cg02046143
1917	cg02046532
1918	cg02046881
1919	cg02047577
1920	cg02047661
1921	cg02048807
1922	cg02049405
1923	cg02050915
1924	cg02053792
1925	cg02054358
1926	cg02055264
1927	cg02056682
1928	cg02057239
1929	cg02057343
1930	cg02057688
1931	cg02057943
1932	cg02058357
1933	cg02059055
1934	cg02059080
1935	cg02060460
1936	cg02060627
1937	cg02061130
1938	cg02061229
1939	cg02061804
1940	cg02066343
1941	cg02067491
1942	cg02068015
1943	cg02068596
1944	cg02069715
1945	cg02070677
1946	cg02071003
1947	cg02071292
1948	cg02071305
1949	cg02071579
1950	cg02071712
1951	cg02071825
1952	cg02075454
1953	cg02076100
1954	cg02078520
1955	cg02079413
1956	cg02079584
1957	cg02081065
1958	cg02085507
1959	cg02085953
1960	cg02086094
1961	cg02086195
1962	cg02087005
1963	cg02088403
1964	cg02088470
1965	cg02089135
1966	cg02089395
1967	cg02089745
1968	cg02090160
1969	cg02090569
1970	cg02091185
1971	cg02091275
1972	cg02093062
1973	cg02093708
1974	cg02093951
1975	cg02096507
1976	cg02096633
1977	cg02097604
1978	cg02097890
1979	cg02098413
1980	cg02098565
1981	cg02098999
1982	cg02099683
1983	cg02099699
1984	cg02100629
1985	cg02101201
1986	cg02102332
1987	cg02104130
1988	cg02105458
1989	cg02105519
1990	cg02106223
1991	cg02107279
1992	cg02113184
1993	cg02113429
1994	cg02113955
1995	cg02114264
1996	cg02115394
1997	cg02115397
1998	cg02116255
1999	cg02118627
2000	cg02119091
2001	cg02119363
2002	cg02119938
2003	cg02121547
2004	cg02129005
2005	cg02131130
2006	cg02132058
2007	cg02133624
2008	cg02135821
2009	cg02136620
2010	cg02137583
2011	cg02137970
2012	cg02138813
2013	cg02139965
2014	cg02142657
2015	cg02145668
2016	cg02149160
2017	cg02150207
2018	cg02150767
2019	cg02150820
2020	cg02150988
2021	cg02151301
2022	cg02151816
2023	cg02152233
2024	cg02153490
2025	cg02154074
2026	cg02156899
2027	cg02158063
2028	cg02159111
2029	cg02160530
2030	cg02160807
2031	cg02161761
2032	cg02162205
2033	cg02164561
2034	cg02165095
2035	cg02166010
2036	cg02166313
2037	cg02167322
2038	cg02167837
2039	cg02168857
2040	cg02171545
2041	cg02172058
2042	cg02176678
2043	cg02177087
2044	cg02181349
2045	cg02181968
2046	cg02184008
2047	cg02184540
2048	cg02185666
2049	cg02186542
2050	cg02186748
2051	cg02189786
2052	cg02192678
2053	cg02193806
2054	cg02194223
2055	cg02194396
2056	cg02195657
2057	cg02196294
2058	cg02197293
2059	cg02197387
2060	cg02197978
2061	cg02199397
2062	cg02199947
2063	cg02204442
2064	cg02204637
2065	cg02206259
2066	cg02206767
2067	cg02208432
2068	cg02208820
2069	cg02209075
2070	cg02210934
2071	cg02212173
2072	cg02212339
2073	cg02215171
2074	cg02216481
2075	cg02217063
2076	cg02217159
2077	cg02218090
2078	cg02218324
2079	cg02218884
2080	cg02219001
2081	cg02219949
2082	cg02220125
2083	cg02220491
2084	cg02224133
2085	cg02225060
2086	cg02225085
2087	cg02228185
2088	cg02229095
2089	cg02229382
2090	cg02229946
2091	cg02230376
2092	cg02230495
2093	cg02231211
2094	cg02232751
2095	cg02232863
2096	cg02234489
2097	cg02235529
2098	cg02237342
2099	cg02237629
2100	cg02238229
2101	cg02238461
2102	cg02243946
2103	cg02244028
2104	cg02244288
2105	cg02245467
2106	cg02245566
2107	cg02246225
2108	cg02247160
2109	cg02248037
2110	cg02249577
2111	cg02250263
2112	cg02250764
2113	cg02251663
2114	cg02252421
2115	cg02252742
2116	cg02254551
2117	cg02254885
2118	cg02256105
2119	cg02256455
2120	cg02260587
2121	cg02261346
2122	cg02264665
2123	cg02264895
2124	cg02265239
2125	cg02266500
2126	cg02266732
2127	cg02266736
2128	cg02267408
2129	cg02267698
2130	cg02268561
2131	cg02272457
2132	cg02272599
2133	cg02273647
2134	cg02275294
2135	cg02276763
2136	cg02281167
2137	cg02282640
2138	cg02283691
2139	cg02285386
2140	cg02286081
2141	cg02286155
2142	cg02286642
2143	cg02286717
2144	cg02288684
2145	cg02288791
2146	cg02290284
2147	cg02290460
2148	cg02291424
2149	cg02292263
2150	cg02294020
2151	cg02295678
2152	cg02295856
2153	cg02298956
2154	cg02300147
2155	cg02301528
2156	cg02301706
2157	cg02301740
2158	cg02305856
2159	cg02306162
2160	cg02307277
2161	cg02309431
2162	cg02309594
2163	cg02310103
2164	cg02311013
2165	cg02311374
2166	cg02311456
2167	cg02313836
2168	cg02314019
2169	cg02314852
2170	cg02315513
2171	cg02315732
2172	cg02315940
2173	cg02317299
2174	cg02318971
2175	cg02319782
2176	cg02320003
2177	cg02320083
2178	cg02322135
2179	cg02324006
2180	cg02324227
2181	cg02325250
2182	cg02325434
2183	cg02328239
2184	cg02328930
2185	cg02329576
2186	cg02330106
2187	cg02330121
2188	cg02331561
2189	cg02331910
2190	cg02332492
2191	cg02334987
2192	cg02335441
2193	cg02336364
2194	cg02337614
2195	cg02339182
2196	cg02339392
2197	cg02340018
2198	cg02340116
2199	cg02342887
2200	cg02344527
2201	cg02344868
2202	cg02344891
2203	cg02346342
2204	cg02346475
2205	cg02347989
2206	cg02348726
2207	cg02349066
2208	cg02351925
2209	cg02352369
2210	cg02353258
2211	cg02354563
2212	cg02355112
2213	cg02355183
2214	cg02355868
2215	cg02356786
2216	cg02357404
2217	cg02357838
2218	cg02358664
2219	cg02360514
2220	cg02361878
2221	cg02361903
2222	cg02363934
2223	cg02364438
2224	cg02364642
2225	cg02365514
2226	cg02366228
2227	cg02366988
2228	cg02371401
2229	cg02372056
2230	cg02372745
2231	cg02372905
2232	cg02373784
2233	cg02375669
2234	cg02376097
2235	cg02376282
2236	cg02378208
2237	cg02379107
2238	cg02380595
2239	cg02381390
2240	cg02382878
2241	cg02383785
2242	cg02384170
2243	cg02384661
2244	cg02386155
2245	cg02387613
2246	cg02388150
2247	cg02388882
2248	cg02391441
2249	cg02392359
2250	cg02392915
2251	cg02393721
2252	cg02393727
2253	cg02395454
2254	cg02397497
2255	cg02398106
2256	cg02399044
2257	cg02399249
2258	cg02399571
2259	cg02401614
2260	cg02402091
2261	cg02402946
2262	cg02403171
2263	cg02403541
2264	cg02403883
2265	cg02405128
2266	cg02405476
2267	cg02407848
2268	cg02409125
2269	cg02413776
2270	cg02414626
2271	cg02415029
2272	cg02415341
2273	cg02415779
2274	cg02415963
2275	cg02418648
2276	cg02422265
2277	cg02423064
2278	cg02426178
2279	cg02426324
2280	cg02428100
2281	cg02434059
2282	cg02435538
2283	cg02436272
2284	cg02436969
2285	cg02437493
2286	cg02441474
2287	cg02441556
2288	cg02441647
2289	cg02441694
2290	cg02443129
2291	cg02444300
2292	cg02446475
2293	cg02447115
2294	cg02447257
2295	cg02448244
2296	cg02449762
2297	cg02450064
2298	cg02451831
2299	cg02452500
2300	cg02453726
2301	cg02455346
2302	cg02456087
2303	cg02456782
2304	cg02458846
2305	cg02459042
2306	cg02459866
2307	cg02461114
2308	cg02462416
2309	cg02462487
2310	cg02463440
2311	cg02464555
2312	cg02464608
2313	cg02466947
2314	cg02467537
2315	cg02469790
2316	cg02470045
2317	cg02470959
2318	cg02473540
2319	cg02473606
2320	cg02474352
2321	cg02476543
2322	cg02477165
2323	cg02478023
2324	cg02478379
2325	cg02478589
2326	cg02479575
2327	cg02480835
2328	cg02481256
2329	cg02482233
2330	cg02483735
2331	cg02483931
2332	cg02485566
2333	cg02486497
2334	cg02489108
2335	cg02489157
2336	cg02489552
2337	cg02489685
2338	cg02490516
2339	cg02491557
2340	cg02491701
2341	cg02491905
2342	cg02492818
2343	cg02492920
2344	cg02493211
2345	cg02493487
2346	cg02493740
2347	cg02495310
2348	cg02495445
2349	cg02497428
2350	cg02499612
2351	cg02501779
2352	cg02501827
2353	cg02501978
2354	cg02502361
2355	cg02503970
2356	cg02504211
2357	cg02505117
2358	cg02505126
2359	cg02506275
2360	cg02514143
2361	cg02515033
2362	cg02517189
2363	cg02518222
2364	cg02519925
2365	cg02521050
2366	cg02523400
2367	cg02524236
2368	cg02525199
2369	cg02527881
2370	cg02531193
2371	cg02532488
2372	cg02532525
2373	cg02533235
2374	cg02533423
2375	cg02533491
2376	cg02533585
2377	cg02537108
2378	cg02537382
2379	cg02537948
2380	cg02538752
2381	cg02539082
2382	cg02539153
2383	cg02539682
2384	cg02540203
2385	cg02543075
2386	cg02544002
2387	cg02545583
2388	cg02546818
2389	cg02546829
2390	cg02549516
2391	cg02554246
2392	cg02555241
2393	cg02560388
2394	cg02561726
2395	cg02562900
2396	cg02563156
2397	cg02563952
2398	cg02564302
2399	cg02565196
2400	cg02567488
2401	cg02567958
2402	cg02567981
2403	cg02569613
2404	cg02571142
2405	cg02571857
2406	cg02574410
2407	cg02575937
2408	cg02576219
2409	cg02576394
2410	cg02576719
2411	cg02578470
2412	cg02578584
2413	cg02578944
2414	cg02580250
2415	cg02580606
2416	cg02580722
2417	cg02580820
2418	cg02581163
2419	cg02582848
2420	cg02582963
2421	cg02583151
2422	cg02583484
2423	cg02583525
2424	cg02583546
2425	cg02583589
2426	cg02585329
2427	cg02587153
2428	cg02587435
2429	cg02588277
2430	cg02589233
2431	cg02589695
2432	cg02590345
2433	cg02590366
2434	cg02591356
2435	cg02592062
2436	cg02593581
2437	cg02593958
2438	cg02595377
2439	cg02595575
2440	cg02595681
2441	cg02595851
2442	cg02596940
2443	cg02598071
2444	cg02598319
2445	cg02598773
2446	cg02603128
2447	cg02605776
2448	cg02606236
2449	cg02608602
2450	cg02609551
2451	cg02609848
2452	cg02610222
2453	cg02610438
2454	cg02610813
2455	cg02613108
2456	cg02613370
2457	cg02613418
2458	cg02615157
2459	cg02615905
2460	cg02622052
2461	cg02622782
2462	cg02624377
2463	cg02625749
2464	cg02626395
2465	cg02626897
2466	cg02627240
2467	cg02629586
2468	cg02630207
2469	cg02631468
2470	cg02631957
2471	cg02632185
2472	cg02632890
2473	cg02633398
2474	cg02633924
2475	cg02634272
2476	cg02634584
2477	cg02635260
2478	cg02636222
2479	cg02642822
2480	cg02643387
2481	cg02645135
2482	cg02645970
2483	cg02646706
2484	cg02647842
2485	cg02650017
2486	cg02650266
2487	cg02651683
2488	cg02653521
2489	cg02654291
2490	cg02655711
2491	cg02656609
2492	cg02657611
2493	cg02660271
2494	cg02660347
2495	cg02662003
2496	cg02665570
2497	cg02666610
2498	cg02667103
2499	cg02669012
2500	cg02671421
2501	cg02677192
2502	cg02680932
2503	cg02683759
2504	cg02683869
2505	cg02687786
2506	cg02688359
2507	cg02688432
2508	cg02690256
2509	cg02690807
2510	cg02691005
2511	cg02691192
2512	cg02691360
2513	cg02692845
2514	cg02693157
2515	cg02693210
2516	cg02694676
2517	cg02695349
2518	cg02696428
2519	cg02697373
2520	cg02697654
2521	cg02698620
2522	cg02699218
2523	cg02703145
2524	cg02703627
2525	cg02703695
2526	cg02704502
2527	cg02705792
2528	cg02705918
2529	cg02707307
2530	cg02709834
2531	cg02711042
2532	cg02711397
2533	cg02711608
2534	cg02712555
2535	cg02713068
2536	cg02713563
2537	cg02713669
2538	cg02713801
2539	cg02714303
2540	cg02716826
2541	cg02717567
2542	cg02717887
2543	cg02719752
2544	cg02720566
2545	cg02721947
2546	cg02722637
2547	cg02723395
2548	cg02723533
2549	cg02723741
2550	cg02724496
2551	cg02725055
2552	cg02725269
2553	cg02726121
2554	cg02727079
2555	cg02727835
2556	cg02728263
2557	cg02728595
2558	cg02729030
2559	cg02730055
2560	cg02732777
2561	cg02734933
2562	cg02735472
2563	cg02735486
2564	cg02735685
2565	cg02737268
2566	cg02737288
2567	cg02737399
2568	cg02738617
2569	cg02738641
2570	cg02741305
2571	cg02741548
2572	cg02743713
2573	cg02745221
2574	cg02745784
2575	cg02747487
2576	cg02747822
2577	cg02748800
2578	cg02749804
2579	cg02749887
2580	cg02752133
2581	cg02754722
2582	cg02754945
2583	cg02755525
2584	cg02756939
2585	cg02758183
2586	cg02760293
2587	cg02761568
2588	cg02762115
2589	cg02762363
2590	cg02763101
2591	cg02763536
2592	cg02764897
2593	cg02767242
2594	cg02767634
2595	cg02767788
2596	cg02771117
2597	cg02771214
2598	cg02773041
2599	cg02773588
2600	cg02773698
2601	cg02774542
2602	cg02775404
2603	cg02776314
2604	cg02777885
2605	cg02779037
2606	cg02780017
2607	cg02780634
2608	cg02780919
2609	cg02782052
2610	cg02782857
2611	cg02784694
2612	cg02785222
2613	cg02789362
2614	cg02790372
2615	cg02790691
2616	cg02791145
2617	cg02793099
2618	cg02793507
2619	cg02794779
2620	cg02795076
2621	cg02795151
2622	cg02795629
2623	cg02796545
2624	cg02798181
2625	cg02798614
2626	cg02798848
2627	cg02799643
2628	cg02799934
2629	cg02802055
2630	cg02803228
2631	cg02803925
2632	cg02804100
2633	cg02805471
2634	cg02805612
2635	cg02807047
2636	cg02808427
2637	cg02809083
2638	cg02810156
2639	cg02810304
2640	cg02810967
2641	cg02811067
2642	cg02812036
2643	cg02812240
2644	cg02812647
2645	cg02813298
2646	cg02813863
2647	cg02815025
2648	cg02815692
2649	cg02816297
2650	cg02817030
2651	cg02818728
2652	cg02819828
2653	cg02821342
2654	cg02822381
2655	cg02823783
2656	cg02825527
2657	cg02826735
2658	cg02827075
2659	cg02827112
2660	cg02827977
2661	cg02828878
2662	cg02831419
2663	cg02836046
2664	cg02838492
2665	cg02840794
2666	cg02841844
2667	cg02841941
2668	cg02843237
2669	cg02844545
2670	cg02845673
2671	cg02847185
2672	cg02849766
2673	cg02851133
2674	cg02853322
2675	cg02853801
2676	cg02857142
2677	cg02859934
2678	cg02860240
2679	cg02861441
2680	cg02867102
2681	cg02869559
2682	cg02870946
2683	cg02871478
2684	cg02871659
2685	cg02872426
2686	cg02872491
2687	cg02872546
2688	cg02873885
2689	cg02874016
2690	cg02874376
2691	cg02875404
2692	cg02875740
2693	cg02876191
2694	cg02878461
2695	cg02880119
2696	cg02883604
2697	cg02884820
2698	cg02885543
2699	cg02886522
2700	cg02888131
2701	cg02889942
2702	cg02891686
2703	cg02895156
2704	cg02895582
2705	cg02895639
2706	cg02897366
2707	cg02897383
2708	cg02898821
2709	cg02900766
2710	cg02901139
2711	cg02901884
2712	cg02902102
2713	cg02902955
2714	cg02903680
2715	cg02904657
2716	cg02905828
2717	cg02905830
2718	cg02907425
2719	cg02907662
2720	cg02909927
2721	cg02910020
2722	cg02910281
2723	cg02910299
2724	cg02911960
2725	cg02912379
2726	cg02913089
2727	cg02914097
2728	cg02919116
2729	cg02920582
2730	cg02921845
2731	cg02922734
2732	cg02922871
2733	cg02924487
2734	cg02925268
2735	cg02927870
2736	cg02928509
2737	cg02928644
2738	cg02931526
2739	cg02932204
2740	cg02933139
2741	cg02933228
2742	cg02935272
2743	cg02936931
2744	cg02938172
2745	cg02940147
2746	cg02940989
2747	cg02941816
2748	cg02942825
2749	cg02946903
2750	cg02949067
2751	cg02949469
2752	cg02951357
2753	cg02952295
2754	cg02952809
2755	cg02954149
2756	cg02954562
2757	cg02954704
2758	cg02955354
2759	cg02955631
2760	cg02956519
2761	cg02957094
2762	cg02957632
2763	cg02960500
2764	cg02963381
2765	cg02963786
2766	cg02964724
2767	cg02965178
2768	cg02965290
2769	cg02965712
2770	cg02966722
2771	cg02967428
2772	cg02967610
2773	cg02968265
2774	cg02968537
2775	cg02969929
2776	cg02970861
2777	cg02972551
2778	cg02974659
2779	cg02975922
2780	cg02976574
2781	cg02978008
2782	cg02978414
2783	cg02980055
2784	cg02980621
2785	cg02980650
2786	cg02981001
2787	cg02981731
2788	cg02982734
2789	cg02983090
2790	cg02983424
2791	cg02985694
2792	cg02987388
2793	cg02987466
2794	cg02988727
2795	cg02991085
2796	cg02991799
2797	cg02993069
2798	cg02994956
2799	cg02995791
2800	cg02997497
2801	cg02997983
2802	cg02998018
2803	cg02998028
2804	cg03000305
2805	cg03000848
2806	cg03001484
2807	cg03002271
2808	cg03003919
2809	cg03007010
2810	cg03013422
2811	cg03014957
2812	cg03017946
2813	cg03019000
2814	cg03020006
2815	cg03020208
2816	cg03020916
2817	cg03020951
2818	cg03021329
2819	cg03021496
2820	cg03022050
2821	cg03024690
2822	cg03024854
2823	cg03025176
2824	cg03025337
2825	cg03025830
2826	cg03030984
2827	cg03032214
2828	cg03032497
2829	cg03034148
2830	cg03034634
2831	cg03034696
2832	cg03035419
2833	cg03035871
2834	cg03036592
2835	cg03037393
2836	cg03037620
2837	cg03039483
2838	cg03039990
2839	cg03040622
2840	cg03040821
2841	cg03041029
2842	cg03041038
2843	cg03043665
2844	cg03045425
2845	cg03045635
2846	cg03046819
2847	cg03048488
2848	cg03048535
2849	cg03050473
2850	cg03054277
2851	cg03054303
2852	cg03057079
2853	cg03058664
2854	cg03061518
2855	cg03065311
2856	cg03065476
2857	cg03067402
2858	cg03068431
2859	cg03068497
2860	cg03069736
2861	cg03069764
2862	cg03070922
2863	cg03071793
2864	cg03072568
2865	cg03072681
2866	cg03074663
2867	cg03076094
2868	cg03076824
2869	cg03077331
2870	cg03077533
2871	cg03078551
2872	cg03078743
2873	cg03079497
2874	cg03080043
2875	cg03086857
2876	cg03090572
2877	cg03091982
2878	cg03092551
2879	cg03092680
2880	cg03096347
2881	cg03098356
2882	cg03098721
2883	cg03098892
2884	cg03100063
2885	cg03102848
2886	cg03102881
2887	cg03102898
2888	cg03103192
2889	cg03104083
2890	cg03108070
2891	cg03110633
2892	cg03111404
2893	cg03111498
2894	cg03112518
2895	cg03112631
2896	cg03112869
2897	cg03112887
2898	cg03114253
2899	cg03117976
2900	cg03119829
2901	cg03120116
2902	cg03122674
2903	cg03126799
2904	cg03127558
2905	cg03128832
2906	cg03131527
2907	cg03132166
2908	cg03132729
2909	cg03135515
2910	cg03135912
2911	cg03135975
2912	cg03138405
2913	cg03140480
2914	cg03140521
2915	cg03140968
2916	cg03141090
2917	cg03142586
2918	cg03142697
2919	cg03143925
2920	cg03145583
2921	cg03146625
2922	cg03149128
2923	cg03149699
2924	cg03149773
2925	cg03152187
2926	cg03153178
2927	cg03154226
2928	cg03155027
2929	cg03159660
2930	cg03160135
2931	cg03162143
2932	cg03162314
2933	cg03162820
2934	cg03163545
2935	cg03164928
2936	cg03165014
2937	cg03165098
2938	cg03165176
2939	cg03166265
2940	cg03167275
2941	cg03167944
2942	cg03167948
2943	cg03168508
2944	cg03168886
2945	cg03169767
2946	cg03172657
2947	cg03172796
2948	cg03172991
2949	cg03173502
2950	cg03173827
2951	cg03174876
2952	cg03176729
2953	cg03177464
2954	cg03177551
2955	cg03179540
2956	cg03180819
2957	cg03181582
2958	cg03183541
2959	cg03183882
2960	cg03184290
2961	cg03185524
2962	cg03186149
2963	cg03186975
2964	cg03188793
2965	cg03190844
2966	cg03190891
2967	cg03191889
2968	cg03192551
2969	cg03192598
2970	cg03192897
2971	cg03193322
2972	cg03194122
2973	cg03196097
2974	cg03199366
2975	cg03199651
2976	cg03203114
2977	cg03204600
2978	cg03208825
2979	cg03208951
2980	cg03210257
2981	cg03210340
2982	cg03212451
2983	cg03213833
2984	cg03214087
2985	cg03214130
2986	cg03215416
2987	cg03218374
2988	cg03221998
2989	cg03223959
2990	cg03224418
2991	cg03225882
2992	cg03226203
2993	cg03226218
2994	cg03227963
2995	cg03230038
2996	cg03230469
2997	cg03230916
2998	cg03231447
2999	cg03231735
3000	cg03232933
3001	cg03233656
3002	cg03234186
3003	cg03234777
3004	cg03236137
3005	cg03236328
3006	cg03237342
3007	cg03239861
3008	cg03239925
3009	cg03241244
3010	cg03242905
3011	cg03242984
3012	cg03243895
3013	cg03251918
3014	cg03252700
3015	cg03253309
3016	cg03253449
3017	cg03254601
3018	cg03254865
3019	cg03255113
3020	cg03256090
3021	cg03257743
3022	cg03258472
3023	cg03259703
3024	cg03260211
3025	cg03261347
3026	cg03261929
3027	cg03264110
3028	cg03265495
3029	cg03265671
3030	cg03267026
3031	cg03267167
3032	cg03267511
3033	cg03269050
3034	cg03270167
3035	cg03270204
3036	cg03271007
3037	cg03274876
3038	cg03275375
3039	cg03276920
3040	cg03277049
3041	cg03277268
3042	cg03278795
3043	cg03280886
3044	cg03281139
3045	cg03281561
3046	cg03283134
3047	cg03283486
3048	cg03284117
3049	cg03284554
3050	cg03285763
3051	cg03286774
3052	cg03286783
3053	cg03286833
3054	cg03287579
3055	cg03287877
3056	cg03287936
3057	cg03290514
3058	cg03290530
3059	cg03291825
3060	cg03292213
3061	cg03292675
3062	cg03294557
3063	cg03294619
3064	cg03295554
3065	cg03296283
3066	cg03297163
3067	cg03299990
3068	cg03301058
3069	cg03303325
3070	cg03306486
3071	cg03307749
3072	cg03307911
3073	cg03307958
3074	cg03309252
3075	cg03310376
3076	cg03310469
3077	cg03312117
3078	cg03312406
3079	cg03315054
3080	cg03315215
3081	cg03315230
3082	cg03316614
3083	cg03318469
3084	cg03318654
3085	cg03318695
3086	cg03318904
3087	cg03320087
3088	cg03320248
3089	cg03321349
3090	cg03322338
3091	cg03323067
3092	cg03327570
3093	cg03328485
3094	cg03330058
3095	cg03331259
3096	cg03331387
3097	cg03331473
3098	cg03335125
3099	cg03335262
3100	cg03336167
3101	cg03337277
3102	cg03338903
3103	cg03340261
3104	cg03340398
3105	cg03340878
3106	cg03341064
3107	cg03342084
3108	cg03344031
3109	cg03345116
3110	cg03345668
3111	cg03348540
3112	cg03349184
3113	cg03349407
3114	cg03349935
3115	cg03350900
3116	cg03352106
3117	cg03352438
3118	cg03353885
3119	cg03354772
3120	cg03356172
3121	cg03357650
3122	cg03358468
3123	cg03359964
3124	cg03360992
3125	cg03361973
3126	cg03363289
3127	cg03364683
3128	cg03365491
3129	cg03366574
3130	cg03370360
3131	cg03370704
3132	cg03370924
3133	cg03375679
3134	cg03377878
3135	cg03379131
3136	cg03386722
3137	cg03387497
3138	cg03388293
3139	cg03388493
3140	cg03389890
3141	cg03390211
3142	cg03393241
3143	cg03394401
3144	cg03394722
3145	cg03395275
3146	cg03396826
3147	cg03399028
3148	cg03399905
3149	cg03400002
3150	cg03400403
3151	cg03400695
3152	cg03404662
3153	cg03404796
3154	cg03405302
3155	cg03405983
3156	cg03406131
3157	cg03407441
3158	cg03409187
3159	cg03414321
3160	cg03415429
3161	cg03415742
3162	cg03421046
3163	cg03421353
3164	cg03421687
3165	cg03423767
3166	cg03424844
3167	cg03426198
3168	cg03427564
3169	cg03428945
3170	cg03429643
3171	cg03429644
3172	cg03429689
3173	cg03430846
3174	cg03431064
3175	cg03431111
3176	cg03431846
3177	cg03431918
3178	cg03433048
3179	cg03433260
3180	cg03435264
3181	cg03436478
3182	cg03438101
3183	cg03438305
3184	cg03440125
3185	cg03440556
3186	cg03441945
3187	cg03443112
3188	cg03443360
3189	cg03444340
3190	cg03444800
3191	cg03446062
3192	cg03446427
3193	cg03446608
3194	cg03449315
3195	cg03450635
3196	cg03450948
3197	cg03451788
3198	cg03454094
3199	cg03454353
3200	cg03454541
3201	cg03460603
3202	cg03461391
3203	cg03463778
3204	cg03464229
3205	cg03464336
3206	cg03464371
3207	cg03465782
3208	cg03465894
3209	cg03466124
3210	cg03466198
3211	cg03466525
3212	cg03467555
3213	cg03468827
3214	cg03469617
3215	cg03470149
3216	cg03470597
3217	cg03472888
3218	cg03473016
3219	cg03473127
3220	cg03473532
3221	cg03476291
3222	cg03476760
3223	cg03477252
3224	cg03477609
3225	cg03482387
3226	cg03482851
3227	cg03484180
3228	cg03485066
3229	cg03486383
3230	cg03486485
3231	cg03487276
3232	cg03490157
3233	cg03490200
3234	cg03490300
3235	cg03490567
3236	cg03493032
3237	cg03493146
3238	cg03494277
3239	cg03494797
3240	cg03497652
3241	cg03498697
3242	cg03500056
3243	cg03502767
3244	cg03502812
3245	cg03502889
3246	cg03503905
3247	cg03506489
3248	cg03507218
3249	cg03507326
3250	cg03508235
3251	cg03511588
3252	cg03515869
3253	cg03515927
3254	cg03516335
3255	cg03517476
3256	cg03517570
3257	cg03517776
3258	cg03517918
3259	cg03518311
3260	cg03519011
3261	cg03520471
3262	cg03520837
3263	cg03521737
3264	cg03522107
3265	cg03524223
3266	cg03525069
3267	cg03526776
3268	cg03526964
3269	cg03527353
3270	cg03527802
3271	cg03528345
3272	cg03530260
3273	cg03532709
3274	cg03533005
3275	cg03533294
3276	cg03534375
3277	cg03534847
3278	cg03535648
3279	cg03537184
3280	cg03537591
3281	cg03537872
3282	cg03543893
3283	cg03545227
3284	cg03545548
3285	cg03545575
3286	cg03545643
3287	cg03546163
3288	cg03546977
3289	cg03548085
3290	cg03549618
3291	cg03549735
3292	cg03550951
3293	cg03552151
3294	cg03553407
3295	cg03554174
3296	cg03555227
3297	cg03555424
3298	cg03556366
3299	cg03556458
3300	cg03557698
3301	cg03557835
3302	cg03558379
3303	cg03558769
3304	cg03559454
3305	cg03562186
3306	cg03563354
3307	cg03564272
3308	cg03564455
3309	cg03565081
3310	cg03565323
3311	cg03565475
3312	cg03565659
3313	cg03566107
3314	cg03566719
3315	cg03568017
3316	cg03568305
3317	cg03570496
3318	cg03572680
3319	cg03573179
3320	cg03573446
3321	cg03574306
3322	cg03574652
3323	cg03577655
3324	cg03578041
3325	cg03578464
3326	cg03580331
3327	cg03582691
3328	cg03583050
3329	cg03584351
3330	cg03588357
3331	cg03588998
3332	cg03589001
3333	cg03591753
3334	cg03593550
3335	cg03594801
3336	cg03597699
3337	cg03598731
3338	cg03602880
3339	cg03603214
3340	cg03603381
3341	cg03603951
3342	cg03603997
3343	cg03604011
3344	cg03604110
3345	cg03604172
3346	cg03604424
3347	cg03604842
3348	cg03605454
3349	cg03606898
3350	cg03607117
3351	cg03607359
3352	cg03607513
3353	cg03607825
3354	cg03607951
3355	cg03610228
3356	cg03611750
3357	cg03613618
3358	cg03614721
3359	cg03616722
3360	cg03617456
3361	cg03617826
3362	cg03619256
3363	cg03619761
3364	cg03622371
3365	cg03623878
3366	cg03625261
3367	cg03625415
3368	cg03626672
3369	cg03628719
3370	cg03631065
3371	cg03631509
3372	cg03633073
3373	cg03633114
3374	cg03633574
3375	cg03634479
3376	cg03634778
3377	cg03635646
3378	cg03636183
3379	cg03637218
3380	cg03638567
3381	cg03638795
3382	cg03639603
3383	cg03639671
3384	cg03639897
3385	cg03639917
3386	cg03640807
3387	cg03641033
3388	cg03641066
3389	cg03641134
3390	cg03641849
3391	cg03642431
3392	cg03642695
3393	cg03643998
3394	cg03646189
3395	cg03646329
3396	cg03646542
3397	cg03648784
3398	cg03650665
3399	cg03651613
3400	cg03652715
3401	cg03654166
3402	cg03655174
3403	cg03656086
3404	cg03660500
3405	cg03660603
3406	cg03663120
3407	cg03664992
3408	cg03667040
3409	cg03667422
3410	cg03667544
3411	cg03667819
3412	cg03668418
3413	cg03668579
3414	cg03669147
3415	cg03670162
3416	cg03671431
3417	cg03671597
3418	cg03672117
3419	cg03673894
3420	cg03674157
3421	cg03674826
3422	cg03678098
3423	cg03678138
3424	cg03681341
3425	cg03682690
3426	cg03682823
3427	cg03682895
3428	cg03683171
3429	cg03684591
3430	cg03684893
3431	cg03686455
3432	cg03688058
3433	cg03688818
3434	cg03688854
3435	cg03694580
3436	cg03699074
3437	cg03700308
3438	cg03701930
3439	cg03702497
3440	cg03703325
3441	cg03706056
3442	cg03706376
3443	cg03707967
3444	cg03708153
3445	cg03710354
3446	cg03710860
3447	cg03714531
3448	cg03717151
3449	cg03717364
3450	cg03717616
3451	cg03719040
3452	cg03719092
3453	cg03720617
3454	cg03721293
3455	cg03723356
3456	cg03723510
3457	cg03724062
3458	cg03724882
3459	cg03725293
3460	cg03725309
3461	cg03726640
3462	cg03726693
3463	cg03727673
3464	cg03729128
3465	cg03729251
3466	cg03729276
3467	cg03730314
3468	cg03730474
3469	cg03730703
3470	cg03730709
3471	cg03732007
3472	cg03732020
3473	cg03733278
3474	cg03734594
3475	cg03734874
3476	cg03735077
3477	cg03735576
3478	cg03735592
3479	cg03736795
3480	cg03737774
3481	cg03738328
3482	cg03738384
3483	cg03738853
3484	cg03739265
3485	cg03739378
3486	cg03739470
3487	cg03741653
3488	cg03743982
3489	cg03746015
3490	cg03746976
3491	cg03748503
3492	cg03749198
3493	cg03753191
3494	cg03753454
3495	cg03754128
3496	cg03755052
3497	cg03755535
3498	cg03756448
3499	cg03756940
3500	cg03759773
3501	cg03760035
3502	cg03760191
3503	cg03760483
3504	cg03761216
3505	cg03761859
3506	cg03763077
3507	cg03763997
3508	cg03764506
3509	cg03766449
3510	cg03767531
3511	cg03767970
3512	cg03770575
3513	cg03771840
3514	cg03772063
3515	cg03772108
3516	cg03772253
3517	cg03773820
3518	cg03773862
3519	cg03776464
3520	cg03776551
3521	cg03776935
3522	cg03777083
3523	cg03778594
3524	cg03778669
3525	cg03778809
3526	cg03780701
3527	cg03782727
3528	cg03783393
3529	cg03783925
3530	cg03786165
3531	cg03787711
3532	cg03788004
3533	cg03788227
3534	cg03788610
3535	cg03789420
3536	cg03790908
3537	cg03794981
3538	cg03795574
3539	cg03796580
3540	cg03799378
3541	cg03799405
3542	cg03800252
3543	cg03803177
3544	cg03803818
3545	cg03804621
3546	cg03805684
3547	cg03805769
3548	cg03807873
3549	cg03808001
3550	cg03808925
3551	cg03810165
3552	cg03810608
3553	cg03810769
3554	cg03811952
3555	cg03814644
3556	cg03814872
3557	cg03814957
3558	cg03817667
3559	cg03817794
3560	cg03818055
3561	cg03819692
3562	cg03819713
3563	cg03820088
3564	cg03822645
3565	cg03823084
3566	cg03826252
3567	cg03826642
3568	cg03827386
3569	cg03827626
3570	cg03832440
3571	cg03834467
3572	cg03834906
3573	cg03836586
3574	cg03838823
3575	cg03839074
3576	cg03839949
3577	cg03840504
3578	cg03843656
3579	cg03844971
3580	cg03845289
3581	cg03847470
3582	cg03847705
3583	cg03848483
3584	cg03848890
3585	cg03850117
3586	cg03852963
3587	cg03854598
3588	cg03855955
3589	cg03856973
3590	cg03857047
3591	cg03857640
3592	cg03858152
3593	cg03858663
3594	cg03860256
3595	cg03860580
3596	cg03864121
3597	cg03864215
3598	cg03865018
3599	cg03865257
3600	cg03865524
3601	cg03866836
3602	cg03867429
3603	cg03867465
3604	cg03868770
3605	cg03868978
3606	cg03869874
3607	cg03871460
3608	cg03874199
3609	cg03874868
3610	cg03875091
3611	cg03877020
3612	cg03877680
3613	cg03879000
3614	cg03879180
3615	cg03879902
3616	cg03880841
3617	cg03882242
3618	cg03882270
3619	cg03882437
3620	cg03883502
3621	cg03885664
3622	cg03887094
3623	cg03887528
3624	cg03890268
3625	cg03890680
3626	cg03890691
3627	cg03891319
3628	cg03893150
3629	cg03894990
3630	cg03895593
3631	cg03895857
3632	cg03897139
3633	cg03897456
3634	cg03897897
3635	cg03898602
3636	cg03899054
3637	cg03899215
3638	cg03900492
3639	cg03900798
3640	cg03900851
3641	cg03902729
3642	cg03905052
3643	cg03905757
3644	cg03905795
3645	cg03906071
3646	cg03906843
3647	cg03907390
3648	cg03913278
3649	cg03913456
3650	cg03913792
3651	cg03914820
3652	cg03915012
3653	cg03920003
3654	cg03920999
3655	cg03921357
3656	cg03922834
3657	cg03923277
3658	cg03923640
3659	cg03923850
3660	cg03926598
3661	cg03927472
3662	cg03927812
3663	cg03929796
3664	cg03929825
3665	cg03930209
3666	cg03930369
3667	cg03932361
3668	cg03932398
3669	cg03934392
3670	cg03938777
3671	cg03939352
3672	cg03940776
3673	cg03942000
3674	cg03944314
3675	cg03945800
3676	cg03945948
3677	cg03946645
3678	cg03946923
3679	cg03946955
3680	cg03947362
3681	cg03948781
3682	cg03950121
3683	cg03950166
3684	cg03950599
3685	cg03951603
3686	cg03952533
3687	cg03954991
3688	cg03955530
3689	cg03955589
3690	cg03956353
3691	cg03957108
3692	cg03958078
3693	cg03958744
3694	cg03958979
3695	cg03959465
3696	cg03960747
3697	cg03961824
3698	cg03962027
3699	cg03963689
3700	cg03963853
3701	cg03965044
3702	cg03966449
3703	cg03967756
3704	cg03970588
3705	cg03970609
3706	cg03974689
3707	cg03974717
3708	cg03975694
3709	cg03976543
3710	cg03977782
3711	cg03978169
3712	cg03978579
3713	cg03979241
3714	cg03979510
3715	cg03980370
3716	cg03981074
3717	cg03981535
3718	cg03982676
3719	cg03982831
3720	cg03982897
3721	cg03983058
3722	cg03984347
3723	cg03984405
3724	cg03984502
3725	cg03984633
3726	cg03985019
3727	cg03985801
3728	cg03986400
3729	cg03987653
3730	cg03988540
3731	cg03989020
3732	cg03990139
3733	cg03990195
3734	cg03991512
3735	cg03991547
3736	cg03994477
3737	cg03995300
3738	cg03995615
3739	cg03996398
3740	cg03996581
3741	cg03997502
3742	cg03997517
3743	cg03998338
3744	cg03999130
3745	cg04000281
3746	cg04000927
3747	cg04001333
3748	cg04003505
3749	cg04004158
3750	cg04005032
3751	cg04006042
3752	cg04006913
3753	cg04007726
3754	cg04007936
3755	cg04008888
3756	cg04009588
3757	cg04011357
3758	cg04011474
3759	cg04012082
3760	cg04012797
3761	cg04013159
3762	cg04014062
3763	cg04014686
3764	cg04014889
3765	cg04016621
3766	cg04017533
3767	cg04017672
3768	cg04018738
3769	cg04025518
3770	cg04027043
3771	cg04027548
3772	cg04028616
3773	cg04030848
3774	cg04031134
3775	cg04031656
3776	cg04033835
3777	cg04035133
3778	cg04035553
3779	cg04035728
3780	cg04035828
3781	cg04036898
3782	cg04038163
3783	cg04042468
3784	cg04042861
3785	cg04045079
3786	cg04046889
3787	cg04046945
3788	cg04047276
3789	cg04048392
3790	cg04048557
3791	cg04051458
3792	cg04051518
3793	cg04052235
3794	cg04053045
3795	cg04055211
3796	cg04055490
3797	cg04055913
3798	cg04060128
3799	cg04060163
3800	cg04063339
3801	cg04063345
3802	cg04064028
3803	cg04064054
3804	cg04065297
3805	cg04065686
3806	cg04066147
3807	cg04068844
3808	cg04071487
3809	cg04072597
3810	cg04077800
3811	cg04078601
3812	cg04078896
3813	cg04080282
3814	cg04081402
3815	cg04082721
3816	cg04083234
3817	cg04084157
3818	cg04084236
3819	cg04085707
3820	cg04085767
3821	cg04086445
3822	cg04086778
3823	cg04087102
3824	cg04087608
3825	cg04087729
3826	cg04087740
3827	cg04088674
3828	cg04090392
3829	cg04091063
3830	cg04092747
3831	cg04092800
3832	cg04094160
3833	cg04094640
3834	cg04095327
3835	cg04097289
3836	cg04100392
3837	cg04101015
3838	cg04102547
3839	cg04103761
3840	cg04104329
3841	cg04105250
3842	cg04105923
3843	cg04110105
3844	cg04111992
3845	cg04114754
3846	cg04115680
3847	cg04116545
3848	cg04118146
3849	cg04118306
3850	cg04120400
3851	cg04120413
3852	cg04120520
3853	cg04120546
3854	cg04121983
3855	cg04122287
3856	cg04122815
3857	cg04123310
3858	cg04123409
3859	cg04124466
3860	cg04124626
3861	cg04126584
3862	cg04126866
3863	cg04129308
3864	cg04131468
3865	cg04131524
3866	cg04131721
3867	cg04131969
3868	cg04132263
3869	cg04132418
3870	cg04134193
3871	cg04134399
3872	cg04135110
3873	cg04135242
3874	cg04135393
3875	cg04136456
3876	cg04136748
3877	cg04138721
3878	cg04138756
3879	cg04139849
3880	cg04141648
3881	cg04141796
3882	cg04142555
3883	cg04144218
3884	cg04145134
3885	cg04145275
3886	cg04145937
3887	cg04146745
3888	cg04147689
3889	cg04149172
3890	cg04149585
3891	cg04149978
3892	cg04152037
3893	cg04152294
3894	cg04152629
3895	cg04153822
3896	cg04154027
3897	cg04154142
3898	cg04154380
3899	cg04154465
3900	cg04154825
3901	cg04155630
3902	cg04157658
3903	cg04160343
3904	cg04162316
3905	cg04164058
3906	cg04164190
3907	cg04164838
3908	cg04167867
3909	cg04168235
3910	cg04168474
3911	cg04168577
3912	cg04169075
3913	cg04169186
3914	cg04169469
3915	cg04170623
3916	cg04172497
3917	cg04175739
3918	cg04175911
3919	cg04176047
3920	cg04176108
3921	cg04176585
3922	cg04178156
3923	cg04179000
3924	cg04179951
3925	cg04184716
3926	cg04186200
3927	cg04187185
3928	cg04188018
3929	cg04188273
3930	cg04188486
3931	cg04188937
3932	cg04190142
3933	cg04191427
3934	cg04191989
3935	cg04193015
3936	cg04193160
3937	cg04194073
3938	cg04194821
3939	cg04196119
3940	cg04200580
3941	cg04200607
3942	cg04202892
3943	cg04203853
3944	cg04204002
3945	cg04204138
3946	cg04208403
3947	cg04210225
3948	cg04210284
3949	cg04211179
3950	cg04211240
3951	cg04212239
3952	cg04214075
3953	cg04214706
3954	cg04216395
3955	cg04218760
3956	cg04218812
3957	cg04218880
3958	cg04220230
3959	cg04220922
3960	cg04221461
3961	cg04221794
3962	cg04221848
3963	cg04222728
3964	cg04227885
3965	cg04228827
3966	cg04229059
3967	cg04231636
3968	cg04232128
3969	cg04232649
3970	cg04233669
3971	cg04234680
3972	cg04235075
3973	cg04235519
3974	cg04236639
3975	cg04236786
3976	cg04237003
3977	cg04237075
3978	cg04237663
3979	cg04239994
3980	cg04240200
3981	cg04243368
3982	cg04243822
3983	cg04246521
3984	cg04248271
3985	cg04252562
3986	cg04254198
3987	cg04254609
3988	cg04254769
3989	cg04255090
3990	cg04255276
3991	cg04255733
3992	cg04258219
3993	cg04258520
3994	cg04258833
3995	cg04259358
3996	cg04259752
3997	cg04259907
3998	cg04262505
3999	cg04265051
4000	cg04265316
4001	cg04267101
4002	cg04267526
4003	cg04268389
4004	cg04268405
4005	cg04269291
4006	cg04270358
4007	cg04271289
4008	cg04272551
4009	cg04273811
4010	cg04275806
4011	cg04276007
4012	cg04281209
4013	cg04283570
4014	cg04283720
4015	cg04286697
4016	cg04287116
4017	cg04289385
4018	cg04291050
4019	cg04291079
4020	cg04292355
4021	cg04292941
4022	cg04293085
4023	cg04295372
4024	cg04297660
4025	cg04297819
4026	cg04299080
4027	cg04301102
4028	cg04301738
4029	cg04304696
4030	cg04305228
4031	cg04305539
4032	cg04306069
4033	cg04306383
4034	cg04306992
4035	cg04307083
4036	cg04307776
4037	cg04307977
4038	cg04307987
4039	cg04312578
4040	cg04313551
4041	cg04313875
4042	cg04315227
4043	cg04315771
4044	cg04318752
4045	cg04321240
4046	cg04321566
4047	cg04322572
4048	cg04323187
4049	cg04323814
4050	cg04324237
4051	cg04326337
4052	cg04328477
4053	cg04329069
4054	cg04329870
4055	cg04330057
4056	cg04330628
4057	cg04330884
4058	cg04331368
4059	cg04332442
4060	cg04332513
4061	cg04332619
4062	cg04332818
4063	cg04333463
4064	cg04336659
4065	cg04338834
4066	cg04338863
4067	cg04342955
4068	cg04344923
4069	cg04347477
4070	cg04348250
4071	cg04348441
4072	cg04348872
4073	cg04349815
4074	cg04349985
4075	cg04354448
4076	cg04358463
4077	cg04359302
4078	cg04359558
4079	cg04359828
4080	cg04360080
4081	cg04360223
4082	cg04360557
4083	cg04361926
4084	cg04362407
4085	cg04362419
4086	cg04362886
4087	cg04365102
4088	cg04367197
4089	cg04367427
4090	cg04368876
4091	cg04369306
4092	cg04370442
4093	cg04371358
4094	cg04374006
4095	cg04374015
4096	cg04378886
4097	cg04379563
4098	cg04384638
4099	cg04384810
4100	cg04386759
4101	cg04387835
4102	cg04388666
4103	cg04389921
4104	cg04390328
4105	cg04390523
4106	cg04390831
4107	cg04392284
4108	cg04393637
4109	cg04393675
4110	cg04395846
4111	cg04396791
4112	cg04398275
4113	cg04398983
4114	cg04399631
4115	cg04400841
4116	cg04400972
4117	cg04401067
4118	cg04402803
4119	cg04406436
4120	cg04406910
4121	cg04407388
4122	cg04408488
4123	cg04410989
4124	cg04411052
4125	cg04411541
4126	cg04413644
4127	cg04413853
4128	cg04415646
4129	cg04416734
4130	cg04416752
4131	cg04418355
4132	cg04418999
4133	cg04419610
4134	cg04421973
4135	cg04423201
4136	cg04423727
4137	cg04424621
4138	cg04424945
4139	cg04425110
4140	cg04425489
4141	cg04425506
4142	cg04425701
4143	cg04431054
4144	cg04431596
4145	cg04431946
4146	cg04432319
4147	cg04434356
4148	cg04435320
4149	cg04435719
4150	cg04436528
4151	cg04436907
4152	cg04436994
4153	cg04438497
4154	cg04438595
4155	cg04444104
4156	cg04444949
4157	cg04445851
4158	cg04446762
4159	cg04448141
4160	cg04449166
4161	cg04451175
4162	cg04452040
4163	cg04452203
4164	cg04452713
4165	cg04452896
4166	cg04453124
4167	cg04455146
4168	cg04455646
4169	cg04456932
4170	cg04457114
4171	cg04457572
4172	cg04460093
4173	cg04460609
4174	cg04461859
4175	cg04464263
4176	cg04464316
4177	cg04467093
4178	cg04468081
4179	cg04468741
4180	cg04474049
4181	cg04474192
4182	cg04474832
4183	cg04474990
4184	cg04476531
4185	cg04476865
4186	cg04478095
4187	cg04479192
4188	cg04480708
4189	cg04480914
4190	cg04482657
4191	cg04483289
4192	cg04483863
4193	cg04484334
4194	cg04484550
4195	cg04486940
4196	cg04487404
4197	cg04488853
4198	cg04489548
4199	cg04490037
4200	cg04490108
4201	cg04491321
4202	cg04493740
4203	cg04494136
4204	cg04495670
4205	cg04498198
4206	cg04499301
4207	cg04501188
4208	cg04502145
4209	cg04504478
4210	cg04505252
4211	cg04507775
4212	cg04507915
4213	cg04508114
4214	cg04508804
4215	cg04512780
4216	cg04512892
4217	cg04515524
4218	cg04517416
4219	cg04518342
4220	cg04519462
4221	cg04520169
4222	cg04521765
4223	cg04522045
4224	cg04522671
4225	cg04523891
4226	cg04524370
4227	cg04525892
4228	cg04528217
4229	cg04528771
4230	cg04528819
4231	cg04528829
4232	cg04531704
4233	cg04533831
4234	cg04535008
4235	cg04536998
4236	cg04537229
4237	cg04539834
4238	cg04539934
4239	cg04540442
4240	cg04543008
4241	cg04543319
4242	cg04545015
4243	cg04546691
4244	cg04548815
4245	cg04549460
4246	cg04551282
4247	cg04554131
4248	cg04554802
4249	cg04554929
4250	cg04557677
4251	cg04561094
4252	cg04561727
4253	cg04563195
4254	cg04565261
4255	cg04565640
4256	cg04567124
4257	cg04568592
4258	cg04568797
4259	cg04568819
4260	cg04569152
4261	cg04571584
4262	cg04573397
4263	cg04575953
4264	cg04576021
4265	cg04576298
4266	cg04576672
4267	cg04581793
4268	cg04581938
4269	cg04585937
4270	cg04588969
4271	cg04591799
4272	cg04593437
4273	cg04593531
4274	cg04596060
4275	cg04597433
4276	cg04597985
4277	cg04598224
4278	cg04599158
4279	cg04599341
4280	cg04599403
4281	cg04600984
4282	cg04601137
4283	cg04603184
4284	cg04604050
4285	cg04604946
4286	cg04605816
4287	cg04606053
4288	cg04607246
4289	cg04612503
4290	cg04612667
4291	cg04613313
4292	cg04614997
4293	cg04616566
4294	cg04621020
4295	cg04621728
4296	cg04621850
4297	cg04624885
4298	cg04631458
4299	cg04633225
4300	cg04633600
4301	cg04633683
4302	cg04634427
4303	cg04636402
4304	cg04638395
4305	cg04638650
4306	cg04640528
4307	cg04640675
4308	cg04641947
4309	cg04642300
4310	cg04642306
4311	cg04645034
4312	cg04646173
4313	cg04646282
4314	cg04648334
4315	cg04648494
4316	cg04651240
4317	cg04651583
4318	cg04652943
4319	cg04654210
4320	cg04654363
4321	cg04655136
4322	cg04655834
4323	cg04655995
4324	cg04657445
4325	cg04658021
4326	cg04658744
4327	cg04658841
4328	cg04659071
4329	cg04659396
4330	cg04659537
4331	cg04659944
4332	cg04660234
4333	cg04661001
4334	cg04661709
4335	cg04662594
4336	cg04666465
4337	cg04669218
4338	cg04671541
4339	cg04672043
4340	cg04672706
4341	cg04673465
4342	cg04674383
4343	cg04674565
4344	cg04677158
4345	cg04678713
4346	cg04679031
4347	cg04679515
4348	cg04679530
4349	cg04682832
4350	cg04682845
4351	cg04682967
4352	cg04684267
4353	cg04685228
4354	cg04685442
4355	cg04686264
4356	cg04689080
4357	cg04690395
4358	cg04691233
4359	cg04691795
4360	cg04694619
4361	cg04696443
4362	cg04698728
4363	cg04700055
4364	cg04702354
4365	cg04704414
4366	cg04706327
4367	cg04706404
4368	cg04706544
4369	cg04709900
4370	cg04713102
4371	cg04714041
4372	cg04714787
4373	cg04716021
4374	cg04716250
4375	cg04716394
4376	cg04717802
4377	cg04718414
4378	cg04719454
4379	cg04721098
4380	cg04721719
4381	cg04723343
4382	cg04723534
4383	cg04724177
4384	cg04724406
4385	cg04725285
4386	cg04725401
4387	cg04726310
4388	cg04726869
4389	cg04730691
4390	cg04735632
4391	cg04736112
4392	cg04736140
4393	cg04736751
4394	cg04737115
4395	cg04738410
4396	cg04739306
4397	cg04739880
4398	cg04740665
4399	cg04741211
4400	cg04742197
4401	cg04742384
4402	cg04742397
4403	cg04745161
4404	cg04745278
4405	cg04745805
4406	cg04745997
4407	cg04748223
4408	cg04749507
4409	cg04751549
4410	cg04752812
4411	cg04752936
4412	cg04753583
4413	cg04754615
4414	cg04755031
4415	cg04755771
4416	cg04756296
4417	cg04757168
4418	cg04760708
4419	cg04761931
4420	cg04764584
4421	cg04764624
4422	cg04765195
4423	cg04765303
4424	cg04765439
4425	cg04767174
4426	cg04768459
4427	cg04768479
4428	cg04771206
4429	cg04774597
4430	cg04780909
4431	cg04781580
4432	cg04781978
4433	cg04784327
4434	cg04785213
4435	cg04785284
4436	cg04785972
4437	cg04786857
4438	cg04787166
4439	cg04788392
4440	cg04788957
4441	cg04789092
4442	cg04789392
4443	cg04790209
4444	cg04790662
4445	cg04790923
4446	cg04792712
4447	cg04793632
4448	cg04793989
4449	cg04794120
4450	cg04794268
4451	cg04794430
4452	cg04796189
4453	cg04796432
4454	cg04798314
4455	cg04799120
4456	cg04800569
4457	cg04800816
4458	cg04808029
4459	cg04811706
4460	cg04812484
4461	cg04815577
4462	cg04816311
4463	cg04816394
4464	cg04817148
4465	cg04818845
4466	cg04820362
4467	cg04821499
4468	cg04821933
4469	cg04826652
4470	cg04827223
4471	cg04830416
4472	cg04832177
4473	cg04832325
4474	cg04833017
4475	cg04833392
4476	cg04834228
4477	cg04834770
4478	cg04834794
4479	cg04835841
4480	cg04836038
4481	cg04836987
4482	cg04837494
4483	cg04838627
4484	cg04838847
4485	cg04840739
4486	cg04842352
4487	cg04842472
4488	cg04844971
4489	cg04845144
4490	cg04845466
4491	cg04847146
4492	cg04847638
4493	cg04847920
4494	cg04848107
4495	cg04850659
4496	cg04851639
4497	cg04852776
4498	cg04854089
4499	cg04856117
4500	cg04857395
4501	cg04858164
4502	cg04858462
4503	cg04858539
4504	cg04858616
4505	cg04858631
4506	cg04861640
4507	cg04863182
4508	cg04863758
4509	cg04864538
4510	cg04865018
4511	cg04866800
4512	cg04868991
4513	cg04871807
4514	cg04872610
4515	cg04872675
4516	cg04872689
4517	cg04873577
4518	cg04873833
4519	cg04874782
4520	cg04875128
4521	cg04877503
4522	cg04879818
4523	cg04880063
4524	cg04880546
4525	cg04883553
4526	cg04884395
4527	cg04885881
4528	cg04886846
4529	cg04889790
4530	cg04889800
4531	cg04890576
4532	cg04890780
4533	cg04894619
4534	cg04894705
4535	cg04895295
4536	cg04897713
4537	cg04897804
4538	cg04898797
4539	cg04899715
4540	cg04900438
4541	cg04900872
4542	cg04902729
4543	cg04904276
4544	cg04904318
4545	cg04904480
4546	cg04905408
4547	cg04907070
4548	cg04911050
4549	cg04912710
4550	cg04912999
4551	cg04913265
4552	cg04915975
4553	cg04917181
4554	cg04918691
4555	cg04920452
4556	cg04920474
4557	cg04922154
4558	cg04926766
4559	cg04927341
4560	cg04927537
4561	cg04928670
4562	cg04932525
4563	cg04937184
4564	cg04938738
4565	cg04939673
4566	cg04940054
4567	cg04940435
4568	cg04940570
4569	cg04941652
4570	cg04944536
4571	cg04944802
4572	cg04946715
4573	cg04946721
4574	cg04948475
4575	cg04951371
4576	cg04953552
4577	cg04955333
4578	cg04956585
4579	cg04956913
4580	cg04958794
4581	cg04958799
4582	cg04961189
4583	cg04961225
4584	cg04961235
4585	cg04963480
4586	cg04967775
4587	cg04972046
4588	cg04972436
4589	cg04973802
4590	cg04974231
4591	cg04974698
4592	cg04974804
4593	cg04975505
4594	cg04976151
4595	cg04978384
4596	cg04979599
4597	cg04980928
4598	cg04982874
4599	cg04983142
4600	cg04985318
4601	cg04986922
4602	cg04987004
4603	cg04987232
4604	cg04987335
4605	cg04987734
4606	cg04988224
4607	cg04988869
4608	cg04989440
4609	cg04990989
4610	cg04991447
4611	cg04992974
4612	cg04995300
4613	cg04996219
4614	cg04997273
4615	cg04998671
4616	cg04998737
4617	cg04999352
4618	cg04999691
4619	cg05000275
4620	cg05001145
4621	cg05001334
4622	cg05001715
4623	cg05003175
4624	cg05003422
4625	cg05004142
4626	cg05006304
4627	cg05009902
4628	cg05009934
4629	cg05013783
4630	cg05014568
4631	cg05015628
4632	cg05016066
4633	cg05018460
4634	cg05019423
4635	cg05021075
4636	cg05022378
4637	cg05023043
4638	cg05024939
4639	cg05025211
4640	cg05026404
4641	cg05028010
4642	cg05030481
4643	cg05030953
4644	cg05032059
4645	cg05032957
4646	cg05033333
4647	cg05034361
4648	cg05034363
4649	cg05034642
4650	cg05035746
4651	cg05036750
4652	cg05036937
4653	cg05039938
4654	cg05042697
4655	cg05042743
4656	cg05043910
4657	cg05044173
4658	cg05045403
4659	cg05045517
4660	cg05046722
4661	cg05048976
4662	cg05049335
4663	cg05051799
4664	cg05051876
4665	cg05054910
4666	cg05055782
4667	cg05056497
4668	cg05057777
4669	cg05058758
4670	cg05059108
4671	cg05059607
4672	cg05061450
4673	cg05062263
4674	cg05062676
4675	cg05063138
4676	cg05064739
4677	cg05065162
4678	cg05065669
4679	cg05067995
4680	cg05068206
4681	cg05068951
4682	cg05070268
4683	cg05072215
4684	cg05073386
4685	cg05078817
4686	cg05080154
4687	cg05081614
4688	cg05082738
4689	cg05083128
4690	cg05083647
4691	cg05084827
4692	cg05085169
4693	cg05085844
4694	cg05086553
4695	cg05087948
4696	cg05088677
4697	cg05089527
4698	cg05089968
4699	cg05090127
4700	cg05090375
4701	cg05090759
4702	cg05091519
4703	cg05092310
4704	cg05092583
4705	cg05093169
4706	cg05094970
4707	cg05095427
4708	cg05096467
4709	cg05096492
4710	cg05097579
4711	cg05098880
4712	cg05099387
4713	cg05102552
4714	cg05102603
4715	cg05104897
4716	cg05106502
4717	cg05106770
4718	cg05106849
4719	cg05107803
4720	cg05115862
4721	cg05116536
4722	cg05118864
4723	cg05119290
4724	cg05119988
4725	cg05122437
4726	cg05124614
4727	cg05125838
4728	cg05127178
4729	cg05128194
4730	cg05129050
4731	cg05130482
4732	cg05131940
4733	cg05132222
4734	cg05132925
4735	cg05137443
4736	cg05139152
4737	cg05141871
4738	cg05142212
4739	cg05144928
4740	cg05146544
4741	cg05147525
4742	cg05147654
4743	cg05148385
4744	cg05149097
4745	cg05149386
4746	cg05151611
4747	cg05152300
4748	cg05152974
4749	cg05154833
4750	cg05155047
4751	cg05156137
4752	cg05156532
4753	cg05156901
4754	cg05157266
4755	cg05157625
4756	cg05158197
4757	cg05161074
4758	cg05162523
4759	cg05165556
4760	cg05167606
4761	cg05168580
4762	cg05169312
4763	cg05169846
4764	cg05171197
4765	cg05172940
4766	cg05174290
4767	cg05174890
4768	cg05176716
4769	cg05176970
4770	cg05176991
4771	cg05178839
4772	cg05179172
4773	cg05180206
4774	cg05182249
4775	cg05182912
4776	cg05183842
4777	cg05184586
4778	cg05187965
4779	cg05188268
4780	cg05189127
4781	cg05189291
4782	cg05190790
4783	cg05191959
4784	cg05193435
4785	cg05194412
4786	cg05197062
4787	cg05198297
4788	cg05199503
4789	cg05200057
4790	cg05202858
4791	cg05203206
4792	cg05203213
4793	cg05203217
4794	cg05205503
4795	cg05205842
4796	cg05206884
4797	cg05207048
4798	cg05208178
4799	cg05208605
4800	cg05209515
4801	cg05210804
4802	cg05212464
4803	cg05213896
4804	cg05215925
4805	cg05218225
4806	cg05218245
4807	cg05218653
4808	cg05220114
4809	cg05222216
4810	cg05222924
4811	cg05226008
4812	cg05227215
4813	cg05228408
4814	cg05228717
4815	cg05229355
4816	cg05232889
4817	cg05237015
4818	cg05237259
4819	cg05238530
4820	cg05238695
4821	cg05238741
4822	cg05239308
4823	cg05239976
4824	cg05241355
4825	cg05241796
4826	cg05243267
4827	cg05243700
4828	cg05243987
4829	cg05244581
4830	cg05246251
4831	cg05248542
4832	cg05248618
4833	cg05249016
4834	cg05250458
4835	cg05251669
4836	cg05253716
4837	cg05256179
4838	cg05256276
4839	cg05260372
4840	cg05262777
4841	cg05263479
4842	cg05265042
4843	cg05265359
4844	cg05265884
4845	cg05265959
4846	cg05266321
4847	cg05270106
4848	cg05270634
4849	cg05271255
4850	cg05272277
4851	cg05273639
4852	cg05274680
4853	cg05275229
4854	cg05276137
4855	cg05277165
4856	cg05280698
4857	cg05283184
4858	cg05283685
4859	cg05286501
4860	cg05288075
4861	cg05289022
4862	cg05289892
4863	cg05290058
4864	cg05290300
4865	cg05292310
4866	cg05294243
4867	cg05294455
4868	cg05294577
4869	cg05294930
4870	cg05295197
4871	cg05295671
4872	cg05295703
4873	cg05295841
4874	cg05302350
4875	cg05302779
4876	cg05303899
4877	cg05303999
4878	cg05304168
4879	cg05304393
4880	cg05304729
4881	cg05305327
4882	cg05305497
4883	cg05306305
4884	cg05306310
4885	cg05308656
4886	cg05308744
4887	cg05308819
4888	cg05308904
4889	cg05309877
4890	cg05310309
4891	cg05312353
4892	cg05313771
4893	cg05313794
4894	cg05314075
4895	cg05316065
4896	cg05316290
4897	cg05318503
4898	cg05321252
4899	cg05322294
4900	cg05322837
4901	cg05322916
4902	cg05323251
4903	cg05323898
4904	cg05324407
4905	cg05324516
4906	cg05325934
4907	cg05326840
4908	cg05330056
4909	cg05330360
4910	cg05330471
4911	cg05331082
4912	cg05331214
4913	cg05331334
4914	cg05332525
4915	cg05333146
4916	cg05337441
4917	cg05339037
4918	cg05339390
4919	cg05339588
4920	cg05340495
4921	cg05344430
4922	cg05345286
4923	cg05346491
4924	cg05347456
4925	cg05347479
4926	cg05347794
4927	cg05347985
4928	cg05350800
4929	cg05351599
4930	cg05354971
4931	cg05355167
4932	cg05355436
4933	cg05355684
4934	cg05357152
4935	cg05357229
4936	cg05358404
4937	cg05360774
4938	cg05362029
4939	cg05362168
4940	cg05362516
4941	cg05364038
4942	cg05365729
4943	cg05365735
4944	cg05366453
4945	cg05369707
4946	cg05369942
4947	cg05370136
4948	cg05370662
4949	cg05371273
4950	cg05372113
4951	cg05373339
4952	cg05373692
4953	cg05374271
4954	cg05376617
4955	cg05376738
4956	cg05377041
4957	cg05377512
4958	cg05377587
4959	cg05378523
4960	cg05379350
4961	cg05380920
4962	cg05381256
4963	cg05381578
4964	cg05384724
4965	cg05385434
4966	cg05386977
4967	cg05387119
4968	cg05388545
4969	cg05388821
4970	cg05391998
4971	cg05393023
4972	cg05395187
4973	cg05395210
4974	cg05395353
4975	cg05396044
4976	cg05396897
4977	cg05398700
4978	cg05399434
4979	cg05401069
4980	cg05401971
4981	cg05402364
4982	cg05402382
4983	cg05403282
4984	cg05404233
4985	cg05404236
4986	cg05404459
4987	cg05404701
4988	cg05406101
4989	cg05407200
4990	cg05407338
4991	cg05408094
4992	cg05410708
4993	cg05411165
4994	cg05413285
4995	cg05414254
4996	cg05414908
4997	cg05415285
4998	cg05418719
4999	cg05419625
5000	cg05419812
5001	cg05420896
5002	cg05421487
5003	cg05421528
5004	cg05422352
5005	cg05422396
5006	cg05422548
5007	cg05423095
5008	cg05423393
5009	cg05425050
5010	cg05431218
5011	cg05431647
5012	cg05433805
5013	cg05436231
5014	cg05439503
5015	cg05439724
5016	cg05440289
5017	cg05441001
5018	cg05441133
5019	cg05442408
5020	cg05442902
5021	cg05444541
5022	cg05445326
5023	cg05446424
5024	cg05450916
5025	cg05451974
5026	cg05453001
5027	cg05455729
5028	cg05456652
5029	cg05457903
5030	cg05458569
5031	cg05458724
5032	cg05461666
5033	cg05462761
5034	cg05463027
5035	cg05466385
5036	cg05466659
5037	cg05468077
5038	cg05468843
5039	cg05468948
5040	cg05470074
5041	cg05470939
5042	cg05471845
5043	cg05473871
5044	cg05475048
5045	cg05478809
5046	cg05481163
5047	cg05481217
5048	cg05481879
5049	cg05482413
5050	cg05482498
5051	cg05483176
5052	cg05483252
5053	cg05484606
5054	cg05484949
5055	cg05485462
5056	cg05486213
5057	cg05487082
5058	cg05487507
5059	cg05488632
5060	cg05488682
5061	cg05490029
5062	cg05491587
5063	cg05492170
5064	cg05492270
5065	cg05495454
5066	cg05496363
5067	cg05496738
5068	cg05497175
5069	cg05498007
5070	cg05498905
5071	cg05498948
5072	cg05501327
5073	cg05501584
5074	cg05502081
5075	cg05504820
5076	cg05507145
5077	cg05507490
5078	cg05507697
5079	cg05508074
5080	cg05508099
5081	cg05511778
5082	cg05511794
5083	cg05512200
5084	cg05512483
5085	cg05512756
5086	cg05513157
5087	cg05515143
5088	cg05516272
5089	cg05516505
5090	cg05517106
5091	cg05517697
5092	cg05518482
5093	cg05520031
5094	cg05521150
5095	cg05522498
5096	cg05523085
5097	cg05525743
5098	cg05527430
5099	cg05528516
5100	cg05529152
5101	cg05530348
5102	cg05530630
5103	cg05530690
5104	cg05532892
5105	cg05533953
5106	cg05535398
5107	cg05535908
5108	cg05540369
5109	cg05541367
5110	cg05542681
5111	cg05543456
5112	cg05544413
5113	cg05544807
5114	cg05545777
5115	cg05546763
5116	cg05548952
5117	cg05548968
5118	cg05549246
5119	cg05549655
5120	cg05550339
5121	cg05551889
5122	cg05553829
5123	cg05554536
5124	cg05555337
5125	cg05560127
5126	cg05561193
5127	cg05562063
5128	cg05564251
5129	cg05567646
5130	cg05569742
5131	cg05570806
5132	cg05571310
5133	cg05574065
5134	cg05575054
5135	cg05575505
5136	cg05575921
5137	cg05577016
5138	cg05577155
5139	cg05580441
5140	cg05580734
5141	cg05582035
5142	cg05583053
5143	cg05583831
5144	cg05590257
5145	cg05590274
5146	cg05590616
5147	cg05592035
5148	cg05592398
5149	cg05593325
5150	cg05593628
5151	cg05593641
5152	cg05593887
5153	cg05595088
5154	cg05597836
5155	cg05598541
5156	cg05601676
5157	cg05601917
5158	cg05601974
5159	cg05603985
5160	cg05604079
5161	cg05606407
5162	cg05608541
5163	cg05608588
5164	cg05608794
5165	cg05609159
5166	cg05612325
5167	cg05612506
5168	cg05612876
5169	cg05613002
5170	cg05613063
5171	cg05615459
5172	cg05616472
5173	cg05618683
5174	cg05619598
5175	cg05620980
5176	cg05624388
5177	cg05624786
5178	cg05625741
5179	cg05626536
5180	cg05630016
5181	cg05630272
5182	cg05632274
5183	cg05634040
5184	cg05634428
5185	cg05634495
5186	cg05634630
5187	cg05635798
5188	cg05635807
5189	cg05637352
5190	cg05638439
5191	cg05638500
5192	cg05639405
5193	cg05640674
5194	cg05641529
5195	cg05644574
5196	cg05645141
5197	cg05645316
5198	cg05647197
5199	cg05651417
5200	cg05655307
5201	cg05655953
5202	cg05656900
5203	cg05658053
5204	cg05661164
5205	cg05661333
5206	cg05662956
5207	cg05663891
5208	cg05666607
5209	cg05670004
5210	cg05670953
5211	cg05671350
5212	cg05671382
5213	cg05672380
5214	cg05673214
5215	cg05673882
5216	cg05675373
5217	cg05676261
5218	cg05676377
5219	cg05677013
5220	cg05682581
5221	cg05683630
5222	cg05684406
5223	cg05689413
5224	cg05690394
5225	cg05694095
5226	cg05694245
5227	cg05694771
5228	cg05696877
5229	cg05697249
5230	cg05697754
5231	cg05700079
5232	cg05700142
5233	cg05702778
5234	cg05703053
5235	cg05705018
5236	cg05705159
5237	cg05707655
5238	cg05708497
5239	cg05708512
5240	cg05708750
5241	cg05709162
5242	cg05710301
5243	cg05711886
5244	cg05714496
5245	cg05715492
5246	cg05715688
5247	cg05716671
5248	cg05718034
5249	cg05719140
5250	cg05720891
5251	cg05721887
5252	cg05722148
5253	cg05722566
5254	cg05724065
5255	cg05724110
5256	cg05724492
5257	cg05724965
5258	cg05725197
5259	cg05725263
5260	cg05726118
5261	cg05728951
5262	cg05729249
5263	cg05732130
5264	cg05732876
5265	cg05737638
5266	cg05740575
5267	cg05740609
5268	cg05742308
5269	cg05744675
5270	cg05745631
5271	cg05746865
5272	cg05747695
5273	cg05747812
5274	cg05750598
5275	cg05752393
5276	cg05752845
5277	cg05753416
5278	cg05755779
5279	cg05756029
5280	cg05756780
5281	cg05757385
5282	cg05758434
5283	cg05759269
5284	cg05759421
5285	cg05760722
5286	cg05761882
5287	cg05762236
5288	cg05765580
5289	cg05767119
5290	cg05767404
5291	cg05769161
5292	cg05770238
5293	cg05770389
5294	cg05773312
5295	cg05773708
5296	cg05773958
5297	cg05774054
5298	cg05774117
5299	cg05774698
5300	cg05774892
5301	cg05776580
5302	cg05778559
5303	cg05778706
5304	cg05780020
5305	cg05780543
5306	cg05781609
5307	cg05782444
5308	cg05782445
5309	cg05783384
5310	cg05784862
5311	cg05785488
5312	cg05786085
5313	cg05787209
5314	cg05790551
5315	cg05790999
5316	cg05791136
5317	cg05792786
5318	cg05793391
5319	cg05793579
5320	cg05795849
5321	cg05797770
5322	cg05797890
5323	cg05800368
5324	cg05803237
5325	cg05804170
5326	cg05804220
5327	cg05804288
5328	cg05805445
5329	cg05807665
5330	cg05807885
5331	cg05809437
5332	cg05812299
5333	cg05812697
5334	cg05815247
5335	cg05816993
5336	cg05817517
5337	cg05819613
5338	cg05820020
5339	cg05822031
5340	cg05823563
5341	cg05825244
5342	cg05825523
5343	cg05825928
5344	cg05826295
5345	cg05826458
5346	cg05826607
5347	cg05828191
5348	cg05828701
5349	cg05828893
5350	cg05829145
5351	cg05839365
5352	cg05839636
5353	cg05839709
5354	cg05843457
5355	cg05844902
5356	cg05845376
5357	cg05845533
5358	cg05846337
5359	cg05847388
5360	cg05847778
5361	cg05847835
5362	cg05848491
5363	cg05850205
5364	cg05851163
5365	cg05852040
5366	cg05852052
5367	cg05852477
5368	cg05853013
5369	cg05855298
5370	cg05857996
5371	cg05859842
5372	cg05861879
5373	cg05862338
5374	cg05862431
5375	cg05862885
5376	cg05863683
5377	cg05864010
5378	cg05864564
5379	cg05865665
5380	cg05868183
5381	cg05868316
5382	cg05868799
5383	cg05868942
5384	cg05869537
5385	cg05870072
5386	cg05870739
5387	cg05871254
5388	cg05872306
5389	cg05874166
5390	cg05874270
5391	cg05874519
5392	cg05874888
5393	cg05875066
5394	cg05875239
5395	cg05875700
5396	cg05875982
5397	cg05876635
5398	cg05877497
5399	cg05878332
5400	cg05878887
5401	cg05881762
5402	cg05882646
5403	cg05882685
5404	cg05883128
5405	cg05886671
5406	cg05890019
5407	cg05890281
5408	cg05890484
5409	cg05890887
5410	cg05891372
5411	cg05894754
5412	cg05894910
5413	cg05896902
5414	cg05896926
5415	cg05897350
5416	cg05897465
5417	cg05898102
5418	cg05898618
5419	cg05898730
5420	cg05898881
5421	cg05899103
5422	cg05900234
5423	cg05901294
5424	cg05902884
5425	cg05903289
5426	cg05903609
5427	cg05903736
5428	cg05904366
5429	cg05907464
5430	cg05907577
5431	cg05910170
5432	cg05913257
5433	cg05915362
5434	cg05915866
5435	cg05918355
5436	cg05919561
5437	cg05920454
5438	cg05921269
5439	cg05921699
5440	cg05922384
5441	cg05922723
5442	cg05922911
5443	cg05923197
5444	cg05923226
5445	cg05924543
5446	cg05924780
5447	cg05925326
5448	cg05926253
5449	cg05926784
5450	cg05927742
5451	cg05928290
5452	cg05928581
5453	cg05929069
5454	cg05930162
5455	cg05931249
5456	cg05931423
5457	cg05933240
5458	cg05934660
5459	cg05937737
5460	cg05939647
5461	cg05940231
5462	cg05940691
5463	cg05943574
5464	cg05943655
5465	cg05946118
5466	cg05951178
5467	cg05951221
5468	cg05951994
5469	cg05953364
5470	cg05955210
5471	cg05956380
5472	cg05956462
5473	cg05957749
5474	cg05958985
5475	cg05960024
5476	cg05960039
5477	cg05960502
5478	cg05962079
5479	cg05962092
5480	cg05962106
5481	cg05962517
5482	cg05962824
5483	cg05963082
5484	cg05966235
5485	cg05966241
5486	cg05967403
5487	cg05969808
5488	cg05969889
5489	cg05970116
5490	cg05971102
5491	cg05973057
5492	cg05973840
5493	cg05975219
5494	cg05977696
5495	cg05978154
5496	cg05980111
5497	cg05980523
5498	cg05981711
5499	cg05982017
5500	cg05982460
5501	cg05982473
5502	cg05985146
5503	cg05985455
5504	cg05986446
5505	cg05989429
5506	cg05991220
5507	cg05991454
5508	cg05991534
5509	cg05991820
5510	cg05993589
5511	cg05995267
5512	cg05996213
5513	cg05996238
5514	cg05996538
5515	cg05997357
5516	cg05998295
5517	cg06001519
5518	cg06001854
5519	cg06003429
5520	cg06003656
5521	cg06004718
5522	cg06005133
5523	cg06005877
5524	cg06007201
5525	cg06007966
5526	cg06009267
5527	cg06010588
5528	cg06011292
5529	cg06012872
5530	cg06013117
5531	cg06015525
5532	cg06017559
5533	cg06020846
5534	cg06021910
5535	cg06022832
5536	cg06024364
5537	cg06024411
5538	cg06026117
5539	cg06026473
5540	cg06026545
5541	cg06028605
5542	cg06029627
5543	cg06031268
5544	cg06033387
5545	cg06035815
5546	cg06036818
5547	cg06038111
5548	cg06042565
5549	cg06043048
5550	cg06044756
5551	cg06044899
5552	cg06046218
5553	cg06048436
5554	cg06048973
5555	cg06049791
5556	cg06049972
5557	cg06051159
5558	cg06051662
5559	cg06052485
5560	cg06054473
5561	cg06058073
5562	cg06059056
5563	cg06059332
5564	cg06063171
5565	cg06064379
5566	cg06064549
5567	cg06064964
5568	cg06067393
5569	cg06068163
5570	cg06068500
5571	cg06069616
5572	cg06069861
5573	cg06070592
5574	cg06073139
5575	cg06073302
5576	cg06073351
5577	cg06073803
5578	cg06077405
5579	cg06081147
5580	cg06082596
5581	cg06083642
5582	cg06083669
5583	cg06084702
5584	cg06085683
5585	cg06086582
5586	cg06086933
5587	cg06087424
5588	cg06088314
5589	cg06088918
5590	cg06089468
5591	cg06091647
5592	cg06092178
5593	cg06093152
5594	cg06093395
5595	cg06093861
5596	cg06094150
5597	cg06094611
5598	cg06095093
5599	cg06096336
5600	cg06097994
5601	cg06098215
5602	cg06100324
5603	cg06103086
5604	cg06103618
5605	cg06106242
5606	cg06106883
5607	cg06110081
5608	cg06111140
5609	cg06112560
5610	cg06113963
5611	cg06114934
5612	cg06116806
5613	cg06117855
5614	cg06118351
5615	cg06119162
5616	cg06120399
5617	cg06121226
5618	cg06121352
5619	cg06121469
5620	cg06121808
5621	cg06126421
5622	cg06127256
5623	cg06127801
5624	cg06128194
5625	cg06130805
5626	cg06132400
5627	cg06133392
5628	cg06133771
5629	cg06134964
5630	cg06135765
5631	cg06136160
5632	cg06136199
5633	cg06136573
5634	cg06137123
5635	cg06138239
5636	cg06139893
5637	cg06143901
5638	cg06144718
5639	cg06144743
5640	cg06144905
5641	cg06145435
5642	cg06146234
5643	cg06146665
5644	cg06147196
5645	cg06147863
5646	cg06148468
5647	cg06152845
5648	cg06153448
5649	cg06153927
5650	cg06154432
5651	cg06155303
5652	cg06156376
5653	cg06157334
5654	cg06157924
5655	cg06159131
5656	cg06159896
5657	cg06160606
5658	cg06162423
5659	cg06163411
5660	cg06163904
5661	cg06164059
5662	cg06166559
5663	cg06166767
5664	cg06167730
5665	cg06171242
5666	cg06171420
5667	cg06171787
5668	cg06173810
5669	cg06173958
5670	cg06176777
5671	cg06176987
5672	cg06177459
5673	cg06178669
5674	cg06179011
5675	cg06179179
5676	cg06179486
5677	cg06179657
5678	cg06181286
5679	cg06182099
5680	cg06182811
5681	cg06185146
5682	cg06186330
5683	cg06189175
5684	cg06189653
5685	cg06190547
5686	cg06191390
5687	cg06191898
5688	cg06192883
5689	cg06194625
5690	cg06195193
5691	cg06196453
5692	cg06197571
5693	cg06197751
5694	cg06198384
5695	cg06198975
5696	cg06204938
5697	cg06205746
5698	cg06208270
5699	cg06209143
5700	cg06210197
5701	cg06210526
5702	cg06213287
5703	cg06213463
5704	cg06214007
5705	cg06215457
5706	cg06215569
5707	cg06215643
5708	cg06217245
5709	cg06217314
5710	cg06219686
5711	cg06220792
5712	cg06221680
5713	cg06223162
5714	cg06223736
5715	cg06226534
5716	cg06226630
5717	cg06230206
5718	cg06230848
5719	cg06231995
5720	cg06233815
5721	cg06234511
5722	cg06235390
5723	cg06236737
5724	cg06241380
5725	cg06244906
5726	cg06249198
5727	cg06254182
5728	cg06259049
5729	cg06259664
5730	cg06260077
5731	cg06261268
5732	cg06263193
5733	cg06263372
5734	cg06266189
5735	cg06268956
5736	cg06270615
5737	cg06272543
5738	cg06273398
5739	cg06275642
5740	cg06279276
5741	cg06283779
5742	cg06285648
5743	cg06286300
5744	cg06287318
5745	cg06287775
5746	cg06287945
5747	cg06288684
5748	cg06291428
5749	cg06291867
5750	cg06292004
5751	cg06292076
5752	cg06293611
5753	cg06293787
5754	cg06295063
5755	cg06295687
5756	cg06295856
5757	cg06295928
5758	cg06296184
5759	cg06296597
5760	cg06297318
5761	cg06298190
5762	cg06300141
5763	cg06301178
5764	cg06302751
5765	cg06306198
5766	cg06311778
5767	cg06313676
5768	cg06314235
5769	cg06318164
5770	cg06326667
5771	cg06327515
5772	cg06330230
5773	cg06332339
5774	cg06333870
5775	cg06335143
5776	cg06335869
5777	cg06335918
5778	cg06336458
5779	cg06336871
5780	cg06339542
5781	cg06347427
5782	cg06348206
5783	cg06349450
5784	cg06349851
5785	cg06350107
5786	cg06354975
5787	cg06355010
5788	cg06357398
5789	cg06358534
5790	cg06361108
5791	cg06361984
5792	cg06363129
5793	cg06363968
5794	cg06368590
5795	cg06370057
5796	cg06372850
5797	cg06375761
5798	cg06376507
5799	cg06376599
5800	cg06377473
5801	cg06378981
5802	cg06382559
5803	cg06385324
5804	cg06386478
5805	cg06387622
5806	cg06389015
5807	cg06390490
5808	cg06392204
5809	cg06393830
5810	cg06396324
5811	cg06397161
5812	cg06400590
5813	cg06405219
5814	cg06407111
5815	cg06407657
5816	cg06411551
5817	cg06412669
5818	cg06413272
5819	cg06416491
5820	cg06416685
5821	cg06417611
5822	cg06418475
5823	cg06418867
5824	cg06419846
5825	cg06419850
5826	cg06420834
5827	cg06422039
5828	cg06423425
5829	cg06424860
5830	cg06425162
5831	cg06430061
5832	cg06432119
5833	cg06434732
5834	cg06435765
5835	cg06437747
5836	cg06438159
5837	cg06438724
5838	cg06439736
5839	cg06440348
5840	cg06441001
5841	cg06441568
5842	cg06442089
5843	cg06442240
5844	cg06447424
5845	cg06447614
5846	cg06447795
5847	cg06448705
5848	cg06449058
5849	cg06449934
5850	cg06452354
5851	cg06454760
5852	cg06455149
5853	cg06457011
5854	cg06458239
5855	cg06458557
5856	cg06459916
5857	cg06460691
5858	cg06460983
5859	cg06462220
5860	cg06462291
5861	cg06462666
5862	cg06466797
5863	cg06467317
5864	cg06468454
5865	cg06469345
5866	cg06470626
5867	cg06470822
5868	cg06471816
5869	cg06471905
5870	cg06472065
5871	cg06473363
5872	cg06473578
5873	cg06474661
5874	cg06475503
5875	cg06476903
5876	cg06478823
5877	cg06479057
5878	cg06480265
5879	cg06484000
5880	cg06484146
5881	cg06486093
5882	cg06488148
5883	cg06488617
5884	cg06488655
5885	cg06490845
5886	cg06490943
5887	cg06491508
5888	cg06492144
5889	cg06492796
5890	cg06493334
5891	cg06493612
5892	cg06493695
5893	cg06493994
5894	cg06496666
5895	cg06497198
5896	cg06500161
5897	cg06500246
5898	cg06500418
5899	cg06504636
5900	cg06504925
5901	cg06506328
5902	cg06507244
5903	cg06507987
5904	cg06510679
5905	cg06512974
5906	cg06513015
5907	cg06513075
5908	cg06513864
5909	cg06516445
5910	cg06516533
5911	cg06516865
5912	cg06521852
5913	cg06522772
5914	cg06523224
5915	cg06525611
5916	cg06526721
5917	cg06527213
5918	cg06527889
5919	cg06530441
5920	cg06530442
5921	cg06530848
5922	cg06531741
5923	cg06532163
5924	cg06532544
5925	cg06532574
5926	cg06533408
5927	cg06533629
5928	cg06537575
5929	cg06539497
5930	cg06540747
5931	cg06540876
5932	cg06543221
5933	cg06545268
5934	cg06546183
5935	cg06547285
5936	cg06547984
5937	cg06551476
5938	cg06551595
5939	cg06552037
5940	cg06553871
5941	cg06554081
5942	cg06554744
5943	cg06557107
5944	cg06557358
5945	cg06557606
5946	cg06557644
5947	cg06557683
5948	cg06558800
5949	cg06559864
5950	cg06559878
5951	cg06560379
5952	cg06563313
5953	cg06563451
5954	cg06563667
5955	cg06564069
5956	cg06565641
5957	cg06565975
5958	cg06566039
5959	cg06566477
5960	cg06567829
5961	cg06567996
5962	cg06568490
5963	cg06568506
5964	cg06569139
5965	cg06570075
5966	cg06570125
5967	cg06570734
5968	cg06570818
5969	cg06571187
5970	cg06572420
5971	cg06572904
5972	cg06573459
5973	cg06574296
5974	cg06574422
5975	cg06574789
5976	cg06577005
5977	cg06577299
5978	cg06578851
5979	cg06580318
5980	cg06580371
5981	cg06580943
5982	cg06582394
5983	cg06585108
5984	cg06585203
5985	cg06586734
5986	cg06589239
5987	cg06591185
5988	cg06594770
5989	cg06594940
5990	cg06595206
5991	cg06596503
5992	cg06598163
5993	cg06598196
5994	cg06598256
5995	cg06599546
5996	cg06599908
5997	cg06604447
5998	cg06606003
5999	cg06607764
6000	cg06608359
6001	cg06610589
6002	cg06612023
6003	cg06613285
6004	cg06613840
6005	cg06614469
6006	cg06615861
6007	cg06618935
6008	cg06619299
6009	cg06620514
6010	cg06620665
6011	cg06622892
6012	cg06624020
6013	cg06624143
6014	cg06624358
6015	cg06625004
6016	cg06625640
6017	cg06629644
6018	cg06630416
6019	cg06631222
6020	cg06635397
6021	cg06636137
6022	cg06636172
6023	cg06636938
6024	cg06637774
6025	cg06638433
6026	cg06638451
6027	cg06638529
6028	cg06638568
6029	cg06638913
6030	cg06639082
6031	cg06639320
6032	cg06639733
6033	cg06640607
6034	cg06643298
6035	cg06644428
6036	cg06644488
6037	cg06644515
6038	cg06645033
6039	cg06646796
6040	cg06647068
6041	cg06648759
6042	cg06648955
6043	cg06649165
6044	cg06649410
6045	cg06649856
6046	cg06650255
6047	cg06652313
6048	cg06653796
6049	cg06654118
6050	cg06655097
6051	cg06658468
6052	cg06660332
6053	cg06662140
6054	cg06663737
6055	cg06664254
6056	cg06667732
6057	cg06668300
6058	cg06670463
6059	cg06671473
6060	cg06671962
6061	cg06672560
6062	cg06672696
6063	cg06673536
6064	cg06673794
6065	cg06675417
6066	cg06675483
6067	cg06677021
6068	cg06679334
6069	cg06679494
6070	cg06679692
6071	cg06679868
6072	cg06680793
6073	cg06682875
6074	cg06683487
6075	cg06685111
6076	cg06686709
6077	cg06687305
6078	cg06688763
6079	cg06688770
6080	cg06688848
6081	cg06690168
6082	cg06690548
6083	cg06691589
6084	cg06692871
6085	cg06692929
6086	cg06692957
6087	cg06697600
6088	cg06698575
6089	cg06698844
6090	cg06699040
6091	cg06699216
6092	cg06700275
6093	cg06701529
6094	cg06702690
6095	cg06704518
6096	cg06704969
6097	cg06705834
6098	cg06708634
6099	cg06710083
6100	cg06710648
6101	cg06711175
6102	cg06711656
6103	cg06712013
6104	cg06712651
6105	cg06713116
6106	cg06714981
6107	cg06716563
6108	cg06718696
6109	cg06721796
6110	cg06722193
6111	cg06722281
6112	cg06722282
6113	cg06723492
6114	cg06725108
6115	cg06727198
6116	cg06728310
6117	cg06729434
6118	cg06729842
6119	cg06730285
6120	cg06730723
6121	cg06731443
6122	cg06732989
6123	cg06734510
6124	cg06735127
6125	cg06735598
6126	cg06736312
6127	cg06736444
6128	cg06736685
6129	cg06737494
6130	cg06738063
6131	cg06738602
6132	cg06739520
6133	cg06741530
6134	cg06742719
6135	cg06746154
6136	cg06747745
6137	cg06751446
6138	cg06752157
6139	cg06752482
6140	cg06753281
6141	cg06754224
6142	cg06754565
6143	cg06758350
6144	cg06758827
6145	cg06759629
6146	cg06765514
6147	cg06766273
6148	cg06766367
6149	cg06767142
6150	cg06768203
6151	cg06770322
6152	cg06771060
6153	cg06772202
6154	cg06772309
6155	cg06775471
6156	cg06775523
6157	cg06779421
6158	cg06780601
6159	cg06781853
6160	cg06782035
6161	cg06782606
6162	cg06784232
6163	cg06784691
6164	cg06784991
6165	cg06785746
6166	cg06786499
6167	cg06789517
6168	cg06791867
6169	cg06792538
6170	cg06793672
6171	cg06794543
6172	cg06795963
6173	cg06796435
6174	cg06796779
6175	cg06797880
6176	cg06798008
6177	cg06798350
6178	cg06799298
6179	cg06799422
6180	cg06799979
6181	cg06800849
6182	cg06802565
6183	cg06803201
6184	cg06803706
6185	cg06804823
6186	cg06804921
6187	cg06805218
6188	cg06805925
6189	cg06806080
6190	cg06806711
6191	cg06806788
6192	cg06807593
6193	cg06807989
6194	cg06807993
6195	cg06808011
6196	cg06808571
6197	cg06809285
6198	cg06809342
6199	cg06810647
6200	cg06812822
6201	cg06813250
6202	cg06813295
6203	cg06817264
6204	cg06818582
6205	cg06818777
6206	cg06819357
6207	cg06819923
6208	cg06819963
6209	cg06821999
6210	cg06822952
6211	cg06824394
6212	cg06830006
6213	cg06831064
6214	cg06832406
6215	cg06832853
6216	cg06833228
6217	cg06833271
6218	cg06834689
6219	cg06836406
6220	cg06836772
6221	cg06837444
6222	cg06838584
6223	cg06838877
6224	cg06840659
6225	cg06841024
6226	cg06842181
6227	cg06842946
6228	cg06842989
6229	cg06843147
6230	cg06843189
6231	cg06845354
6232	cg06845706
6233	cg06846310
6234	cg06846752
6235	cg06846976
6236	cg06847828
6237	cg06848775
6238	cg06849960
6239	cg06851000
6240	cg06852037
6241	cg06852243
6242	cg06852461
6243	cg06853416
6244	cg06854487
6245	cg06855983
6246	cg06857049
6247	cg06864533
6248	cg06865309
6249	cg06867482
6250	cg06868100
6251	cg06869971
6252	cg06871074
6253	cg06871560
6254	cg06871736
6255	cg06872257
6256	cg06872331
6257	cg06872548
6258	cg06873345
6259	cg06873980
6260	cg06874016
6261	cg06875488
6262	cg06875552
6263	cg06876354
6264	cg06878108
6265	cg06882058
6266	cg06883267
6267	cg06884495
6268	cg06885782
6269	cg06888746
6270	cg06889422
6271	cg06891164
6272	cg06891424
6273	cg06891458
6274	cg06891491
6275	cg06891775
6276	cg06893273
6277	cg06893537
6278	cg06894204
6279	cg06894599
6280	cg06894612
6281	cg06897145
6282	cg06897661
6283	cg06898549
6284	cg06901711
6285	cg06903010
6286	cg06903103
6287	cg06903325
6288	cg06903569
6289	cg06904356
6290	cg06906464
6291	cg06907708
6292	cg06908352
6293	cg06908450
6294	cg06908474
6295	cg06908778
6296	cg06911020
6297	cg06911238
6298	cg06911753
6299	cg06912355
6300	cg06912575
6301	cg06913228
6302	cg06915053
6303	cg06915334
6304	cg06915453
6305	cg06916709
6306	cg06916725
6307	cg06917186
6308	cg06919203
6309	cg06921011
6310	cg06922212
6311	cg06925600
6312	cg06926735
6313	cg06929174
6314	cg06933816
6315	cg06933824
6316	cg06935608
6317	cg06937549
6318	cg06938101
6319	cg06938705
6320	cg06939307
6321	cg06941312
6322	cg06942370
6323	cg06942637
6324	cg06942649
6325	cg06943141
6326	cg06944758
6327	cg06946797
6328	cg06948985
6329	cg06952310
6330	cg06958034
6331	cg06958211
6332	cg06959205
6333	cg06959340
6334	cg06960326
6335	cg06960461
6336	cg06961233
6337	cg06961425
6338	cg06962918
6339	cg06962970
6340	cg06963053
6341	cg06963130
6342	cg06963709
6343	cg06964816
6344	cg06965409
6345	cg06965803
6346	cg06966082
6347	cg06966811
6348	cg06967145
6349	cg06972953
6350	cg06974871
6351	cg06975196
6352	cg06975256
6353	cg06975311
6354	cg06975499
6355	cg06976598
6356	cg06977984
6357	cg06978060
6358	cg06979684
6359	cg06980387
6360	cg06981182
6361	cg06981276
6362	cg06981880
6363	cg06982805
6364	cg06984176
6365	cg06986963
6366	cg06987468
6367	cg06989610
6368	cg06992324
6369	cg06993413
6370	cg06993524
6371	cg06994022
6372	cg06994793
6373	cg06995548
6374	cg06995808
6375	cg07000567
6376	cg07003542
6377	cg07003587
6378	cg07004744
6379	cg07004820
6380	cg07005055
6381	cg07005811
6382	cg07008893
6383	cg07011538
6384	cg07012687
6385	cg07012886
6386	cg07014020
6387	cg07015079
6388	cg07015393
6389	cg07015749
6390	cg07015784
6391	cg07015911
6392	cg07016511
6393	cg07016730
6394	cg07017437
6395	cg07017706
6396	cg07018435
6397	cg07019072
6398	cg07021906
6399	cg07023764
6400	cg07023867
6401	cg07025011
6402	cg07025505
6403	cg07026433
6404	cg07026794
6405	cg07027075
6406	cg07027513
6407	cg07029024
6408	cg07029277
6409	cg07029460
6410	cg07030727
6411	cg07031797
6412	cg07032852
6413	cg07033372
6414	cg07033475
6415	cg07037944
6416	cg07038400
6417	cg07039180
6418	cg07039560
6419	cg07040244
6420	cg07040517
6421	cg07041999
6422	cg07042301
6423	cg07043025
6424	cg07045089
6425	cg07046369
6426	cg07047831
6427	cg07048348
6428	cg07048828
6429	cg07048909
6430	cg07051684
6431	cg07053014
6432	cg07055993
6433	cg07056242
6434	cg07059712
6435	cg07059783
6436	cg07063559
6437	cg07063853
6438	cg07064711
6439	cg07066369
6440	cg07066898
6441	cg07068570
6442	cg07069089
6443	cg07069759
6444	cg07069844
6445	cg07070138
6446	cg07070348
6447	cg07073120
6448	cg07073964
6449	cg07074042
6450	cg07075026
6451	cg07075169
6452	cg07076816
6453	cg07077115
6454	cg07077221
6455	cg07077459
6456	cg07077694
6457	cg07080372
6458	cg07080864
6459	cg07081753
6460	cg07082267
6461	cg07083023
6462	cg07085632
6463	cg07088456
6464	cg07088771
6465	cg07092121
6466	cg07094228
6467	cg07094298
6468	cg07095347
6469	cg07095995
6470	cg07095997
6471	cg07096038
6472	cg07096868
6473	cg07097041
6474	cg07101980
6475	cg07102229
6476	cg07102919
6477	cg07104557
6478	cg07104660
6479	cg07104958
6480	cg07105285
6481	cg07105440
6482	cg07106095
6483	cg07106169
6484	cg07109358
6485	cg07109490
6486	cg07109801
6487	cg07110488
6488	cg07110949
6489	cg07111846
6490	cg07112131
6491	cg07113802
6492	cg07115032
6493	cg07115626
6494	cg07117595
6495	cg07120314
6496	cg07120479
6497	cg07121221
6498	cg07121495
6499	cg07123481
6500	cg07124372
6501	cg07125725
6502	cg07127225
6503	cg07127410
6504	cg07127762
6505	cg07128371
6506	cg07128846
6507	cg07129879
6508	cg07129921
6509	cg07132386
6510	cg07134632
6511	cg07136905
6512	cg07137955
6513	cg07138104
6514	cg07139284
6515	cg07141002
6516	cg07142010
6517	cg07143043
6518	cg07143331
6519	cg07144720
6520	cg07145284
6521	cg07146104
6522	cg07148896
6523	cg07149083
6524	cg07149179
6525	cg07149296
6526	cg07150166
6527	cg07150862
6528	cg07152001
6529	cg07152098
6530	cg07153081
6531	cg07154254
6532	cg07154414
6533	cg07155455
6534	cg07155684
6535	cg07156669
6536	cg07157058
6537	cg07158339
6538	cg07158434
6539	cg07158528
6540	cg07158747
6541	cg07159758
6542	cg07159958
6543	cg07160602
6544	cg07163687
6545	cg07163735
6546	cg07164639
6547	cg07165851
6548	cg07166084
6549	cg07167308
6550	cg07170253
6551	cg07171111
6552	cg07172885
6553	cg07173688
6554	cg07176589
6555	cg07177321
6556	cg07178550
6557	cg07178825
6558	cg07180649
6559	cg07180988
6560	cg07181374
6561	cg07182705
6562	cg07185006
6563	cg07185119
6564	cg07186576
6565	cg07186767
6566	cg07190229
6567	cg07190698
6568	cg07191286
6569	cg07191594
6570	cg07192622
6571	cg07195011
6572	cg07196577
6573	cg07197059
6574	cg07197480
6575	cg07200877
6576	cg07201319
6577	cg07201657
6578	cg07201754
6579	cg07201996
6580	cg07203024
6581	cg07204479
6582	cg07205627
6583	cg07207669
6584	cg07209195
6585	cg07210082
6586	cg07211140
6587	cg07211259
6588	cg07215281
6589	cg07216884
6590	cg07216976
6591	cg07218647
6592	cg07219494
6593	cg07219766
6594	cg07219955
6595	cg07220149
6596	cg07221444
6597	cg07222015
6598	cg07227024
6599	cg07227769
6600	cg07230690
6601	cg07234102
6602	cg07235774
6603	cg07235805
6604	cg07236943
6605	cg07237939
6606	cg07239198
6607	cg07240834
6608	cg07242333
6609	cg07244098
6610	cg07244253
6611	cg07244319
6612	cg07247419
6613	cg07248223
6614	cg07250596
6615	cg07251046
6616	cg07254821
6617	cg07255019
6618	cg07256668
6619	cg07256732
6620	cg07257037
6621	cg07258300
6622	cg07259382
6623	cg07259733
6624	cg07264216
6625	cg07264401
6626	cg07264586
6627	cg07265300
6628	cg07265477
6629	cg07266910
6630	cg07268726
6631	cg07274434
6632	cg07274490
6633	cg07274590
6634	cg07275757
6635	cg07277559
6636	cg07279557
6637	cg07281125
6638	cg07281649
6639	cg07283896
6640	cg07284273
6641	cg07285209
6642	cg07285276
6643	cg07285760
6644	cg07286682
6645	cg07290914
6646	cg07291563
6647	cg07292235
6648	cg07293406
6649	cg07295034
6650	cg07295964
6651	cg07296260
6652	cg07296835
6653	cg07298431
6654	cg07298547
6655	cg07298638
6656	cg07300408
6657	cg07301044
6658	cg07302884
6659	cg07303143
6660	cg07303308
6661	cg07304526
6662	cg07309238
6663	cg07310406
6664	cg07310677
6665	cg07311313
6666	cg07312601
6667	cg07313373
6668	cg07313589
6669	cg07314206
6670	cg07315234
6671	cg07315745
6672	cg07316943
6673	cg07318158
6674	cg07318204
6675	cg07319199
6676	cg07320140
6677	cg07320684
6678	cg07322898
6679	cg07323141
6680	cg07323145
6681	cg07323676
6682	cg07323940
6683	cg07325246
6684	cg07325601
6685	cg07326665
6686	cg07327178
6687	cg07330481
6688	cg07330997
6689	cg07332757
6690	cg07333046
6691	cg07333568
6692	cg07335343
6693	cg07336099
6694	cg07337480
6695	cg07337544
6696	cg07337598
6697	cg07338119
6698	cg07338715
6699	cg07339118
6700	cg07340580
6701	cg07341290
6702	cg07341609
6703	cg07344468
6704	cg07345521
6705	cg07346648
6706	cg07348854
6707	cg07349094
6708	cg07350501
6709	cg07353583
6710	cg07355157
6711	cg07355337
6712	cg07356130
6713	cg07356549
6714	cg07357157
6715	cg07357987
6716	cg07360076
6717	cg07360805
6718	cg07362365
6719	cg07363131
6720	cg07364657
6721	cg07365299
6722	cg07365816
6723	cg07369606
6724	cg07374224
6725	cg07376932
6726	cg07378821
6727	cg07379055
6728	cg07379335
6729	cg07380219
6730	cg07382554
6731	cg07384080
6732	cg07384165
6733	cg07386385
6734	cg07387931
6735	cg07388132
6736	cg07388482
6737	cg07388493
6738	cg07389322
6739	cg07390013
6740	cg07392829
6741	cg07393255
6742	cg07393857
6743	cg07395354
6744	cg07396495
6745	cg07396872
6746	cg07398429
6747	cg07398839
6748	cg07401435
6749	cg07402639
6750	cg07404352
6751	cg07408456
6752	cg07409153
6753	cg07409448
6754	cg07412232
6755	cg07413467
6756	cg07414525
6757	cg07416107
6758	cg07416187
6759	cg07417599
6760	cg07417745
6761	cg07420274
6762	cg07421806
6763	cg07425170
6764	cg07428323
6765	cg07431832
6766	cg07433663
6767	cg07434260
6768	cg07434944
6769	cg07435237
6770	cg07437033
6771	cg07437373
6772	cg07440264
6773	cg07440398
6774	cg07447773
6775	cg07448344
6776	cg07449091
6777	cg07450214
6778	cg07450698
6779	cg07452397
6780	cg07452842
6781	cg07455279
6782	cg07457820
6783	cg07459409
6784	cg07459645
6785	cg07460524
6786	cg07461572
6787	cg07461772
6788	cg07464716
6789	cg07465028
6790	cg07465864
6791	cg07465899
6792	cg07469402
6793	cg07469949
6794	cg07470512
6795	cg07470968
6796	cg07471256
6797	cg07471614
6798	cg07472943
6799	cg07474678
6800	cg07474825
6801	cg07475922
6802	cg07477034
6803	cg07477282
6804	cg07480090
6805	cg07480608
6806	cg07480639
6807	cg07480754
6808	cg07482451
6809	cg07484827
6810	cg07485831
6811	cg07486199
6812	cg07487572
6813	cg07489413
6814	cg07489842
6815	cg07491514
6816	cg07492518
6817	cg07492636
6818	cg07494518
6819	cg07494667
6820	cg07495664
6821	cg07495704
6822	cg07495811
6823	cg07498421
6824	cg07499026
6825	cg07499079
6826	cg07502389
6827	cg07503069
6828	cg07504739
6829	cg07504780
6830	cg07504977
6831	cg07505719
6832	cg07509935
6833	cg07510423
6834	cg07511565
6835	cg07514107
6836	cg07516148
6837	cg07516252
6838	cg07517040
6839	cg07517358
6840	cg07520269
6841	cg07520608
6842	cg07520611
6843	cg07520860
6844	cg07521929
6845	cg07522913
6846	cg07523741
6847	cg07529122
6848	cg07529461
6849	cg07529654
6850	cg07531248
6851	cg07534554
6852	cg07536102
6853	cg07536161
6854	cg07537152
6855	cg07537917
6856	cg07539443
6857	cg07539564
6858	cg07540084
6859	cg07541020
6860	cg07543883
6861	cg07544038
6862	cg07544187
6863	cg07545317
6864	cg07546078
6865	cg07547549
6866	cg07547765
6867	cg07548202
6868	cg07550331
6869	cg07550554
6870	cg07550819
6871	cg07552087
6872	cg07553761
6873	cg07556915
6874	cg07557260
6875	cg07559218
6876	cg07560510
6877	cg07561710
6878	cg07566931
6879	cg07568203
6880	cg07569701
6881	cg07571202
6882	cg07571344
6883	cg07571438
6884	cg07571531
6885	cg07571928
6886	cg07571951
6887	cg07573078
6888	cg07573872
6889	cg07574178
6890	cg07581257
6891	cg07581460
6892	cg07582047
6893	cg07583137
6894	cg07584066
6895	cg07584558
6896	cg07584620
6897	cg07588113
6898	cg07588964
6899	cg07589381
6900	cg07589531
6901	cg07589899
6902	cg07590529
6903	cg07591186
6904	cg07591937
6905	cg07592681
6906	cg07593542
6907	cg07595346
6908	cg07595943
6909	cg07597022
6910	cg07597069
6911	cg07597118
6912	cg07597763
6913	cg07598052
6914	cg07599133
6915	cg07599786
6916	cg07599819
6917	cg07599979
6918	cg07600374
6919	cg07600647
6920	cg07601258
6921	cg07602868
6922	cg07603058
6923	cg07611121
6924	cg07612978
6925	cg07613660
6926	cg07615237
6927	cg07617198
6928	cg07619672
6929	cg07619820
6930	cg07620573
6931	cg07620889
6932	cg07621046
6933	cg07621749
6934	cg07622575
6935	cg07624600
6936	cg07624639
6937	cg07626637
6938	cg07629854
6939	cg07630301
6940	cg07631309
6941	cg07631435
6942	cg07632448
6943	cg07632615
6944	cg07632934
6945	cg07633212
6946	cg07633701
6947	cg07634706
6948	cg07636176
6949	cg07637143
6950	cg07637837
6951	cg07638500
6952	cg07639259
6953	cg07640648
6954	cg07642291
6955	cg07643616
6956	cg07644039
6957	cg07644368
6958	cg07645190
6959	cg07650252
6960	cg07652982
6961	cg07654934
6962	cg07655598
6963	cg07657357
6964	cg07658681
6965	cg07660627
6966	cg07661702
6967	cg07663789
6968	cg07664183
6969	cg07665217
6970	cg07668206
6971	cg07671586
6972	cg07671805
6973	cg07675337
6974	cg07676361
6975	cg07676517
6976	cg07676709
6977	cg07677157
6978	cg07679836
6979	cg07685728
6980	cg07685736
6981	cg07686635
6982	cg07686916
6983	cg07687766
6984	cg07688490
6985	cg07688613
6986	cg07690098
6987	cg07690734
6988	cg07691793
6989	cg07694221
6990	cg07695330
6991	cg07695835
6992	cg07696670
6993	cg07696673
6994	cg07698725
6995	cg07699351
6996	cg07700317
6997	cg07702659
6998	cg07703358
6999	cg07706687
7000	cg07707056
7001	cg07708286
7002	cg07708487
7003	cg07709065
7004	cg07709224
7005	cg07711617
7006	cg07717903
7007	cg07718800
7008	cg07719258
7009	cg07721203
7010	cg07721409
7011	cg07724309
7012	cg07724977
7013	cg07725123
7014	cg07725527
7015	cg07725889
7016	cg07728425
7017	cg07729082
7018	cg07729711
7019	cg07730301
7020	cg07730360
7021	cg07732827
7022	cg07733920
7023	cg07734975
7024	cg07736657
7025	cg07737644
7026	cg07738663
7027	cg07738730
7028	cg07739179
7029	cg07739215
7030	cg07739478
7031	cg07740525
7032	cg07741395
7033	cg07741805
7034	cg07741821
7035	cg07741929
7036	cg07742235
7037	cg07743805
7038	cg07746249
7039	cg07747133
7040	cg07747299
7041	cg07747616
7042	cg07748518
7043	cg07749613
7044	cg07751331
7045	cg07756635
7046	cg07757454
7047	cg07759394
7048	cg07760269
7049	cg07760622
7050	cg07760794
7051	cg07762599
7052	cg07764386
7053	cg07766263
7054	cg07766424
7055	cg07767776
7056	cg07769588
7057	cg07770222
7058	cg07772309
7059	cg07774964
7060	cg07779119
7061	cg07779423
7062	cg07779444
7063	cg07779808
7064	cg07781491
7065	cg07782924
7066	cg07783282
7067	cg07783477
7068	cg07788865
7069	cg07791803
7070	cg07793207
7071	cg07796002
7072	cg07796016
7073	cg07800036
7074	cg07800658
7075	cg07802401
7076	cg07803108
7077	cg07803236
7078	cg07803375
7079	cg07803836
7080	cg07805332
7081	cg07806886
7082	cg07807165
7083	cg07808661
7084	cg07809027
7085	cg07809484
7086	cg07809589
7087	cg07809831
7088	cg07810156
7089	cg07810190
7090	cg07811644
7091	cg07811779
7092	cg07814318
7093	cg07815522
7094	cg07816074
7095	cg07816205
7096	cg07817055
7097	cg07817698
7098	cg07820189
7099	cg07820882
7100	cg07821808
7101	cg07821894
7102	cg07822074
7103	cg07823273
7104	cg07825606
7105	cg07826424
7106	cg07830269
7107	cg07830534
7108	cg07830652
7109	cg07831837
7110	cg07832761
7111	cg07833269
7112	cg07833467
7113	cg07833554
7114	cg07834249
7115	cg07835443
7116	cg07836663
7117	cg07838001
7118	cg07838106
7119	cg07838270
7120	cg07839071
7121	cg07839457
7122	cg07841633
7123	cg07842062
7124	cg07843181
7125	cg07843390
7126	cg07844255
7127	cg07844381
7128	cg07846081
7129	cg07847030
7130	cg07849000
7131	cg07849827
7132	cg07849904
7133	cg07850154
7134	cg07850604
7135	cg07853501
7136	cg07854108
7137	cg07856155
7138	cg07856975
7139	cg07857181
7140	cg07863159
7141	cg07864323
7142	cg07865653
7143	cg07866001
7144	cg07867072
7145	cg07867602
7146	cg07868018
7147	cg07869343
7148	cg07870541
7149	cg07871442
7150	cg07871503
7151	cg07871532
7152	cg07872373
7153	cg07872945
7154	cg07873320
7155	cg07875786
7156	cg07876450
7157	cg07876788
7158	cg07878065
7159	cg07878951
7160	cg07882059
7161	cg07882671
7162	cg07883622
7163	cg07884019
7164	cg07888957
7165	cg07890839
7166	cg07893176
7167	cg07893512
7168	cg07894334
7169	cg07895006
7170	cg07897248
7171	cg07898899
7172	cg07900024
7173	cg07901797
7174	cg07903650
7175	cg07904051
7176	cg07904452
7177	cg07904865
7178	cg07904900
7179	cg07906193
7180	cg07907506
7181	cg07908055
7182	cg07908160
7183	cg07909165
7184	cg07910065
7185	cg07910460
7186	cg07910724
7187	cg07910813
7188	cg07911933
7189	cg07914614
7190	cg07915206
7191	cg07916085
7192	cg07917528
7193	cg07917796
7194	cg07919131
7195	cg07919695
7196	cg07920503
7197	cg07922606
7198	cg07924503
7199	cg07925670
7200	cg07927379
7201	cg07927540
7202	cg07927953
7203	cg07928060
7204	cg07928232
7205	cg07929310
7206	cg07929447
7207	cg07930757
7208	cg07931411
7209	cg07931608
7210	cg07932199
7211	cg07933378
7212	cg07933552
7213	cg07935568
7214	cg07935886
7215	cg07937631
7216	cg07938388
7217	cg07938676
7218	cg07938847
7219	cg07942273
7220	cg07944420
7221	cg07945448
7222	cg07946732
7223	cg07947033
7224	cg07949587
7225	cg07949597
7226	cg07950000
7227	cg07951355
7228	cg07951602
7229	cg07955474
7230	cg07955677
7231	cg07955887
7232	cg07955995
7233	cg07957995
7234	cg07958878
7235	cg07960624
7236	cg07960846
7237	cg07961015
7238	cg07962338
7239	cg07963885
7240	cg07963988
7241	cg07964356
7242	cg07967058
7243	cg07967210
7244	cg07967679
7245	cg07968224
7246	cg07969684
7247	cg07971188
7248	cg07971863
7249	cg07973162
7250	cg07974063
7251	cg07974890
7252	cg07977153
7253	cg07978099
7254	cg07983614
7255	cg07984212
7256	cg07984286
7257	cg07984380
7258	cg07984980
7259	cg07986378
7260	cg07986773
7261	cg07987148
7262	cg07988171
7263	cg07989298
7264	cg07989568
7265	cg07989867
7266	cg07991112
7267	cg07991667
7268	cg07994859
7269	cg07997221
7270	cg07998387
7271	cg07998710
7272	cg08001107
7273	cg08004620
7274	cg08004823
7275	cg08004926
7276	cg08006309
7277	cg08006519
7278	cg08007899
7279	cg08008573
7280	cg08009265
7281	cg08011245
7282	cg08012287
7283	cg08012294
7284	cg08013557
7285	cg08015278
7286	cg08015704
7287	cg08016257
7288	cg08016383
7289	cg08017326
7290	cg08017518
7291	cg08017858
7292	cg08018888
7293	cg08019058
7294	cg08022502
7295	cg08023476
7296	cg08024316
7297	cg08025960
7298	cg08026464
7299	cg08027265
7300	cg08029608
7301	cg08030082
7302	cg08030922
7303	cg08031509
7304	cg08033031
7305	cg08034070
7306	cg08034171
7307	cg08035323
7308	cg08035942
7309	cg08036553
7310	cg08038054
7311	cg08038696
7312	cg08043345
7313	cg08043779
7314	cg08046044
7315	cg08046569
7316	cg08047907
7317	cg08049198
7318	cg08051604
7319	cg08055490
7320	cg08058894
7321	cg08062118
7322	cg08062273
7323	cg08062469
7324	cg08065229
7325	cg08065963
7326	cg08067365
7327	cg08068296
7328	cg08071282
7329	cg08072101
7330	cg08072480
7331	cg08073312
7332	cg08074084
7333	cg08074329
7334	cg08074477
7335	cg08074621
7336	cg08074820
7337	cg08074851
7338	cg08076462
7339	cg08077234
7340	cg08079266
7341	cg08080174
7342	cg08080395
7343	cg08081725
7344	cg08082788
7345	cg08083251
7346	cg08084429
7347	cg08084946
7348	cg08086906
7349	cg08089693
7350	cg08090640
7351	cg08090772
7352	cg08091806
7353	cg08092276
7354	cg08093216
7355	cg08093226
7356	cg08096291
7357	cg08096851
7358	cg08097417
7359	cg08097631
7360	cg08097676
7361	cg08097817
7362	cg08098256
7363	cg08104563
7364	cg08106532
7365	cg08107689
7366	cg08108311
7367	cg08110542
7368	cg08110610
7369	cg08111618
7370	cg08112740
7371	cg08113093
7372	cg08115653
7373	cg08116728
7374	cg08118309
7375	cg08118602
7376	cg08118908
7377	cg08119150
7378	cg08119231
7379	cg08121845
7380	cg08122369
7381	cg08122652
7382	cg08124446
7383	cg08124495
7384	cg08124722
7385	cg08126798
7386	cg08128734
7387	cg08129490
7388	cg08130089
7389	cg08130572
7390	cg08131204
7391	cg08132072
7392	cg08132837
7393	cg08133062
7394	cg08134671
7395	cg08135379
7396	cg08137393
7397	cg08138505
7398	cg08138571
7399	cg08138817
7400	cg08139264
7401	cg08140019
7402	cg08140055
7403	cg08140104
7404	cg08143875
7405	cg08147391
7406	cg08147886
7407	cg08149617
7408	cg08151809
7409	cg08154622
7410	cg08157292
7411	cg08159594
7412	cg08160801
7413	cg08161081
7414	cg08161364
7415	cg08161922
7416	cg08162780
7417	cg08162897
7418	cg08166232
7419	cg08166272
7420	cg08167085
7421	cg08167638
7422	cg08167722
7423	cg08168552
7424	cg08169325
7425	cg08169949
7426	cg08170622
7427	cg08170837
7428	cg08171483
7429	cg08172037
7430	cg08172581
7431	cg08173263
7432	cg08173606
7433	cg08174179
7434	cg08174504
7435	cg08178786
7436	cg08179530
7437	cg08179817
7438	cg08180188
7439	cg08186124
7440	cg08186548
7441	cg08186900
7442	cg08187567
7443	cg08188889
7444	cg08189186
7445	cg08190615
7446	cg08191886
7447	cg08193650
7448	cg08195271
7449	cg08196968
7450	cg08197797
7451	cg08198377
7452	cg08200404
7453	cg08202754
7454	cg08202972
7455	cg08203210
7456	cg08203715
7457	cg08205361
7458	cg08206318
7459	cg08206881
7460	cg08207604
7461	cg08208133
7462	cg08209133
7463	cg08209379
7464	cg08212459
7465	cg08212545
7466	cg08212685
7467	cg08216101
7468	cg08218512
7469	cg08219805
7470	cg08220120
7471	cg08220614
7472	cg08222618
7473	cg08222782
7474	cg08223357
7475	cg08225398
7476	cg08230059
7477	cg08230969
7478	cg08234504
7479	cg08235413
7480	cg08235984
7481	cg08241115
7482	cg08241514
7483	cg08242194
7484	cg08244156
7485	cg08244866
7486	cg08246859
7487	cg08247852
7488	cg08248579
7489	cg08248751
7490	cg08250879
7491	cg08251036
7492	cg08251399
7493	cg08254889
7494	cg08255714
7495	cg08257445
7496	cg08260034
7497	cg08260245
7498	cg08260658
7499	cg08262598
7500	cg08262933
7501	cg08264338
7502	cg08264572
7503	cg08264638
7504	cg08264839
7505	cg08265926
7506	cg08267072
7507	cg08269714
7508	cg08269911
7509	cg08270223
7510	cg08270964
7511	cg08272331
7512	cg08274097
7513	cg08274637
7514	cg08276042
7515	cg08276993
7516	cg08277196
7517	cg08277216
7518	cg08279008
7519	cg08280787
7520	cg08280936
7521	cg08281312
7522	cg08282512
7523	cg08282819
7524	cg08284371
7525	cg08284443
7526	cg08284593
7527	cg08285446
7528	cg08286791
7529	cg08287551
7530	cg08288074
7531	cg08288406
7532	cg08289130
7533	cg08289409
7534	cg08290892
7535	cg08291366
7536	cg08291907
7537	cg08291996
7538	cg08292485
7539	cg08293544
7540	cg08296037
7541	cg08297393
7542	cg08297686
7543	cg08300793
7544	cg08301612
7545	cg08307816
7546	cg08309687
7547	cg08311343
7548	cg08311647
7549	cg08312904
7550	cg08313880
7551	cg08314795
7552	cg08317738
7553	cg08317834
7554	cg08322034
7555	cg08322280
7556	cg08323075
7557	cg08323540
7558	cg08324152
7559	cg08326019
7560	cg08327269
7561	cg08327394
7562	cg08327518
7563	cg08329113
7564	cg08330435
7565	cg08330778
7566	cg08331960
7567	cg08332662
7568	cg08334000
7569	cg08334034
7570	cg08334432
7571	cg08334726
7572	cg08334751
7573	cg08335662
7574	cg08336234
7575	cg08343834
7576	cg08345142
7577	cg08346127
7578	cg08349335
7579	cg08350219
7580	cg08352336
7581	cg08355702
7582	cg08356445
7583	cg08357125
7584	cg08357827
7585	cg08360281
7586	cg08362206
7587	cg08362785
7588	cg08363339
7589	cg08364093
7590	cg08364767
7591	cg08365388
7592	cg08367205
7593	cg08367326
7594	cg08367801
7595	cg08368123
7596	cg08368933
7597	cg08369368
7598	cg08370996
7599	cg08371391
7600	cg08373528
7601	cg08373610
7602	cg08373822
7603	cg08373904
7604	cg08374428
7605	cg08374617
7606	cg08374659
7607	cg08374890
7608	cg08376310
7609	cg08377000
7610	cg08381168
7611	cg08381798
7612	cg08383171
7613	cg08388111
7614	cg08389497
7615	cg08390209
7616	cg08395793
7617	cg08397927
7618	cg08398005
7619	cg08398371
7620	cg08399733
7621	cg08399858
7622	cg08401837
7623	cg08402623
7624	cg08402708
7625	cg08402963
7626	cg08405844
7627	cg08410533
7628	cg08411068
7629	cg08411376
7630	cg08411860
7631	cg08412584
7632	cg08413157
7633	cg08413469
7634	cg08414068
7635	cg08415137
7636	cg08415141
7637	cg08415417
7638	cg08415508
7639	cg08415592
7640	cg08419567
7641	cg08420066
7642	cg08423533
7643	cg08424423
7644	cg08427977
7645	cg08428188
7646	cg08429256
7647	cg08430237
7648	cg08430662
7649	cg08434127
7650	cg08434234
7651	cg08436120
7652	cg08437869
7653	cg08437936
7654	cg08438435
7655	cg08438690
7656	cg08439518
7657	cg08440266
7658	cg08441138
7659	cg08443038
7660	cg08443203
7661	cg08444555
7662	cg08445080
7663	cg08445802
7664	cg08446005
7665	cg08446032
7666	cg08447324
7667	cg08447739
7668	cg08448547
7669	cg08448701
7670	cg08449448
7671	cg08453194
7672	cg08454546
7673	cg08458121
7674	cg08459186
7675	cg08461247
7676	cg08461397
7677	cg08462055
7678	cg08462306
7679	cg08462924
7680	cg08464831
7681	cg08466269
7682	cg08467103
7683	cg08468401
7684	cg08468689
7685	cg08472795
7686	cg08473330
7687	cg08474403
7688	cg08475244
7689	cg08475827
7690	cg08475931
7691	cg08476595
7692	cg08478074
7693	cg08478250
7694	cg08478447
7695	cg08479629
7696	cg08480461
7697	cg08481354
7698	cg08482080
7699	cg08482190
7700	cg08485187
7701	cg08486180
7702	cg08486432
7703	cg08487374
7704	cg08487574
7705	cg08489315
7706	cg08489623
7707	cg08490607
7708	cg08493294
7709	cg08495185
7710	cg08495468
7711	cg08496162
7712	cg08496775
7713	cg08497455
7714	cg08506585
7715	cg08509907
7716	cg08511886
7717	cg08513253
7718	cg08516535
7719	cg08516817
7720	cg08516846
7721	cg08517131
7722	cg08518667
7723	cg08519905
7724	cg08521677
7725	cg08522107
7726	cg08526814
7727	cg08527573
7728	cg08528940
7729	cg08529529
7730	cg08530317
7731	cg08530484
7732	cg08530824
7733	cg08532608
7734	cg08533783
7735	cg08535184
7736	cg08538752
7737	cg08539067
7738	cg08539737
7739	cg08540945
7740	cg08541155
7741	cg08541518
7742	cg08541930
7743	cg08541933
7744	cg08543134
7745	cg08544098
7746	cg08545123
7747	cg08548066
7748	cg08548535
7749	cg08548559
7750	cg08549335
7751	cg08549781
7752	cg08550748
7753	cg08551532
7754	cg08555556
7755	cg08557624
7756	cg08558354
7757	cg08558886
7758	cg08560387
7759	cg08560544
7760	cg08563010
7761	cg08564661
7762	cg08566792
7763	cg08567182
7764	cg08569850
7765	cg08570077
7766	cg08570243
7767	cg08572278
7768	cg08572535
7769	cg08573679
7770	cg08576658
7771	cg08577187
7772	cg08577293
7773	cg08577384
7774	cg08578136
7775	cg08578520
7776	cg08578809
7777	cg08580126
7778	cg08580187
7779	cg08581745
7780	cg08582529
7781	cg08583763
7782	cg08584759
7783	cg08586366
7784	cg08586737
7785	cg08587542
7786	cg08590069
7787	cg08591668
7788	cg08592707
7789	cg08593261
7790	cg08593364
7791	cg08594606
7792	cg08594681
7793	cg08596532
7794	cg08596544
7795	cg08598221
7796	cg08599909
7797	cg08604223
7798	cg08606497
7799	cg08607001
7800	cg08608090
7801	cg08608952
7802	cg08610982
7803	cg08611810
7804	cg08614082
7805	cg08614290
7806	cg08614441
7807	cg08614871
7808	cg08616702
7809	cg08617581
7810	cg08619102
7811	cg08619515
7812	cg08619842
7813	cg08620426
7814	cg08620606
7815	cg08620751
7816	cg08621406
7817	cg08622677
7818	cg08625065
7819	cg08627089
7820	cg08628875
7821	cg08629394
7822	cg08633745
7823	cg08635685
7824	cg08637101
7825	cg08637514
7826	cg08637691
7827	cg08638989
7828	cg08639339
7829	cg08639948
7830	cg08640252
7831	cg08640498
7832	cg08641963
7833	cg08642198
7834	cg08642843
7835	cg08644045
7836	cg08644365
7837	cg08645207
7838	cg08648367
7839	cg08649707
7840	cg08652441
7841	cg08652532
7842	cg08654020
7843	cg08654655
7844	cg08655800
7845	cg08656770
7846	cg08657705
7847	cg08657911
7848	cg08659340
7849	cg08659394
7850	cg08661007
7851	cg08662757
7852	cg08663479
7853	cg08663613
7854	cg08663634
7855	cg08665251
7856	cg08665685
7857	cg08666831
7858	cg08666915
7859	cg08667899
7860	cg08668790
7861	cg08671671
7862	cg08674813
7863	cg08676748
7864	cg08679405
7865	cg08680528
7866	cg08681432
7867	cg08684010
7868	cg08684580
7869	cg08686311
7870	cg08686580
7871	cg08688335
7872	cg08690999
7873	cg08693738
7874	cg08694544
7875	cg08694858
7876	cg08695830
7877	cg08695855
7878	cg08696727
7879	cg08697985
7880	cg08701621
7881	cg08704172
7882	cg08704621
7883	cg08706141
7884	cg08707875
7885	cg08708167
7886	cg08708711
7887	cg08708961
7888	cg08712932
7889	cg08714041
7890	cg08715231
7891	cg08715654
7892	cg08716773
7893	cg08717003
7894	cg08718490
7895	cg08721112
7896	cg08722720
7897	cg08723357
7898	cg08723608
7899	cg08723622
7900	cg08724920
7901	cg08726900
7902	cg08727193
7903	cg08730778
7904	cg08731961
7905	cg08733522
7906	cg08736918
7907	cg08737094
7908	cg08738300
7909	cg08739433
7910	cg08739651
7911	cg08742502
7912	cg08743896
7913	cg08746254
7914	cg08747761
7915	cg08747963
7916	cg08748913
7917	cg08749599
7918	cg08750504
7919	cg08751472
7920	cg08753391
7921	cg08754268
7922	cg08755224
7923	cg08759041
7924	cg08759838
7925	cg08761208
7926	cg08762484
7927	cg08762734
7928	cg08764927
7929	cg08768569
7930	cg08769966
7931	cg08770757
7932	cg08771731
7933	cg08772127
7934	cg08772528
7935	cg08772684
7936	cg08774871
7937	cg08786136
7938	cg08787268
7939	cg08787837
7940	cg08789022
7941	cg08789697
7942	cg08790676
7943	cg08793894
7944	cg08797444
7945	cg08797606
7946	cg08797870
7947	cg08801479
7948	cg08802511
7949	cg08802841
7950	cg08804892
7951	cg08805675
7952	cg08805869
7953	cg08806184
7954	cg08811314
7955	cg08811332
7956	cg08815081
7957	cg08816369
7958	cg08818798
7959	cg08819022
7960	cg08819647
7961	cg08822136
7962	cg08822715
7963	cg08824095
7964	cg08824847
7965	cg08825216
7966	cg08825673
7967	cg08826184
7968	cg08826281
7969	cg08827307
7970	cg08827454
7971	cg08828299
7972	cg08828403
7973	cg08829149
7974	cg08832227
7975	cg08832695
7976	cg08832709
7977	cg08834401
7978	cg08837192
7979	cg08838517
7980	cg08840366
7981	cg08841257
7982	cg08841511
7983	cg08842642
7984	cg08843809
7985	cg08844333
7986	cg08844422
7987	cg08844900
7988	cg08847173
7989	cg08848462
7990	cg08849601
7991	cg08852244
7992	cg08853223
7993	cg08854185
7994	cg08855630
7995	cg08857478
7996	cg08857797
7997	cg08858130
7998	cg08858160
7999	cg08863440
8000	cg08864105
8001	cg08868257
8002	cg08870587
8003	cg08870743
8004	cg08871010
8005	cg08871545
8006	cg08872248
8007	cg08872493
8008	cg08872494
8009	cg08875971
8010	cg08877853
8011	cg08878450
8012	cg08879886
8013	cg08881019
8014	cg08882472
8015	cg08883146
8016	cg08883696
8017	cg08885224
8018	cg08885800
8019	cg08888322
8020	cg08888956
8021	cg08893087
8022	cg08893963
8023	cg08895781
8024	cg08896053
8025	cg08896629
8026	cg08897150
8027	cg08898211
8028	cg08898442
8029	cg08898653
8030	cg08899632
8031	cg08899884
8032	cg08900043
8033	cg08900851
8034	cg08902683
8035	cg08903441
8036	cg08903587
8037	cg08904363
8038	cg08906246
8039	cg08907120
8040	cg08908643
8041	cg08909806
8042	cg08911208
8043	cg08911275
8044	cg08912313
8045	cg08912317
8046	cg08914946
8047	cg08915171
8048	cg08915824
8049	cg08916461
8050	cg08917665
8051	cg08918292
8052	cg08919494
8053	cg08919930
8054	cg08920210
8055	cg08923379
8056	cg08923669
8057	cg08924374
8058	cg08926056
8059	cg08926642
8060	cg08931376
8061	cg08932069
8062	cg08933471
8063	cg08934126
8064	cg08935663
8065	cg08935725
8066	cg08935841
8067	cg08938156
8068	cg08939008
8069	cg08939521
8070	cg08942342
8071	cg08943494
8072	cg08945443
8073	cg08947894
8074	cg08949164
8075	cg08949735
8076	cg08950945
8077	cg08952029
8078	cg08952475
8079	cg08954353
8080	cg08955338
8081	cg08957484
8082	cg08960443
8083	cg08960549
8084	cg08960706
8085	cg08961408
8086	cg08961547
8087	cg08963213
8088	cg08963419
8089	cg08965078
8090	cg08965100
8091	cg08965235
8092	cg08965367
8093	cg08967584
8094	cg08968635
8095	cg08968773
8096	cg08969532
8097	cg08969794
8098	cg08969925
8099	cg08971217
8100	cg08971334
8101	cg08972170
8102	cg08975197
8103	cg08975875
8104	cg08975915
8105	cg08978665
8106	cg08980304
8107	cg08980461
8108	cg08980578
8109	cg08983186
8110	cg08984772
8111	cg08985570
8112	cg08988364
8113	cg08989932
8114	cg08991794
8115	cg08992172
8116	cg08992360
8117	cg08993878
8118	cg08994981
8119	cg08995871
8120	cg08995958
8121	cg09000779
8122	cg09002832
8123	cg09004691
8124	cg09007290
8125	cg09010107
8126	cg09010499
8127	cg09010671
8128	cg09011597
8129	cg09011602
8130	cg09012544
8131	cg09015433
8132	cg09015905
8133	cg09016968
8134	cg09016994
8135	cg09018483
8136	cg09019938
8137	cg09022325
8138	cg09022422
8139	cg09023351
8140	cg09023900
8141	cg09025210
8142	cg09025327
8143	cg09025605
8144	cg09025625
8145	cg09034896
8146	cg09035930
8147	cg09036290
8148	cg09036297
8149	cg09037581
8150	cg09041389
8151	cg09042411
8152	cg09043511
8153	cg09044631
8154	cg09045681
8155	cg09045689
8156	cg09047559
8157	cg09048038
8158	cg09049392
8159	cg09049447
8160	cg09049701
8161	cg09050331
8162	cg09051913
8163	cg09051966
8164	cg09053247
8165	cg09053680
8166	cg09053902
8167	cg09058748
8168	cg09063262
8169	cg09065714
8170	cg09066883
8171	cg09067344
8172	cg09067976
8173	cg09068086
8174	cg09069203
8175	cg09071007
8176	cg09071112
8177	cg09072231
8178	cg09073799
8179	cg09074113
8180	cg09079580
8181	cg09084244
8182	cg09086980
8183	cg09089053
8184	cg09092906
8185	cg09093035
8186	cg09093493
8187	cg09094263
8188	cg09094866
8189	cg09095562
8190	cg09096424
8191	cg09096860
8192	cg09096950
8193	cg09097345
8194	cg09099868
8195	cg09100240
8196	cg09101004
8197	cg09101205
8198	cg09105193
8199	cg09107232
8200	cg09107438
8201	cg09110394
8202	cg09115158
8203	cg09115646
8204	cg09116068
8205	cg09116560
8206	cg09117114
8207	cg09118175
8208	cg09118550
8209	cg09118625
8210	cg09119665
8211	cg09122588
8212	cg09122966
8213	cg09124496
8214	cg09125127
8215	cg09125623
8216	cg09126741
8217	cg09128102
8218	cg09128481
8219	cg09130190
8220	cg09133026
8221	cg09133363
8222	cg09134003
8223	cg09134152
8224	cg09134314
8225	cg09135206
8226	cg09136950
8227	cg09137696
8228	cg09140531
8229	cg09141038
8230	cg09142135
8231	cg09142578
8232	cg09143195
8233	cg09143673
8234	cg09144073
8235	cg09144707
8236	cg09145546
8237	cg09146060
8238	cg09148657
8239	cg09149437
8240	cg09150140
8241	cg09151131
8242	cg09152042
8243	cg09152853
8244	cg09152943
8245	cg09153897
8246	cg09154837
8247	cg09154850
8248	cg09155044
8249	cg09159795
8250	cg09160344
8251	cg09161245
8252	cg09161689
8253	cg09163246
8254	cg09163779
8255	cg09164168
8256	cg09164913
8257	cg09166085
8258	cg09166410
8259	cg09166705
8260	cg09169132
8261	cg09169356
8262	cg09169591
8263	cg09171692
8264	cg09173348
8265	cg09173939
8266	cg09178970
8267	cg09179079
8268	cg09180239
8269	cg09180564
8270	cg09182678
8271	cg09183146
8272	cg09183840
8273	cg09184477
8274	cg09184832
8275	cg09185587
8276	cg09187007
8277	cg09188212
8278	cg09190051
8279	cg09190280
8280	cg09191327
8281	cg09192412
8282	cg09194449
8283	cg09195271
8284	cg09195771
8285	cg09196959
8286	cg09199338
8287	cg09201221
8288	cg09201499
8289	cg09203789
8290	cg09203880
8291	cg09206294
8292	cg09207578
8293	cg09211372
8294	cg09214983
8295	cg09215510
8296	cg09217898
8297	cg09219182
8298	cg09219402
8299	cg09222732
8300	cg09223975
8301	cg09224500
8302	cg09224821
8303	cg09225295
8304	cg09225388
8305	cg09225933
8306	cg09226051
8307	cg09226596
8308	cg09227056
8309	cg09228302
8310	cg09229492
8311	cg09230154
8312	cg09231529
8313	cg09233395
8314	cg09233429
8315	cg09234599
8316	cg09235719
8317	cg09235788
8318	cg09236382
8319	cg09237846
8320	cg09238801
8321	cg09239582
8322	cg09241427
8323	cg09243824
8324	cg09244872
8325	cg09248356
8326	cg09249494
8327	cg09253696
8328	cg09254686
8329	cg09254939
8330	cg09255514
8331	cg09255748
8332	cg09256941
8333	cg09257020
8334	cg09258283
8335	cg09264140
8336	cg09267815
8337	cg09268963
8338	cg09270028
8339	cg09274385
8340	cg09275869
8341	cg09278021
8342	cg09278098
8343	cg09278695
8344	cg09279566
8345	cg09279803
8346	cg09280243
8347	cg09281539
8348	cg09283959
8349	cg09284509
8350	cg09285026
8351	cg09285534
8352	cg09287303
8353	cg09289202
8354	cg09290497
8355	cg09290735
8356	cg09292354
8357	cg09293488
8358	cg09293925
8359	cg09294095
8360	cg09294589
8361	cg09295695
8362	cg09296044
8363	cg09298623
8364	cg09299075
8365	cg09301222
8366	cg09303330
8367	cg09304040
8368	cg09308553
8369	cg09308942
8370	cg09313258
8371	cg09313705
8372	cg09313831
8373	cg09314321
8374	cg09315264
8375	cg09315775
8376	cg09315887
8377	cg09316347
8378	cg09317437
8379	cg09317899
8380	cg09318169
8381	cg09319676
8382	cg09321817
8383	cg09322949
8384	cg09322973
8385	cg09323728
8386	cg09328046
8387	cg09328960
8388	cg09328979
8389	cg09329144
8390	cg09331632
8391	cg09333631
8392	cg09334285
8393	cg09336589
8394	cg09337141
8395	cg09337427
8396	cg09337852
8397	cg09338032
8398	cg09338875
8399	cg09341154
8400	cg09342225
8401	cg09344439
8402	cg09347218
8403	cg09349128
8404	cg09350411
8405	cg09350414
8406	cg09351263
8407	cg09354556
8408	cg09355528
8409	cg09355771
8410	cg09356231
8411	cg09357276
8412	cg09357934
8413	cg09359017
8414	cg09360996
8415	cg09361966
8416	cg09362608
8417	cg09363564
8418	cg09363587
8419	cg09364122
8420	cg09365533
8421	cg09367901
8422	cg09368188
8423	cg09369190
8424	cg09371084
8425	cg09372546
8426	cg09373015
8427	cg09373192
8428	cg09373954
8429	cg09374031
8430	cg09374293
8431	cg09379755
8432	cg09382430
8433	cg09383860
8434	cg09387486
8435	cg09387528
8436	cg09388301
8437	cg09388590
8438	cg09390241
8439	cg09392615
8440	cg09395021
8441	cg09396704
8442	cg09397087
8443	cg09397900
8444	cg09400963
8445	cg09401099
8446	cg09404119
8447	cg09404633
8448	cg09406384
8449	cg09407967
8450	cg09408768
8451	cg09409484
8452	cg09409865
8453	cg09409898
8454	cg09413557
8455	cg09413615
8456	cg09414241
8457	cg09414426
8458	cg09414774
8459	cg09414983
8460	cg09415366
8461	cg09415485
8462	cg09416608
8463	cg09418283
8464	cg09418601
8465	cg09423021
8466	cg09423875
8467	cg09424308
8468	cg09424348
8469	cg09424382
8470	cg09425279
8471	cg09425898
8472	cg09428349
8473	cg09428868
8474	cg09430518
8475	cg09431525
8476	cg09432234
8477	cg09432590
8478	cg09434995
8479	cg09435170
8480	cg09436355
8481	cg09436502
8482	cg09438113
8483	cg09438320
8484	cg09441152
8485	cg09442489
8486	cg09443670
8487	cg09447786
8488	cg09450020
8489	cg09450197
8490	cg09451427
8491	cg09458615
8492	cg09459714
8493	cg09461098
8494	cg09461185
8495	cg09462089
8496	cg09462576
8497	cg09462769
8498	cg09463001
8499	cg09464137
8500	cg09466818
8501	cg09468836
8502	cg09469355
8503	cg09470142
8504	cg09474229
8505	cg09476073
8506	cg09476154
8507	cg09478021
8508	cg09479241
8509	cg09480837
8510	cg09482611
8511	cg09485313
8512	cg09486367
8513	cg09487101
8514	cg09488450
8515	cg09490370
8516	cg09490565
8517	cg09491962
8518	cg09494188
8519	cg09496273
8520	cg09496634
8521	cg09497746
8522	cg09497789
8523	cg09500200
8524	cg09502069
8525	cg09502619
8526	cg09503194
8527	cg09504625
8528	cg09506001
8529	cg09506661
8530	cg09508434
8531	cg09509673
8532	cg09509790
8533	cg09511421
8534	cg09511896
8535	cg09513031
8536	cg09514185
8537	cg09521743
8538	cg09521872
8539	cg09522532
8540	cg09523819
8541	cg09524078
8542	cg09530108
8543	cg09530439
8544	cg09531376
8545	cg09531389
8546	cg09532898
8547	cg09535707
8548	cg09536021
8549	cg09537553
8550	cg09538452
8551	cg09539538
8552	cg09542154
8553	cg09544380
8554	cg09547025
8555	cg09547190
8556	cg09547625
8557	cg09547880
8558	cg09548179
8559	cg09550097
8560	cg09550397
8561	cg09550494
8562	cg09551472
8563	cg09552181
8564	cg09552652
8565	cg09552983
8566	cg09553982
8567	cg09554443
8568	cg09556292
8569	cg09556622
8570	cg09559117
8571	cg09559780
8572	cg09560549
8573	cg09561832
8574	cg09565806
8575	cg09566302
8576	cg09566331
8577	cg09567197
8578	cg09567485
8579	cg09567511
8580	cg09567725
8581	cg09568216
8582	cg09568652
8583	cg09569097
8584	cg09569166
8585	cg09570655
8586	cg09572352
8587	cg09573389
8588	cg09576161
8589	cg09576428
8590	cg09577324
8591	cg09577511
8592	cg09578028
8593	cg09578605
8594	cg09578613
8595	cg09578829
8596	cg09580592
8597	cg09582000
8598	cg09582351
8599	cg09583599
8600	cg09583780
8601	cg09584650
8602	cg09584711
8603	cg09586300
8604	cg09589189
8605	cg09589646
8606	cg09590647
8607	cg09590840
8608	cg09592244
8609	cg09592324
8610	cg09593860
8611	cg09594075
8612	cg09594841
8613	cg09596405
8614	cg09596818
8615	cg09597465
8616	cg09597767
8617	cg09598285
8618	cg09601159
8619	cg09602350
8620	cg09602562
8621	cg09603829
8622	cg09604333
8623	cg09605095
8624	cg09605634
8625	cg09607047
8626	cg09607276
8627	cg09608387
8628	cg09608412
8629	cg09610987
8630	cg09611599
8631	cg09614389
8632	cg09614721
8633	cg09615505
8634	cg09616556
8635	cg09616647
8636	cg09618893
8637	cg09621438
8638	cg09622447
8639	cg09622673
8640	cg09623056
8641	cg09624130
8642	cg09624858
8643	cg09625066
8644	cg09625554
8645	cg09626521
8646	cg09628195
8647	cg09628887
8648	cg09630437
8649	cg09633881
8650	cg09635681
8651	cg09636302
8652	cg09636313
8653	cg09636661
8654	cg09637100
8655	cg09638556
8656	cg09641027
8657	cg09642347
8658	cg09645475
8659	cg09645572
8660	cg09645818
8661	cg09646197
8662	cg09646392
8663	cg09648091
8664	cg09648727
8665	cg09650189
8666	cg09651136
8667	cg09652086
8668	cg09652142
8669	cg09653659
8670	cg09654116
8671	cg09654242
8672	cg09654796
8673	cg09655403
8674	cg09655876
8675	cg09656934
8676	cg09658126
8677	cg09658710
8678	cg09660365
8679	cg09661228
8680	cg09661809
8681	cg09662798
8682	cg09664445
8683	cg09664474
8684	cg09664479
8685	cg09665331
8686	cg09665332
8687	cg09667775
8688	cg09668400
8689	cg09670972
8690	cg09671951
8691	cg09672440
8692	cg09677785
8693	cg09677945
8694	cg09678615
8695	cg09679939
8696	cg09679945
8697	cg09681292
8698	cg09681675
8699	cg09681972
8700	cg09682426
8701	cg09683562
8702	cg09683824
8703	cg09685012
8704	cg09686010
8705	cg09686298
8706	cg09686990
8707	cg09687025
8708	cg09690118
8709	cg09690215
8710	cg09692396
8711	cg09693106
8712	cg09696486
8713	cg09697403
8714	cg09697999
8715	cg09698465
8716	cg09699225
8717	cg09700701
8718	cg09704168
8719	cg09705592
8720	cg09709600
8721	cg09710440
8722	cg09715925
8723	cg09716682
8724	cg09717927
8725	cg09717936
8726	cg09718047
8727	cg09718371
8728	cg09721739
8729	cg09722397
8730	cg09722555
8731	cg09723773
8732	cg09726355
8733	cg09728393
8734	cg09729866
8735	cg09730361
8736	cg09730836
8737	cg09731113
8738	cg09731141
8739	cg09733019
8740	cg09736162
8741	cg09737019
8742	cg09741713
8743	cg09741902
8744	cg09743500
8745	cg09745307
8746	cg09745331
8747	cg09748749
8748	cg09750164
8749	cg09750400
8750	cg09754272
8751	cg09754413
8752	cg09754663
8753	cg09754948
8754	cg09756865
8755	cg09759539
8756	cg09759637
8757	cg09759994
8758	cg09760057
8759	cg09760189
8760	cg09764080
8761	cg09765586
8762	cg09768093
8763	cg09768983
8764	cg09769542
8765	cg09771822
8766	cg09772831
8767	cg09773473
8768	cg09776718
8769	cg09777255
8770	cg09777776
8771	cg09780594
8772	cg09782912
8773	cg09783937
8774	cg09785172
8775	cg09788416
8776	cg09789768
8777	cg09791621
8778	cg09793563
8779	cg09796935
8780	cg09798888
8781	cg09799856
8782	cg09799873
8783	cg09806625
8784	cg09807427
8785	cg09808774
8786	cg09809672
8787	cg09809932
8788	cg09810078
8789	cg09812376
8790	cg09813145
8791	cg09813769
8792	cg09816471
8793	cg09820716
8794	cg09821328
8795	cg09823288
8796	cg09824710
8797	cg09826306
8798	cg09830308
8799	cg09830455
8800	cg09830575
8801	cg09831562
8802	cg09831620
8803	cg09832613
8804	cg09833789
8805	cg09834822
8806	cg09837155
8807	cg09837656
8808	cg09838442
8809	cg09841001
8810	cg09845806
8811	cg09846458
8812	cg09847250
8813	cg09848191
8814	cg09848445
8815	cg09849302
8816	cg09849552
8817	cg09850632
8818	cg09850980
8819	cg09851465
8820	cg09851989
8821	cg09852918
8822	cg09854088
8823	cg09856367
8824	cg09856696
8825	cg09857786
8826	cg09858677
8827	cg09860050
8828	cg09862733
8829	cg09863428
8830	cg09867945
8831	cg09868336
8832	cg09869858
8833	cg09873703
8834	cg09874213
8835	cg09879253
8836	cg09881855
8837	cg09882118
8838	cg09884076
8839	cg09884146
8840	cg09884419
8841	cg09885951
8842	cg09886641
8843	cg09887532
8844	cg09888145
8845	cg09888562
8846	cg09888620
8847	cg09889857
8848	cg09890374
8849	cg09892203
8850	cg09894284
8851	cg09895223
8852	cg09895325
8853	cg09896106
8854	cg09899215
8855	cg09901532
8856	cg09903592
8857	cg09904296
8858	cg09904573
8859	cg09906309
8860	cg09906752
8861	cg09907395
8862	cg09907936
8863	cg09908041
8864	cg09910000
8865	cg09910464
8866	cg09910876
8867	cg09910998
8868	cg09911585
8869	cg09914675
8870	cg09915601
8871	cg09916157
8872	cg09916336
8873	cg09916663
8874	cg09919392
8875	cg09919727
8876	cg09920605
8877	cg09920725
8878	cg09921821
8879	cg09923671
8880	cg09924848
8881	cg09926178
8882	cg09929180
8883	cg09929187
8884	cg09929786
8885	cg09932507
8886	cg09933355
8887	cg09933458
8888	cg09935271
8889	cg09935388
8890	cg09935792
8891	cg09936080
8892	cg09936400
8893	cg09936426
8894	cg09937438
8895	cg09938213
8896	cg09940677
8897	cg09940915
8898	cg09942492
8899	cg09944147
8900	cg09944760
8901	cg09946253
8902	cg09946591
8903	cg09948192
8904	cg09949775
8905	cg09953499
8906	cg09955413
8907	cg09955928
8908	cg09961177
8909	cg09962925
8910	cg09965384
8911	cg09966430
8912	cg09968214
8913	cg09968620
8914	cg09969462
8915	cg09969830
8916	cg09971184
8917	cg09971646
8918	cg09971754
8919	cg09973676
8920	cg09973771
8921	cg09973880
8922	cg09974041
8923	cg09974965
8924	cg09975683
8925	cg09975804
8926	cg09976876
8927	cg09977703
8928	cg09977794
8929	cg09978077
8930	cg09979763
8931	cg09981907
8932	cg09983746
8933	cg09983920
8934	cg09984392
8935	cg09990086
8936	cg09991298
8937	cg09993145
8938	cg09995750
8939	cg09996325
8940	cg09998151
8941	cg10000096
8942	cg10002915
8943	cg10005490
8944	cg10005565
8945	cg10008970
8946	cg10009157
8947	cg10011249
8948	cg10017843
8949	cg10018167
8950	cg10021043
8951	cg10021364
8952	cg10021924
8953	cg10022248
8954	cg10022702
8955	cg10022966
8956	cg10023324
8957	cg10023862
8958	cg10026495
8959	cg10027085
8960	cg10030437
8961	cg10033475
8962	cg10035988
8963	cg10036013
8964	cg10040493
8965	cg10040506
8966	cg10040866
8967	cg10043101
8968	cg10045881
8969	cg10046620
8970	cg10046771
8971	cg10048986
8972	cg10052840
8973	cg10053507
8974	cg10054980
8975	cg10055398
8976	cg10057884
8977	cg10059056
8978	cg10060399
8979	cg10061379
8980	cg10063805
8981	cg10063845
8982	cg10064339
8983	cg10068034
8984	cg10068417
8985	cg10068516
8986	cg10069155
8987	cg10070101
8988	cg10071690
8989	cg10071824
8990	cg10072328
8991	cg10072464
8992	cg10076783
8993	cg10078511
8994	cg10080808
8995	cg10082647
8996	cg10083098
8997	cg10084554
8998	cg10085138
8999	cg10089656
9000	cg10090414
9001	cg10092377
9002	cg10092518
9003	cg10094616
9004	cg10097150
9005	cg10097464
9006	cg10099638
9007	cg10099651
9008	cg10101634
9009	cg10103850
9010	cg10104252
9011	cg10106965
9012	cg10107050
9013	cg10107671
9014	cg10110474
9015	cg10110957
9016	cg10113157
9017	cg10113589
9018	cg10113885
9019	cg10116432
9020	cg10116490
9021	cg10118784
9022	cg10119082
9023	cg10120040
9024	cg10120056
9025	cg10121097
9026	cg10121113
9027	cg10123662
9028	cg10123952
9029	cg10124440
9030	cg10125423
9031	cg10126903
9032	cg10127530
9033	cg10129391
9034	cg10129665
9035	cg10130257
9036	cg10130564
9037	cg10132208
9038	cg10133725
9039	cg10133935
9040	cg10134312
9041	cg10135197
9042	cg10136008
9043	cg10136168
9044	cg10137990
9045	cg10139151
9046	cg10139443
9047	cg10139476
9048	cg10142252
9049	cg10143416
9050	cg10143960
9051	cg10144104
9052	cg10144400
9053	cg10144483
9054	cg10147507
9055	cg10149296
9056	cg10149487
9057	cg10150962
9058	cg10151957
9059	cg10152449
9060	cg10154971
9061	cg10155983
9062	cg10156217
9063	cg10158181
9064	cg10158711
9065	cg10159113
9066	cg10160276
9067	cg10160701
9068	cg10163222
9069	cg10163342
9070	cg10163998
9071	cg10166888
9072	cg10167235
9073	cg10168894
9074	cg10169261
9075	cg10171230
9076	cg10177080
9077	cg10179300
9078	cg10181822
9079	cg10182317
9080	cg10182697
9081	cg10183150
9082	cg10183248
9083	cg10185424
9084	cg10187902
9085	cg10189095
9086	cg10189661
9087	cg10192196
9088	cg10192736
9089	cg10192877
9090	cg10192933
9091	cg10194503
9092	cg10195050
9093	cg10195415
9094	cg10195889
9095	cg10196258
9096	cg10196309
9097	cg10196532
9098	cg10197332
9099	cg10197766
9100	cg10198813
9101	cg10198837
9102	cg10200291
9103	cg10201608
9104	cg10202457
9105	cg10202557
9106	cg10203610
9107	cg10204755
9108	cg10206039
9109	cg10207218
9110	cg10208301
9111	cg10208370
9112	cg10210806
9113	cg10213353
9114	cg10213695
9115	cg10217454
9116	cg10218002
9117	cg10218426
9118	cg10219742
9119	cg10220589
9120	cg10221746
9121	cg10223479
9122	cg10224107
9123	cg10224311
9124	cg10225362
9125	cg10225525
9126	cg10226744
9127	cg10228414
9128	cg10228719
9129	cg10230190
9130	cg10232140
9131	cg10233638
9132	cg10234511
9133	cg10239319
9134	cg10240139
9135	cg10240950
9136	cg10241183
9137	cg10243348
9138	cg10243676
9139	cg10245048
9140	cg10245608
9141	cg10245988
9142	cg10247798
9143	cg10249221
9144	cg10249997
9145	cg10253371
9146	cg10255171
9147	cg10255679
9148	cg10257332
9149	cg10257870
9150	cg10258419
9151	cg10259872
9152	cg10261191
9153	cg10263370
9154	cg10264728
9155	cg10265258
9156	cg10266490
9157	cg10271272
9158	cg10271547
9159	cg10271880
9160	cg10277523
9161	cg10281002
9162	cg10281800
9163	cg10284519
9164	cg10286056
9165	cg10288441
9166	cg10289976
9167	cg10291141
9168	cg10292915
9169	cg10294474
9170	cg10296513
9171	cg10300188
9172	cg10301967
9173	cg10306703
9174	cg10307580
9175	cg10307662
9176	cg10308629
9177	cg10308785
9178	cg10312190
9179	cg10312464
9180	cg10312707
9181	cg10314221
9182	cg10314270
9183	cg10315231
9184	cg10315903
9185	cg10316525
9186	cg10319629
9187	cg10320000
9188	cg10320659
9189	cg10321156
9190	cg10321266
9191	cg10322504
9192	cg10323552
9193	cg10324116
9194	cg10324245
9195	cg10327168
9196	cg10327711
9197	cg10327976
9198	cg10329418
9199	cg10330057
9200	cg10331231
9201	cg10331462
9202	cg10331773
9203	cg10333023
9204	cg10333311
9205	cg10335018
9206	cg10337956
9207	cg10338112
9208	cg10339152
9209	cg10341154
9210	cg10342963
9211	cg10343742
9212	cg10345936
9213	cg10346623
9214	cg10348972
9215	cg10351287
9216	cg10354495
9217	cg10355759
9218	cg10357888
9219	cg10359006
9220	cg10359157
9221	cg10359291
9222	cg10361167
9223	cg10362475
9224	cg10362869
9225	cg10363337
9226	cg10364115
9227	cg10365246
9228	cg10366786
9229	cg10366876
9230	cg10369049
9231	cg10372057
9232	cg10373645
9233	cg10374813
9234	cg10376763
9235	cg10376827
9236	cg10377274
9237	cg10378521
9238	cg10378538
9239	cg10379472
9240	cg10380233
9241	cg10380546
9242	cg10381071
9243	cg10381813
9244	cg10381888
9245	cg10382814
9246	cg10385448
9247	cg10386292
9248	cg10386501
9249	cg10386659
9250	cg10389148
9251	cg10389229
9252	cg10389438
9253	cg10389771
9254	cg10391906
9255	cg10393598
9256	cg10395519
9257	cg10395685
9258	cg10395758
9259	cg10395850
9260	cg10395934
9261	cg10397774
9262	cg10398950
9263	cg10401489
9264	cg10402101
9265	cg10404717
9266	cg10406027
9267	cg10406295
9268	cg10407106
9269	cg10407935
9270	cg10409131
9271	cg10409248
9272	cg10409560
9273	cg10409680
9274	cg10409832
9275	cg10410121
9276	cg10410146
9277	cg10411278
9278	cg10411590
9279	cg10414985
9280	cg10416963
9281	cg10418289
9282	cg10419556
9283	cg10421002
9284	cg10421979
9285	cg10426084
9286	cg10426318
9287	cg10426464
9288	cg10427040
9289	cg10427268
9290	cg10427868
9291	cg10428536
9292	cg10428733
9293	cg10428798
9294	cg10428836
9295	cg10431713
9296	cg10432265
9297	cg10432569
9298	cg10432859
9299	cg10432942
9300	cg10432987
9301	cg10433390
9302	cg10438391
9303	cg10439456
9304	cg10439738
9305	cg10441379
9306	cg10441522
9307	cg10442735
9308	cg10447095
9309	cg10448675
9310	cg10451759
9311	cg10451844
9312	cg10453071
9313	cg10455019
9314	cg10459387
9315	cg10459515
9316	cg10460820
9317	cg10460946
9318	cg10461547
9319	cg10461852
9320	cg10462597
9321	cg10465202
9322	cg10466667
9323	cg10468484
9324	cg10472537
9325	cg10474597
9326	cg10475683
9327	cg10477905
9328	cg10479325
9329	cg10480329
9330	cg10480998
9331	cg10481560
9332	cg10482057
9333	cg10482356
9334	cg10484958
9335	cg10486488
9336	cg10486998
9337	cg10488006
9338	cg10489614
9339	cg10490842
9340	cg10493259
9341	cg10494639
9342	cg10494843
9343	cg10495047
9344	cg10496082
9345	cg10497569
9346	cg10497884
9347	cg10498083
9348	cg10498798
9349	cg10499042
9350	cg10499448
9351	cg10499595
9352	cg10500167
9353	cg10501085
9354	cg10501210
9355	cg10501621
9356	cg10502244
9357	cg10502957
9358	cg10504055
9359	cg10506497
9360	cg10508317
9361	cg10508778
9362	cg10509982
9363	cg10511249
9364	cg10512089
9365	cg10513328
9366	cg10514097
9367	cg10514640
9368	cg10514770
9369	cg10515332
9370	cg10515671
9371	cg10516766
9372	cg10516975
9373	cg10516993
9374	cg10517293
9375	cg10518543
9376	cg10519437
9377	cg10519460
9378	cg10519925
9379	cg10520964
9380	cg10521638
9381	cg10523019
9382	cg10523144
9383	cg10523672
9384	cg10523693
9385	cg10525372
9386	cg10525394
9387	cg10527010
9388	cg10529555
9389	cg10530281
9390	cg10530344
9391	cg10531073
9392	cg10531748
9393	cg10532179
9394	cg10532489
9395	cg10533705
9396	cg10534938
9397	cg10535933
9398	cg10536276
9399	cg10536999
9400	cg10537253
9401	cg10537718
9402	cg10538235
9403	cg10541774
9404	cg10542562
9405	cg10543574
9406	cg10543947
9407	cg10545682
9408	cg10547057
9409	cg10548968
9410	cg10549018
9411	cg10549973
9412	cg10549986
9413	cg10550023
9414	cg10550416
9415	cg10551270
9416	cg10552698
9417	cg10556064
9418	cg10556472
9419	cg10557683
9420	cg10561067
9421	cg10561835
9422	cg10562781
9423	cg10568066
9424	cg10570158
9425	cg10570177
9426	cg10570241
9427	cg10572188
9428	cg10573232
9429	cg10573386
9430	cg10574365
9431	cg10574566
9432	cg10575026
9433	cg10575367
9434	cg10577534
9435	cg10577630
9436	cg10578779
9437	cg10578938
9438	cg10581837
9439	cg10583382
9440	cg10583736
9441	cg10584300
9442	cg10585486
9443	cg10585941
9444	cg10586358
9445	cg10586756
9446	cg10587082
9447	cg10589385
9448	cg10591174
9449	cg10591652
9450	cg10591659
9451	cg10591771
9452	cg10592478
9453	cg10592926
9454	cg10593400
9455	cg10596537
9456	cg10596609
9457	cg10599571
9458	cg10599900
9459	cg10601821
9460	cg10601972
9461	cg10602537
9462	cg10603443
9463	cg10603790
9464	cg10605064
9465	cg10606725
9466	cg10608230
9467	cg10608948
9468	cg10611692
9469	cg10612096
9470	cg10612617
9471	cg10613215
9472	cg10615414
9473	cg10616300
9474	cg10616795
9475	cg10619342
9476	cg10619411
9477	cg10619644
9478	cg10621809
9479	cg10622458
9480	cg10622586
9481	cg10623600
9482	cg10624395
9483	cg10625266
9484	cg10625705
9485	cg10626063
9486	cg10626407
9487	cg10627759
9488	cg10628205
9489	cg10631284
9490	cg10633648
9491	cg10634115
9492	cg10635122
9493	cg10636246
9494	cg10636297
9495	cg10639435
9496	cg10639750
9497	cg10641213
9498	cg10643431
9499	cg10643916
9500	cg10643982
9501	cg10644206
9502	cg10644544
9503	cg10647101
9504	cg10650290
9505	cg10652467
9506	cg10653532
9507	cg10654016
9508	cg10655499
9509	cg10658666
9510	cg10660903
9511	cg10661615
9512	cg10661893
9513	cg10662093
9514	cg10662179
9515	cg10664339
9516	cg10667970
9517	cg10668363
9518	cg10669058
9519	cg10669266
9520	cg10669449
9521	cg10671830
9522	cg10672125
9523	cg10673707
9524	cg10676060
9525	cg10676097
9526	cg10676762
9527	cg10677351
9528	cg10677886
9529	cg10678215
9530	cg10679597
9531	cg10679830
9532	cg10680180
9533	cg10680608
9534	cg10684486
9535	cg10686758
9536	cg10687131
9537	cg10691866
9538	cg10692519
9539	cg10693071
9540	cg10694153
9541	cg10694507
9542	cg10695490
9543	cg10696199
9544	cg10696302
9545	cg10696351
9546	cg10697737
9547	cg10698984
9548	cg10699171
9549	cg10699857
9550	cg10700424
9551	cg10700683
9552	cg10701033
9553	cg10702645
9554	cg10706542
9555	cg10707163
9556	cg10707775
9557	cg10707964
9558	cg10708955
9559	cg10710176
9560	cg10712211
9561	cg10712263
9562	cg10714284
9563	cg10715223
9564	cg10715265
9565	cg10716444
9566	cg10717214
9567	cg10717869
9568	cg10721284
9569	cg10722426
9570	cg10722799
9571	cg10723970
9572	cg10725227
9573	cg10727171
9574	cg10727316
9575	cg10729312
9576	cg10729426
9577	cg10730492
9578	cg10731236
9579	cg10736528
9580	cg10737521
9581	cg10738119
9582	cg10739250
9583	cg10741153
9584	cg10742523
9585	cg10743840
9586	cg10744079
9587	cg10745272
9588	cg10745620
9589	cg10747042
9590	cg10747118
9591	cg10747963
9592	cg10749808
9593	cg10750182
9594	cg10750464
9595	cg10750934
9596	cg10751726
9597	cg10752315
9598	cg10753764
9599	cg10753966
9600	cg10754705
9601	cg10755878
9602	cg10755899
9603	cg10755973
9604	cg10757065
9605	cg10757964
9606	cg10759158
9607	cg10760299
9608	cg10761804
9609	cg10762466
9610	cg10765193
9611	cg10765336
9612	cg10768932
9613	cg10769507
9614	cg10769767
9615	cg10770023
9616	cg10770076
9617	cg10771391
9618	cg10772169
9619	cg10773082
9620	cg10773670
9621	cg10775229
9622	cg10776489
9623	cg10778288
9624	cg10778780
9625	cg10780778
9626	cg10782380
9627	cg10784386
9628	cg10784720
9629	cg10784785
9630	cg10784843
9631	cg10785793
9632	cg10786503
9633	cg10788210
9634	cg10790698
9635	cg10791911
9636	cg10792923
9637	cg10794991
9638	cg10795646
9639	cg10797920
9640	cg10798225
9641	cg10801420
9642	cg10802414
9643	cg10804656
9644	cg10805511
9645	cg10808762
9646	cg10809491
9647	cg10810394
9648	cg10810769
9649	cg10810799
9650	cg10811340
9651	cg10812708
9652	cg10812811
9653	cg10813948
9654	cg10815129
9655	cg10815625
9656	cg10816283
9657	cg10816760
9658	cg10817045
9659	cg10819350
9660	cg10819446
9661	cg10820084
9662	cg10820980
9663	cg10821304
9664	cg10822242
9665	cg10822447
9666	cg10824063
9667	cg10824187
9668	cg10825315
9669	cg10825530
9670	cg10830687
9671	cg10830713
9672	cg10832495
9673	cg10833066
9674	cg10833451
9675	cg10833685
9676	cg10834417
9677	cg10835286
9678	cg10835423
9679	cg10835651
9680	cg10836101
9681	cg10836173
9682	cg10837229
9683	cg10837404
9684	cg10838157
9685	cg10841505
9686	cg10848291
9687	cg10848564
9688	cg10851350
9689	cg10852096
9690	cg10853231
9691	cg10853431
9692	cg10854767
9693	cg10855531
9694	cg10855945
9695	cg10858686
9696	cg10860275
9697	cg10861731
9698	cg10863857
9699	cg10865119
9700	cg10866847
9701	cg10869879
9702	cg10870587
9703	cg10874644
9704	cg10875695
9705	cg10876267
9706	cg10876928
9707	cg10878896
9708	cg10881162
9709	cg10881225
9710	cg10883038
9711	cg10884612
9712	cg10888052
9713	cg10889196
9714	cg10890233
9715	cg10890721
9716	cg10892093
9717	cg10893667
9718	cg10895452
9719	cg10896248
9720	cg10900550
9721	cg10904972
9722	cg10905180
9723	cg10905736
9724	cg10907148
9725	cg10910775
9726	cg10914422
9727	cg10915554
9728	cg10915716
9729	cg10916401
9730	cg10917602
9731	cg10919204
9732	cg10919522
9733	cg10920224
9734	cg10920957
9735	cg10922280
9736	cg10923036
9737	cg10924085
9738	cg10925640
9739	cg10926100
9740	cg10927536
9741	cg10927968
9742	cg10928544
9743	cg10931172
9744	cg10933003
9745	cg10933529
9746	cg10935612
9747	cg10938556
9748	cg10938866
9749	cg10940099
9750	cg10940833
9751	cg10941445
9752	cg10942056
9753	cg10944833
9754	cg10946644
9755	cg10947146
9756	cg10948795
9757	cg10949007
9758	cg10949561
9759	cg10949611
9760	cg10950924
9761	cg10951117
9762	cg10952220
9763	cg10953131
9764	cg10953594
9765	cg10955545
9766	cg10956096
9767	cg10956480
9768	cg10958002
9769	cg10959651
9770	cg10960147
9771	cg10960709
9772	cg10961323
9773	cg10963061
9774	cg10964367
9775	cg10968199
9776	cg10971510
9777	cg10973967
9778	cg10975001
9779	cg10975089
9780	cg10976908
9781	cg10978034
9782	cg10978355
9783	cg10978966
9784	cg10979216
9785	cg10979567
9786	cg10981238
9787	cg10981942
9788	cg10983206
9789	cg10984450
9790	cg10989634
9791	cg10989897
9792	cg10991599
9793	cg10993470
9794	cg10999479
9795	cg11001739
9796	cg11004284
9797	cg11005571
9798	cg11006267
9799	cg11010344
9800	cg11010397
9801	cg11011600
9802	cg11013726
9803	cg11014468
9804	cg11015497
9805	cg11017316
9806	cg11018337
9807	cg11019008
9808	cg11020638
9809	cg11021744
9810	cg11022525
9811	cg11023668
9812	cg11024682
9813	cg11025793
9814	cg11029191
9815	cg11029475
9816	cg11036041
9817	cg11036058
9818	cg11036833
9819	cg11041353
9820	cg11043909
9821	cg11047796
9822	cg11049305
9823	cg11049511
9824	cg11051055
9825	cg11051158
9826	cg11052143
9827	cg11053663
9828	cg11058730
9829	cg11059159
9830	cg11059561
9831	cg11061177
9832	cg11063328
9833	cg11064073
9834	cg11065385
9835	cg11066244
9836	cg11067179
9837	cg11067407
9838	cg11068238
9839	cg11068337
9840	cg11069276
9841	cg11070059
9842	cg11070172
9843	cg11070260
9844	cg11071401
9845	cg11074353
9846	cg11075561
9847	cg11077186
9848	cg11078090
9849	cg11082362
9850	cg11083280
9851	cg11084015
9852	cg11084334
9853	cg11085581
9854	cg11086127
9855	cg11086760
9856	cg11090273
9857	cg11091012
9858	cg11092416
9859	cg11095122
9860	cg11095319
9861	cg11095714
9862	cg11096309
9863	cg11096905
9864	cg11098525
9865	cg11099006
9866	cg11100658
9867	cg11101109
9868	cg11103390
9869	cg11105339
9870	cg11106793
9871	cg11108049
9872	cg11108890
9873	cg11109027
9874	cg11109845
9875	cg11110686
9876	cg11112002
9877	cg11114757
9878	cg11115431
9879	cg11116138
9880	cg11116464
9881	cg11117945
9882	cg11118359
9883	cg11118422
9884	cg11120115
9885	cg11120551
9886	cg11122885
9887	cg11123493
9888	cg11124260
9889	cg11124652
9890	cg11124847
9891	cg11125758
9892	cg11126134
9893	cg11126313
9894	cg11126410
9895	cg11128212
9896	cg11128808
9897	cg11131359
9898	cg11131672
9899	cg11132536
9900	cg11132661
9901	cg11134246
9902	cg11134774
9903	cg11135072
9904	cg11136562
9905	cg11136592
9906	cg11137145
9907	cg11139645
9908	cg11143399
9909	cg11144229
9910	cg11144628
9911	cg11145772
9912	cg11146034
9913	cg11146114
9914	cg11146821
9915	cg11147919
9916	cg11149005
9917	cg11149930
9918	cg11151981
9919	cg11152384
9920	cg11152825
9921	cg11153529
9922	cg11153768
9923	cg11155016
9924	cg11155658
9925	cg11155735
9926	cg11157584
9927	cg11160572
9928	cg11160908
9929	cg11162249
9930	cg11163901
9931	cg11166299
9932	cg11170179
9933	cg11170803
9934	cg11171094
9935	cg11171815
9936	cg11172565
9937	cg11172629
9938	cg11173499
9939	cg11173571
9940	cg11176481
9941	cg11176587
9942	cg11176990
9943	cg11177223
9944	cg11177450
9945	cg11177698
9946	cg11178025
9947	cg11180122
9948	cg11182093
9949	cg11184392
9950	cg11185792
9951	cg11186386
9952	cg11189837
9953	cg11194698
9954	cg11195375
9955	cg11197061
9956	cg11197664
9957	cg11198589
9958	cg11200917
9959	cg11201460
9960	cg11202345
9961	cg11203293
9962	cg11204152
9963	cg11204913
9964	cg11205072
9965	cg11205552
9966	cg11206634
9967	cg11207515
9968	cg11209249
9969	cg11212712
9970	cg11213757
9971	cg11214889
9972	cg11217679
9973	cg11218175
9974	cg11218432
9975	cg11218842
9976	cg11218872
9977	cg11219763
9978	cg11220565
9979	cg11220950
9980	cg11222700
9981	cg11223373
9982	cg11224923
9983	cg11226932
9984	cg11228504
9985	cg11228758
9986	cg11229399
9987	cg11229663
9988	cg11230471
9989	cg11232083
9990	cg11232944
9991	cg11233105
9992	cg11233384
9993	cg11235379
9994	cg11235691
9995	cg11235787
9996	cg11235829
9997	cg11235848
9998	cg11235882
9999	cg11237115
10000	cg11237934
10001	cg11238048
10002	cg11240129
10003	cg11241278
10004	cg11241549
10005	cg11244402
10006	cg11246223
10007	cg11248166
10008	cg11248413
10009	cg11249357
10010	cg11250773
10011	cg11251135
10012	cg11254439
10013	cg11255208
10014	cg11255439
10015	cg11258943
10016	cg11259152
10017	cg11260046
10018	cg11261850
10019	cg11265696
10020	cg11265839
10021	cg11266396
10022	cg11266618
10023	cg11267829
10024	cg11268983
10025	cg11270449
10026	cg11270656
10027	cg11271171
10028	cg11274314
10029	cg11276189
10030	cg11277126
10031	cg11281103
10032	cg11282353
10033	cg11283776
10034	cg11284797
10035	cg11286669
10036	cg11287187
10037	cg11287647
10038	cg11290188
10039	cg11290280
10040	cg11293764
10041	cg11293800
10042	cg11294761
10043	cg11295183
10044	cg11297107
10045	cg11297399
10046	cg11297526
10047	cg11298010
10048	cg11298786
10049	cg11299104
10050	cg11299854
10051	cg11299964
10052	cg11301492
10053	cg11301879
10054	cg11302515
10055	cg11302943
10056	cg11303670
10057	cg11305401
10058	cg11305677
10059	cg11311865
10060	cg11312495
10061	cg11313025
10062	cg11313708
10063	cg11314684
10064	cg11315153
10065	cg11315449
10066	cg11315986
10067	cg11317199
10068	cg11321459
10069	cg11324957
10070	cg11326793
10071	cg11327004
10072	cg11328284
10073	cg11328558
10074	cg11329422
10075	cg11329482
10076	cg11331769
10077	cg11332928
10078	cg11333189
10079	cg11334644
10080	cg11334771
10081	cg11336053
10082	cg11336382
10083	cg11338121
10084	cg11338199
10085	cg11341943
10086	cg11342468
10087	cg11344744
10088	cg11345323
10089	cg11345693
10090	cg11345918
10091	cg11345976
10092	cg11347311
10093	cg11351709
10094	cg11352146
10095	cg11352386
10096	cg11352681
10097	cg11353748
10098	cg11354629
10099	cg11356375
10100	cg11357008
10101	cg11358741
10102	cg11361409
10103	cg11362176
10104	cg11362310
10105	cg11363234
10106	cg11363745
10107	cg11365584
10108	cg11365913
10109	cg11369071
10110	cg11370825
10111	cg11376147
10112	cg11377136
10113	cg11378502
10114	cg11380327
10115	cg11382945
10116	cg11382963
10117	cg11386711
10118	cg11387705
10119	cg11388238
10120	cg11388802
10121	cg11391335
10122	cg11394115
10123	cg11394820
10124	cg11395799
10125	cg11395893
10126	cg11397548
10127	cg11397957
10128	cg11398680
10129	cg11399222
10130	cg11401866
10131	cg11402700
10132	cg11403608
10133	cg11403708
10134	cg11404532
10135	cg11405955
10136	cg11407363
10137	cg11407867
10138	cg11408259
10139	cg11408395
10140	cg11410726
10141	cg11410857
10142	cg11410882
10143	cg11412468
10144	cg11413133
10145	cg11414267
10146	cg11415498
10147	cg11417222
10148	cg11417675
10149	cg11419506
10150	cg11420142
10151	cg11420764
10152	cg11421509
10153	cg11421702
10154	cg11421724
10155	cg11422009
10156	cg11422045
10157	cg11423060
10158	cg11423517
10159	cg11423667
10160	cg11424376
10161	cg11426075
10162	cg11426590
10163	cg11426726
10164	cg11429644
10165	cg11431402
10166	cg11434705
10167	cg11436113
10168	cg11438134
10169	cg11444009
10170	cg11444704
10171	cg11446736
10172	cg11449408
10173	cg11452501
10174	cg11453174
10175	cg11453343
10176	cg11454095
10177	cg11456334
10178	cg11459714
10179	cg11459843
10180	cg11462165
10181	cg11464312
10182	cg11466708
10183	cg11466773
10184	cg11469321
10185	cg11471262
10186	cg11476211
10187	cg11480029
10188	cg11482926
10189	cg11483915
10190	cg11485154
10191	cg11487705
10192	cg11490446
10193	cg11491284
10194	cg11495285
10195	cg11497131
10196	cg11497924
10197	cg11499678
10198	cg11499696
10199	cg11500774
10200	cg11505026
10201	cg11505841
10202	cg11507178
10203	cg11507262
10204	cg11510523
10205	cg11511795
10206	cg11513812
10207	cg11514097
10208	cg11516031
10209	cg11516694
10210	cg11517269
10211	cg11518040
10212	cg11518454
10213	cg11523290
10214	cg11524642
10215	cg11526630
10216	cg11526928
10217	cg11527930
10218	cg11529819
10219	cg11530334
10220	cg11530693
10221	cg11534335
10222	cg11534593
10223	cg11537406
10224	cg11538128
10225	cg11539664
10226	cg11539674
10227	cg11539695
10228	cg11540341
10229	cg11540553
10230	cg11540735
10231	cg11544647
10232	cg11545887
10233	cg11546131
10234	cg11547667
10235	cg11548083
10236	cg11548184
10237	cg11553575
10238	cg11553665
10239	cg11554391
10240	cg11557307
10241	cg11557463
10242	cg11558203
10243	cg11560197
10244	cg11561282
10245	cg11562411
10246	cg11563656
10247	cg11564392
10248	cg11565355
10249	cg11565786
10250	cg11569478
10251	cg11572924
10252	cg11573608
10253	cg11574055
10254	cg11575026
10255	cg11580212
10256	cg11580493
10257	cg11581446
10258	cg11582166
10259	cg11582617
10260	cg11584042
10261	cg11588197
10262	cg11591636
10263	cg11594160
10264	cg11595135
10265	cg11598935
10266	cg11599981
10267	cg11600161
10268	cg11603443
10269	cg11605750
10270	cg11606215
10271	cg11608390
10272	cg11609469
10273	cg11611580
10274	cg11612354
10275	cg11613559
10276	cg11615743
10277	cg11618577
10278	cg11619602
10279	cg11620135
10280	cg11623339
10281	cg11628550
10282	cg11630939
10283	cg11631265
10284	cg11631271
10285	cg11631518
10286	cg11632076
10287	cg11634128
10288	cg11634531
10289	cg11636629
10290	cg11637005
10291	cg11637682
10292	cg11638892
10293	cg11638966
10294	cg11642756
10295	cg11646706
10296	cg11647681
10297	cg11649376
10298	cg11650135
10299	cg11650235
10300	cg11650763
10301	cg11651896
10302	cg11652765
10303	cg11653233
10304	cg11653266
10305	cg11657043
10306	cg11659718
10307	cg11660018
10308	cg11661493
10309	cg11662039
10310	cg11663600
10311	cg11664903
10312	cg11665991
10313	cg11666770
10314	cg11666921
10315	cg11667020
10316	cg11668148
10317	cg11669516
10318	cg11670749
10319	cg11671310
10320	cg11671968
10321	cg11673291
10322	cg11673687
10323	cg11674381
10324	cg11674508
10325	cg11677147
10326	cg11677453
10327	cg11677744
10328	cg11682263
10329	cg11682508
10330	cg11682697
10331	cg11684734
10332	cg11685391
10333	cg11686792
10334	cg11689732
10335	cg11690941
10336	cg11691535
10337	cg11693019
10338	cg11693709
10339	cg11694119
10340	cg11701759
10341	cg11704631
10342	cg11704876
10343	cg11705975
10344	cg11706083
10345	cg11707899
10346	cg11708495
10347	cg11708721
10348	cg11710211
10349	cg11714320
10350	cg11715999
10351	cg11717189
10352	cg11717597
10353	cg11718162
10354	cg11719362
10355	cg11719412
10356	cg11721026
10357	cg11721498
10358	cg11722699
10359	cg11723795
10360	cg11723848
10361	cg11727592
10362	cg11728741
10363	cg11731013
10364	cg11731280
10365	cg11731525
10366	cg11732853
10367	cg11735308
10368	cg11736258
10369	cg11737941
10370	cg11738486
10371	cg11738976
10372	cg11739626
10373	cg11739633
10374	cg11741201
10375	cg11743528
10376	cg11745092
10377	cg11750580
10378	cg11752152
10379	cg11753157
10380	cg11754420
10381	cg11755367
10382	cg11756095
10383	cg11756104
10384	cg11758841
10385	cg11760395
10386	cg11762018
10387	cg11763830
10388	cg11764177
10389	cg11764442
10390	cg11766468
10391	cg11772661
10392	cg11773391
10393	cg11777321
10394	cg11778480
10395	cg11778548
10396	cg11778706
10397	cg11779118
10398	cg11781518
10399	cg11781622
10400	cg11782409
10401	cg11782635
10402	cg11784435
10403	cg11786320
10404	cg11787522
10405	cg11787822
10406	cg11788633
10407	cg11789185
10408	cg11789321
10409	cg11789934
10410	cg11790417
10411	cg11790706
10412	cg11791577
10413	cg11792186
10414	cg11793701
10415	cg11795728
10416	cg11795893
10417	cg11798873
10418	cg11801011
10419	cg11804928
10420	cg11805669
10421	cg11807280
10422	cg11809056
10423	cg11809897
10424	cg11813810
10425	cg11817899
10426	cg11819120
10427	cg11819703
10428	cg11820374
10429	cg11820585
10430	cg11823142
10431	cg11823511
10432	cg11824827
10433	cg11825621
10434	cg11825706
10435	cg11825926
10436	cg11825941
10437	cg11826475
10438	cg11827998
10439	cg11828983
10440	cg11829633
10441	cg11830096
10442	cg11830800
10443	cg11832210
10444	cg11832534
10445	cg11833003
10446	cg11833861
10447	cg11835020
10448	cg11835347
10449	cg11840849
10450	cg11841031
10451	cg11841038
10452	cg11841722
10453	cg11841964
10454	cg11846226
10455	cg11846333
10456	cg11846355
10457	cg11847543
10458	cg11848324
10459	cg11848539
10460	cg11848563
10461	cg11848748
10462	cg11848882
10463	cg11850311
10464	cg11852086
10465	cg11852579
10466	cg11854772
10467	cg11854777
10468	cg11855803
10469	cg11857646
10470	cg11857858
10471	cg11858226
10472	cg11860434
10473	cg11861562
10474	cg11861766
10475	cg11862551
10476	cg11863430
10477	cg11866756
10478	cg11867651
10479	cg11868595
10480	cg11868900
10481	cg11870455
10482	cg11873482
10483	cg11875119
10484	cg11881754
10485	cg11883814
10486	cg11887016
10487	cg11889334
10488	cg11890816
10489	cg11894649
10490	cg11896923
10491	cg11897887
10492	cg11898958
10493	cg11900509
10494	cg11902641
10495	cg11902777
10496	cg11903057
10497	cg11904056
10498	cg11905007
10499	cg11905100
10500	cg11908202
10501	cg11908570
10502	cg11908751
10503	cg11911679
10504	cg11916219
10505	cg11919694
10506	cg11920449
10507	cg11921156
10508	cg11923914
10509	cg11924796
10510	cg11925263
10511	cg11927233
10512	cg11928668
10513	cg11929154
10514	cg11929752
10515	cg11929780
10516	cg11931123
10517	cg11932091
10518	cg11932564
10519	cg11934819
10520	cg11935615
10521	cg11939631
10522	cg11941630
10523	cg11941633
10524	cg11942242
10525	cg11944101
10526	cg11945871
10527	cg11946583
10528	cg11946769
10529	cg11947011
10530	cg11947985
10531	cg11948733
10532	cg11949606
10533	cg11953334
10534	cg11954355
10535	cg11955641
10536	cg11956052
10537	cg11960655
10538	cg11960708
10539	cg11960867
10540	cg11962310
10541	cg11962479
10542	cg11962640
10543	cg11963795
10544	cg11965881
10545	cg11966218
10546	cg11969526
10547	cg11970037
10548	cg11970480
10549	cg11971944
10550	cg11972401
10551	cg11974162
10552	cg11975053
10553	cg11976671
10554	cg11977139
10555	cg11977686
10556	cg11977716
10557	cg11978824
10558	cg11979589
10559	cg11980800
10560	cg11982190
10561	cg11983867
10562	cg11987759
10563	cg11988591
10564	cg11988722
10565	cg11989485
10566	cg11989576
10567	cg11990719
10568	cg11991412
10569	cg11992145
10570	cg11992621
10571	cg11992736
10572	cg11998932
10573	cg11999255
10574	cg12000995
10575	cg12001357
10576	cg12003463
10577	cg12007048
10578	cg12009398
10579	cg12011299
10580	cg12011876
10581	cg12012426
10582	cg12013591
10583	cg12016792
10584	cg12017745
10585	cg12020464
10586	cg12023170
10587	cg12023726
10588	cg12024906
10589	cg12025310
10590	cg12025996
10591	cg12026329
10592	cg12026556
10593	cg12026749
10594	cg12027899
10595	cg12031031
10596	cg12031275
10597	cg12031962
10598	cg12032603
10599	cg12035880
10600	cg12036877
10601	cg12038299
10602	cg12038352
10603	cg12040280
10604	cg12040750
10605	cg12041401
10606	cg12042587
10607	cg12042659
10608	cg12045294
10609	cg12045999
10610	cg12046758
10611	cg12047012
10612	cg12047752
10613	cg12049093
10614	cg12050135
10615	cg12051614
10616	cg12051615
10617	cg12051762
10618	cg12051956
10619	cg12054428
10620	cg12054453
10621	cg12058385
10622	cg12062492
10623	cg12064504
10624	cg12065366
10625	cg12065799
10626	cg12067764
10627	cg12068124
10628	cg12069540
10629	cg12071328
10630	cg12072997
10631	cg12075011
10632	cg12075445
10633	cg12076358
10634	cg12077698
10635	cg12078486
10636	cg12079303
10637	cg12080791
10638	cg12080831
10639	cg12081267
10640	cg12081443
10641	cg12082609
10642	cg12083928
10643	cg12084036
10644	cg12084760
10645	cg12085977
10646	cg12086028
10647	cg12091289
10648	cg12091498
10649	cg12091542
10650	cg12092786
10651	cg12093275
10652	cg12094174
10653	cg12097672
10654	cg12098943
10655	cg12099459
10656	cg12100600
10657	cg12100751
10658	cg12105450
10659	cg12106728
10660	cg12109170
10661	cg12109260
10662	cg12112556
10663	cg12113356
10664	cg12114963
10665	cg12116908
10666	cg12118986
10667	cg12119029
10668	cg12119625
10669	cg12119858
10670	cg12121166
10671	cg12121643
10672	cg12122146
10673	cg12122631
10674	cg12124018
10675	cg12126786
10676	cg12127290
10677	cg12128270
10678	cg12129080
10679	cg12131208
10680	cg12131894
10681	cg12132765
10682	cg12133004
10683	cg12133423
10684	cg12133451
10685	cg12133664
10686	cg12134570
10687	cg12134716
10688	cg12135269
10689	cg12135457
10690	cg12137090
10691	cg12138483
10692	cg12140144
10693	cg12140760
10694	cg12143028
10695	cg12143651
10696	cg12144446
10697	cg12144728
10698	cg12145624
10699	cg12145680
10700	cg12145907
10701	cg12146151
10702	cg12148898
10703	cg12149692
10704	cg12150256
10705	cg12154943
10706	cg12155356
10707	cg12156848
10708	cg12157344
10709	cg12157673
10710	cg12158483
10711	cg12164232
10712	cg12165215
10713	cg12167564
10714	cg12170787
10715	cg12171761
10716	cg12171807
10717	cg12172441
10718	cg12172721
10719	cg12175311
10720	cg12175729
10721	cg12175883
10722	cg12175922
10723	cg12176783
10724	cg12177001
10725	cg12178578
10726	cg12179288
10727	cg12180191
10728	cg12180703
10729	cg12182343
10730	cg12183861
10731	cg12187687
10732	cg12187807
10733	cg12188416
10734	cg12188560
10735	cg12188634
10736	cg12188986
10737	cg12190517
10738	cg12190994
10739	cg12192145
10740	cg12193345
10741	cg12194493
10742	cg12195314
10743	cg12197142
10744	cg12197457
10745	cg12198334
10746	cg12198704
10747	cg12201500
10748	cg12205230
10749	cg12205435
10750	cg12205822
10751	cg12206334
10752	cg12207450
10753	cg12211040
10754	cg12211856
10755	cg12212060
10756	cg12212311
10757	cg12214003
10758	cg12215340
10759	cg12216054
10760	cg12217291
10761	cg12217987
10762	cg12219082
10763	cg12219531
10764	cg12223258
10765	cg12226009
10766	cg12226077
10767	cg12226293
10768	cg12227172
10769	cg12228611
10770	cg12232852
10771	cg12234855
10772	cg12236088
10773	cg12237348
10774	cg12238343
10775	cg12247247
10776	cg12248480
10777	cg12249516
10778	cg12250896
10779	cg12252164
10780	cg12252244
10781	cg12252503
10782	cg12253071
10783	cg12253634
10784	cg12253830
10785	cg12257156
10786	cg12257692
10787	cg12258307
10788	cg12258344
10789	cg12261786
10790	cg12265604
10791	cg12265829
10792	cg12267155
10793	cg12269002
10794	cg12269343
10795	cg12269535
10796	cg12270633
10797	cg12270741
10798	cg12273394
10799	cg12274567
10800	cg12274883
10801	cg12275888
10802	cg12277524
10803	cg12278474
10804	cg12278739
10805	cg12279518
10806	cg12283398
10807	cg12284769
10808	cg12286415
10809	cg12287936
10810	cg12288452
10811	cg12289045
10812	cg12292213
10813	cg12298697
10814	cg12298955
10815	cg12299771
10816	cg12302912
10817	cg12303084
10818	cg12304750
10819	cg12305200
10820	cg12306427
10821	cg12307306
10822	cg12307333
10823	cg12309479
10824	cg12310445
10825	cg12315284
10826	cg12316010
10827	cg12318914
10828	cg12319281
10829	cg12324144
10830	cg12325455
10831	cg12325588
10832	cg12325605
10833	cg12326919
10834	cg12328429
10835	cg12329405
10836	cg12329423
10837	cg12329986
10838	cg12330998
10839	cg12332083
10840	cg12333681
10841	cg12334488
10842	cg12335110
10843	cg12336269
10844	cg12338731
10845	cg12340144
10846	cg12340166
10847	cg12341018
10848	cg12343101
10849	cg12343633
10850	cg12343754
10851	cg12344862
10852	cg12346749
10853	cg12347757
10854	cg12348276
10855	cg12349676
10856	cg12350474
10857	cg12351126
10858	cg12351433
10859	cg12353516
10860	cg12353688
10861	cg12354986
10862	cg12356107
10863	cg12358432
10864	cg12359904
10865	cg12360736
10866	cg12361987
10867	cg12363682
10868	cg12366582
10869	cg12366685
10870	cg12366772
10871	cg12369353
10872	cg12371169
10873	cg12371557
10874	cg12373771
10875	cg12377591
10876	cg12379046
10877	cg12379720
10878	cg12380854
10879	cg12382459
10880	cg12382554
10881	cg12383699
10882	cg12384004
10883	cg12384932
10884	cg12386614
10885	cg12387232
10886	cg12387865
10887	cg12391665
10888	cg12392667
10889	cg12394168
10890	cg12395284
10891	cg12396344
10892	cg12396523
10893	cg12397071
10894	cg12397924
10895	cg12399536
10896	cg12401926
10897	cg12402251
10898	cg12403778
10899	cg12406391
10900	cg12408189
10901	cg12411312
10902	cg12411425
10903	cg12411704
10904	cg12412079
10905	cg12413566
10906	cg12414174
10907	cg12414301
10908	cg12417685
10909	cg12419195
10910	cg12419522
10911	cg12419685
10912	cg12419863
10913	cg12419932
10914	cg12421749
10915	cg12422683
10916	cg12423733
10917	cg12424329
10918	cg12425800
10919	cg12427317
10920	cg12428765
10921	cg12432496
10922	cg12432807
10923	cg12433790
10924	cg12435725
10925	cg12437873
10926	cg12441967
10927	cg12442677
10928	cg12444411
10929	cg12446246
10930	cg12446629
10931	cg12447719
10932	cg12447832
10933	cg12449245
10934	cg12449295
10935	cg12451153
10936	cg12451530
10937	cg12451887
10938	cg12452211
10939	cg12453504
10940	cg12454167
10941	cg12454873
10942	cg12456014
10943	cg12456799
10944	cg12457901
10945	cg12458003
10946	cg12459028
10947	cg12459502
10948	cg12461469
10949	cg12462224
10950	cg12463857
10951	cg12465010
10952	cg12465704
10953	cg12465710
10954	cg12468478
10955	cg12472483
10956	cg12473775
10957	cg12473849
10958	cg12475092
10959	cg12477370
10960	cg12477533
10961	cg12477880
10962	cg12478549
10963	cg12478809
10964	cg12480416
10965	cg12480674
10966	cg12481283
10967	cg12482092
10968	cg12483947
10969	cg12484113
10970	cg12484135
10971	cg12486533
10972	cg12486537
10973	cg12486944
10974	cg12486993
10975	cg12487497
10976	cg12490835
10977	cg12491223
10978	cg12492087
10979	cg12492493
10980	cg12492809
10981	cg12495283
10982	cg12495801
10983	cg12497181
10984	cg12497786
10985	cg12497883
10986	cg12498094
10987	cg12499235
10988	cg12500589
10989	cg12500951
10990	cg12502564
10991	cg12503912
10992	cg12504696
10993	cg12504804
10994	cg12505230
10995	cg12506005
10996	cg12506930
10997	cg12508651
10998	cg12509499
10999	cg12510723
11000	cg12511214
11001	cg12513221
11002	cg12514654
11003	cg12516875
11004	cg12518442
11005	cg12520319
11006	cg12521167
11007	cg12524428
11008	cg12526025
11009	cg12526298
11010	cg12526474
11011	cg12528713
11012	cg12530994
11013	cg12533428
11014	cg12538435
11015	cg12542202
11016	cg12543898
11017	cg12546793
11018	cg12547807
11019	cg12548064
11020	cg12551567
11021	cg12551957
11022	cg12554573
11023	cg12556775
11024	cg12559208
11025	cg12564285
11026	cg12564453
11027	cg12564962
11028	cg12565788
11029	cg12569592
11030	cg12570134
11031	cg12570716
11032	cg12571629
11033	cg12571920
11034	cg12573071
11035	cg12576709
11036	cg12576854
11037	cg12577372
11038	cg12577850
11039	cg12578166
11040	cg12578193
11041	cg12578754
11042	cg12580445
11043	cg12580930
11044	cg12581592
11045	cg12582426
11046	cg12583087
11047	cg12584450
11048	cg12586050
11049	cg12588880
11050	cg12588978
11051	cg12589947
11052	cg12590769
11053	cg12591491
11054	cg12593793
11055	cg12594615
11056	cg12595026
11057	cg12595444
11058	cg12596182
11059	cg12596273
11060	cg12597309
11061	cg12597389
11062	cg12597822
11063	cg12598635
11064	cg12599971
11065	cg12600032
11066	cg12600418
11067	cg12601987
11068	cg12603576
11069	cg12605080
11070	cg12605353
11071	cg12606409
11072	cg12607287
11073	cg12608692
11074	cg12608727
11075	cg12609467
11076	cg12609526
11077	cg12612118
11078	cg12613775
11079	cg12614395
11080	cg12615982
11081	cg12616277
11082	cg12618270
11083	cg12619254
11084	cg12621097
11085	cg12622863
11086	cg12623364
11087	cg12623930
11088	cg12624197
11089	cg12626242
11090	cg12628062
11091	cg12628145
11092	cg12628528
11093	cg12633154
11094	cg12634932
11095	cg12637397
11096	cg12637942
11097	cg12638490
11098	cg12640822
11099	cg12641240
11100	cg12641578
11101	cg12642568
11102	cg12643293
11103	cg12643970
11104	cg12644625
11105	cg12644668
11106	cg12646820
11107	cg12647574
11108	cg12648074
11109	cg12648537
11110	cg12648759
11111	cg12649038
11112	cg12649238
11113	cg12651044
11114	cg12651099
11115	cg12654412
11116	cg12654519
11117	cg12655542
11118	cg12655768
11119	cg12656221
11120	cg12658720
11121	cg12658897
11122	cg12659009
11123	cg12659626
11124	cg12662260
11125	cg12666263
11126	cg12670123
11127	cg12671193
11128	cg12671739
11129	cg12671744
11130	cg12672779
11131	cg12673499
11132	cg12676803
11133	cg12679760
11134	cg12681040
11135	cg12683410
11136	cg12685753
11137	cg12686110
11138	cg12687157
11139	cg12691219
11140	cg12695360
11141	cg12700904
11142	cg12701088
11143	cg12704673
11144	cg12705408
11145	cg12708994
11146	cg12709335
11147	cg12709412
11148	cg12709970
11149	cg12711627
11150	cg12711722
11151	cg12711754
11152	cg12712122
11153	cg12712184
11154	cg12716346
11155	cg12719904
11156	cg12721546
11157	cg12723292
11158	cg12724894
11159	cg12725810
11160	cg12726190
11161	cg12726839
11162	cg12727018
11163	cg12727607
11164	cg12730088
11165	cg12732514
11166	cg12733656
11167	cg12736206
11168	cg12738763
11169	cg12739657
11170	cg12741488
11171	cg12743894
11172	cg12743978
11173	cg12744300
11174	cg12745203
11175	cg12745325
11176	cg12750151
11177	cg12753009
11178	cg12753631
11179	cg12753934
11180	cg12754658
11181	cg12755319
11182	cg12757011
11183	cg12757684
11184	cg12758960
11185	cg12759288
11186	cg12760748
11187	cg12761707
11188	cg12764461
11189	cg12768605
11190	cg12770414
11191	cg12772987
11192	cg12773508
11193	cg12775359
11194	cg12776156
11195	cg12776287
11196	cg12781700
11197	cg12781915
11198	cg12784526
11199	cg12786023
11200	cg12788037
11201	cg12789884
11202	cg12790758
11203	cg12791010
11204	cg12791136
11205	cg12791243
11206	cg12791299
11207	cg12791555
11208	cg12793711
11209	cg12796916
11210	cg12797879
11211	cg12799781
11212	cg12803068
11213	cg12805420
11214	cg12806822
11215	cg12807937
11216	cg12808565
11217	cg12810523
11218	cg12812868
11219	cg12813792
11220	cg12815291
11221	cg12815829
11222	cg12815849
11223	cg12816842
11224	cg12816936
11225	cg12820481
11226	cg12824106
11227	cg12825509
11228	cg12827555
11229	cg12829045
11230	cg12830057
11231	cg12830694
11232	cg12831076
11233	cg12832498
11234	cg12833018
11235	cg12833422
11236	cg12836280
11237	cg12838546
11238	cg12839156
11239	cg12839593
11240	cg12840245
11241	cg12841068
11242	cg12841266
11243	cg12841734
11244	cg12843033
11245	cg12843518
11246	cg12846567
11247	cg12846737
11248	cg12848614
11249	cg12850242
11250	cg12850379
11251	cg12850734
11252	cg12851731
11253	cg12854232
11254	cg12856369
11255	cg12856447
11256	cg12857520
11257	cg12859211
11258	cg12862537
11259	cg12863545
11260	cg12863565
11261	cg12864235
11262	cg12864912
11263	cg12868449
11264	cg12869659
11265	cg12878190
11266	cg12878812
11267	cg12879242
11268	cg12880227
11269	cg12882697
11270	cg12883486
11271	cg12883767
11272	cg12889449
11273	cg12892303
11274	cg12893271
11275	cg12893697
11276	cg12894711
11277	cg12895760
11278	cg12897067
11279	cg12899747
11280	cg12900456
11281	cg12901133
11282	cg12902183
11283	cg12903224
11284	cg12904135
11285	cg12907988
11286	cg12908607
11287	cg12909559
11288	cg12910906
11289	cg12911496
11290	cg12912394
11291	cg12912690
11292	cg12916580
11293	cg12917072
11294	cg12918464
11295	cg12921720
11296	cg12924302
11297	cg12924510
11298	cg12927358
11299	cg12934258
11300	cg12934320
11301	cg12934382
11302	cg12934461
11303	cg12935434
11304	cg12935818
11305	cg12936746
11306	cg12938556
11307	cg12939283
11308	cg12940759
11309	cg12941369
11310	cg12943082
11311	cg12945194
11312	cg12946225
11313	cg12948621
11314	cg12950231
11315	cg12950753
11316	cg12951726
11317	cg12955583
11318	cg12956117
11319	cg12956598
11320	cg12959488
11321	cg12960352
11322	cg12964935
11323	cg12965095
11324	cg12965599
11325	cg12967093
11326	cg12968224
11327	cg12968598
11328	cg12969847
11329	cg12970409
11330	cg12970662
11331	cg12972086
11332	cg12972300
11333	cg12975201
11334	cg12977705
11335	cg12977942
11336	cg12977946
11337	cg12978308
11338	cg12978433
11339	cg12978800
11340	cg12980353
11341	cg12980795
11342	cg12981137
11343	cg12985418
11344	cg12986700
11345	cg12987761
11346	cg12988231
11347	cg12988996
11348	cg12989560
11349	cg12990974
11350	cg12991365
11351	cg12991522
11352	cg12992268
11353	cg12992827
11354	cg12998614
11355	cg12999267
11356	cg13000649
11357	cg13001142
11358	cg13001620
11359	cg13001893
11360	cg13003054
11361	cg13003878
11362	cg13006424
11363	cg13007701
11364	cg13007967
11365	cg13008301
11366	cg13008698
11367	cg13011976
11368	cg13012115
11369	cg13016775
11370	cg13017983
11371	cg13018715
11372	cg13019173
11373	cg13021333
11374	cg13021857
11375	cg13022624
11376	cg13025388
11377	cg13026730
11378	cg13026773
11379	cg13027206
11380	cg13028635
11381	cg13029847
11382	cg13031611
11383	cg13033323
11384	cg13033858
11385	cg13033938
11386	cg13033972
11387	cg13035290
11388	cg13036381
11389	cg13036627
11390	cg13036798
11391	cg13038560
11392	cg13039251
11393	cg13039271
11394	cg13040693
11395	cg13041597
11396	cg13041683
11397	cg13041796
11398	cg13042288
11399	cg13042488
11400	cg13042926
11401	cg13044136
11402	cg13044675
11403	cg13046832
11404	cg13047511
11405	cg13051700
11406	cg13053817
11407	cg13053914
11408	cg13054321
11409	cg13056495
11410	cg13058214
11411	cg13058338
11412	cg13059335
11413	cg13060531
11414	cg13061373
11415	cg13062104
11416	cg13062290
11417	cg13062436
11418	cg13062618
11419	cg13065169
11420	cg13065624
11421	cg13066461
11422	cg13066703
11423	cg13067974
11424	cg13067992
11425	cg13069256
11426	cg13069288
11427	cg13070212
11428	cg13072246
11429	cg13072940
11430	cg13073564
11431	cg13074055
11432	cg13074295
11433	cg13077366
11434	cg13078140
11435	cg13079123
11436	cg13080716
11437	cg13082642
11438	cg13084522
11439	cg13085980
11440	cg13092901
11441	cg13093111
11442	cg13095737
11443	cg13096626
11444	cg13097987
11445	cg13098800
11446	cg13098855
11447	cg13099374
11448	cg13104185
11449	cg13105766
11450	cg13107348
11451	cg13108129
11452	cg13108141
11453	cg13108304
11454	cg13108341
11455	cg13110283
11456	cg13111078
11457	cg13111885
11458	cg13112154
11459	cg13112407
11460	cg13113147
11461	cg13115683
11462	cg13119578
11463	cg13119609
11464	cg13120519
11465	cg13120955
11466	cg13121699
11467	cg13121938
11468	cg13123009
11469	cg13123927
11470	cg13125072
11471	cg13126279
11472	cg13127159
11473	cg13127231
11474	cg13127973
11475	cg13129046
11476	cg13129313
11477	cg13130224
11478	cg13130588
11479	cg13132497
11480	cg13134297
11481	cg13136220
11482	cg13136556
11483	cg13136596
11484	cg13136655
11485	cg13136721
11486	cg13137176
11487	cg13139020
11488	cg13139542
11489	cg13140887
11490	cg13145591
11491	cg13146663
11492	cg13149736
11493	cg13152584
11494	cg13152952
11495	cg13155300
11496	cg13155421
11497	cg13156931
11498	cg13158894
11499	cg13163729
11500	cg13164343
11501	cg13168683
11502	cg13169065
11503	cg13171718
11504	cg13171890
11505	cg13173415
11506	cg13175739
11507	cg13177747
11508	cg13178766
11509	cg13180105
11510	cg13180152
11511	cg13180722
11512	cg13183732
11513	cg13185702
11514	cg13187788
11515	cg13188283
11516	cg13188467
11517	cg13191008
11518	cg13197551
11519	cg13197800
11520	cg13198297
11521	cg13201808
11522	cg13202122
11523	cg13204699
11524	cg13206721
11525	cg13208018
11526	cg13210467
11527	cg13210923
11528	cg13213923
11529	cg13215995
11530	cg13216057
11531	cg13218906
11532	cg13221458
11533	cg13221899
11534	cg13224583
11535	cg13224758
11536	cg13225750
11537	cg13227806
11538	cg13229520
11539	cg13230187
11540	cg13231384
11541	cg13233545
11542	cg13236659
11543	cg13237033
11544	cg13238744
11545	cg13239133
11546	cg13239348
11547	cg13240089
11548	cg13240109
11549	cg13242160
11550	cg13242392
11551	cg13244241
11552	cg13244315
11553	cg13246426
11554	cg13247673
11555	cg13249256
11556	cg13249798
11557	cg13251484
11558	cg13252700
11559	cg13256545
11560	cg13257412
11561	cg13258563
11562	cg13258700
11563	cg13259357
11564	cg13261390
11565	cg13261536
11566	cg13264672
11567	cg13264741
11568	cg13265524
11569	cg13267931
11570	cg13269407
11571	cg13273037
11572	cg13274014
11573	cg13274029
11574	cg13274938
11575	cg13275603
11576	cg13276570
11577	cg13278496
11578	cg13279476
11579	cg13280882
11580	cg13281139
11581	cg13283153
11582	cg13285426
11583	cg13287247
11584	cg13292607
11585	cg13292984
11586	cg13296238
11587	cg13296371
11588	cg13296579
11589	cg13298199
11590	cg13299780
11591	cg13300580
11592	cg13302154
11593	cg13302587
11594	cg13303654
11595	cg13305415
11596	cg13307384
11597	cg13307451
11598	cg13307649
11599	cg13308350
11600	cg13308744
11601	cg13309828
11602	cg13311096
11603	cg13311655
11604	cg13313508
11605	cg13314260
11606	cg13315047
11607	cg13315450
11608	cg13315970
11609	cg13316407
11610	cg13316619
11611	cg13316813
11612	cg13318506
11613	cg13319175
11614	cg13319266
11615	cg13319396
11616	cg13323474
11617	cg13323701
11618	cg13324057
11619	cg13324103
11620	cg13324140
11621	cg13324902
11622	cg13325154
11623	cg13325529
11624	cg13326482
11625	cg13327545
11626	cg13330671
11627	cg13331559
11628	cg13333185
11629	cg13333304
11630	cg13335048
11631	cg13335112
11632	cg13336326
11633	cg13337658
11634	cg13337716
11635	cg13338289
11636	cg13342026
11637	cg13342364
11638	cg13343960
11639	cg13344386
11640	cg13345330
11641	cg13346441
11642	cg13349035
11643	cg13349726
11644	cg13351143
11645	cg13351161
11646	cg13353152
11647	cg13355704
11648	cg13356133
11649	cg13357922
11650	cg13361963
11651	cg13362491
11652	cg13363454
11653	cg13363708
11654	cg13365022
11655	cg13365340
11656	cg13366057
11657	cg13366857
11658	cg13366903
11659	cg13368756
11660	cg13369763
11661	cg13371627
11662	cg13372340
11663	cg13373616
11664	cg13374956
11665	cg13375479
11666	cg13375538
11667	cg13375571
11668	cg13375654
11669	cg13376158
11670	cg13378628
11671	cg13378934
11672	cg13379558
11673	cg13381410
11674	cg13382072
11675	cg13383153
11676	cg13387113
11677	cg13388466
11678	cg13389502
11679	cg13390332
11680	cg13393036
11681	cg13393830
11682	cg13397549
11683	cg13398470
11684	cg13399203
11685	cg13399544
11686	cg13399714
11687	cg13399816
11688	cg13400013
11689	cg13401299
11690	cg13405332
11691	cg13405783
11692	cg13406893
11693	cg13409148
11694	cg13409216
11695	cg13409704
11696	cg13411015
11697	cg13411948
11698	cg13412213
11699	cg13412433
11700	cg13414444
11701	cg13416486
11702	cg13417559
11703	cg13422161
11704	cg13423098
11705	cg13424229
11706	cg13424673
11707	cg13424940
11708	cg13426079
11709	cg13427473
11710	cg13428009
11711	cg13428152
11712	cg13428480
11713	cg13432087
11714	cg13433214
11715	cg13433246
11716	cg13434396
11717	cg13434842
11718	cg13435263
11719	cg13435820
11720	cg13436782
11721	cg13437146
11722	cg13439505
11723	cg13442016
11724	cg13442045
11725	cg13442495
11726	cg13443627
11727	cg13443844
11728	cg13444538
11729	cg13446658
11730	cg13446689
11731	cg13447539
11732	cg13449368
11733	cg13449372
11734	cg13449778
11735	cg13451127
11736	cg13452386
11737	cg13453408
11738	cg13454407
11739	cg13455700
11740	cg13455704
11741	cg13455717
11742	cg13456470
11743	cg13457961
11744	cg13458005
11745	cg13460057
11746	cg13460409
11747	cg13461447
11748	cg13462622
11749	cg13466481
11750	cg13467814
11751	cg13468961
11752	cg13469425
11753	cg13469595
11754	cg13469617
11755	cg13472772
11756	cg13473356
11757	cg13474998
11758	cg13476777
11759	cg13477806
11760	cg13483727
11761	cg13483882
11762	cg13485703
11763	cg13485809
11764	cg13487127
11765	cg13490979
11766	cg13491413
11767	cg13491731
11768	cg13494498
11769	cg13498289
11770	cg13499011
11771	cg13499318
11772	cg13500029
11773	cg13500074
11774	cg13501538
11775	cg13501581
11776	cg13502252
11777	cg13507964
11778	cg13509147
11779	cg13509849
11780	cg13510262
11781	cg13511000
11782	cg13511324
11783	cg13511387
11784	cg13511490
11785	cg13512537
11786	cg13514050
11787	cg13516479
11788	cg13518121
11789	cg13518625
11790	cg13519184
11791	cg13520327
11792	cg13520520
11793	cg13520532
11794	cg13521077
11795	cg13523649
11796	cg13523713
11797	cg13523818
11798	cg13524082
11799	cg13525276
11800	cg13525697
11801	cg13526007
11802	cg13528652
11803	cg13529291
11804	cg13532547
11805	cg13532822
11806	cg13533424
11807	cg13537499
11808	cg13538165
11809	cg13543355
11810	cg13543915
11811	cg13545097
11812	cg13546858
11813	cg13547237
11814	cg13547299
11815	cg13548189
11816	cg13549152
11817	cg13550401
11818	cg13550608
11819	cg13550877
11820	cg13552869
11821	cg13553455
11822	cg13556604
11823	cg13557031
11824	cg13557773
11825	cg13560072
11826	cg13561592
11827	cg13561879
11828	cg13562542
11829	cg13564075
11830	cg13564428
11831	cg13564459
11832	cg13565994
11833	cg13566436
11834	cg13567282
11835	cg13567542
11836	cg13569146
11837	cg13570284
11838	cg13571802
11839	cg13573587
11840	cg13574848
11841	cg13575139
11842	cg13575298
11843	cg13575542
11844	cg13575601
11845	cg13576014
11846	cg13580027
11847	cg13581155
11848	cg13581582
11849	cg13582001
11850	cg13583934
11851	cg13585080
11852	cg13586038
11853	cg13586425
11854	cg13587552
11855	cg13587725
11856	cg13587740
11857	cg13589330
11858	cg13589810
11859	cg13591673
11860	cg13592373
11861	cg13593287
11862	cg13594957
11863	cg13597043
11864	cg13598219
11865	cg13600716
11866	cg13601739
11867	cg13603203
11868	cg13606988
11869	cg13608545
11870	cg13608630
11871	cg13608832
11872	cg13609307
11873	cg13609316
11874	cg13609948
11875	cg13611456
11876	cg13612295
11877	cg13612317
11878	cg13613011
11879	cg13613346
11880	cg13613532
11881	cg13614083
11882	cg13615100
11883	cg13615337
11884	cg13615994
11885	cg13617280
11886	cg13617776
11887	cg13618969
11888	cg13619891
11889	cg13619990
11890	cg13620051
11891	cg13620770
11892	cg13622450
11893	cg13624385
11894	cg13624988
11895	cg13627197
11896	cg13630659
11897	cg13631913
11898	cg13632218
11899	cg13634296
11900	cg13634681
11901	cg13635023
11902	cg13636952
11903	cg13639452
11904	cg13639866
11905	cg13639936
11906	cg13640225
11907	cg13640414
11908	cg13641317
11909	cg13641983
11910	cg13643180
11911	cg13646005
11912	cg13647382
11913	cg13648527
11914	cg13648741
11915	cg13649020
11916	cg13649056
11917	cg13649581
11918	cg13649864
11919	cg13650062
11920	cg13650304
11921	cg13650654
11922	cg13652008.2
11923	cg13653680
11924	cg13654195
11925	cg13655385
11926	cg13656062
11927	cg13656360
11928	cg13656518
11929	cg13657209
11930	cg13657446
11931	cg13657511
11932	cg13660119
11933	cg13660174
11934	cg13661519
11935	cg13662628
11936	cg13663218
11937	cg13665025
11938	cg13665684
11939	cg13665981
11940	cg13666174
11941	cg13666729
11942	cg13667243
11943	cg13667389
11944	cg13670306
11945	cg13671919
11946	cg13672106
11947	cg13672791
11948	cg13673047
11949	cg13673514
11950	cg13673536
11951	cg13673837
11952	cg13674411
11953	cg13675330
11954	cg13676763
11955	cg13676787
11956	cg13677043
11957	cg13678049
11958	cg13678787
11959	cg13679303
11960	cg13682722
11961	cg13683374
11962	cg13685044
11963	cg13685727
11964	cg13686115
11965	cg13686857
11966	cg13687570
11967	cg13687915
11968	cg13688260
11969	cg13688783
11970	cg13690280
11971	cg13690424
11972	cg13690564
11973	cg13691961
11974	cg13692456
11975	cg13693517
11976	cg13694435
11977	cg13694973
11978	cg13695646
11979	cg13696300
11980	cg13696887
11981	cg13697378
11982	cg13698411
11983	cg13699412
11984	cg13699845
11985	cg13700458
11986	cg13700897
11987	cg13700939
11988	cg13702222
11989	cg13702226
11990	cg13704403
11991	cg13704954
11992	cg13705894
11993	cg13706079
11994	cg13707894
11995	cg13708645
11996	cg13708688
11997	cg13709487
11998	cg13709982
11999	cg13710556
12000	cg13711394
12001	cg13713293
12002	cg13714636
12003	cg13714975
12004	cg13714995
12005	cg13716144
12006	cg13718185
12007	cg13718960
12008	cg13719443
12009	cg13719901
12010	cg13720865
12011	cg13720868
12012	cg13721134
12013	cg13721589
12014	cg13723853
12015	cg13724160
12016	cg13724379
12017	cg13724706
12018	cg13726504
12019	cg13728106
12020	cg13729816
12021	cg13730534
12022	cg13730743
12023	cg13731106
12024	cg13731523
12025	cg13731761
12026	cg13732043
12027	cg13732083
12028	cg13732486
12029	cg13732582
12030	cg13733201
12031	cg13733403
12032	cg13733708
12033	cg13734401
12034	cg13735453
12035	cg13739066
12036	cg13739541
12037	cg13742400
12038	cg13743052
12039	cg13743300
12040	cg13744194
12041	cg13745692
12042	cg13745832
12043	cg13746740
12044	cg13753488
12045	cg13754569
12046	cg13754720
12047	cg13755323
12048	cg13755546
12049	cg13756768
12050	cg13758712
12051	cg13759601
12052	cg13761004
12053	cg13761375
12054	cg13762060
12055	cg13764516
12056	cg13767001
12057	cg13772376
12058	cg13772414
12059	cg13774304
12060	cg13774635
12061	cg13776906
12062	cg13777292
12063	cg13777609
12064	cg13778709
12065	cg13779687
12066	cg13779868
12067	cg13782301
12068	cg13783177
12069	cg13783191
12070	cg13783238
12071	cg13785339
12072	cg13785883
12073	cg13786089
12074	cg13786262
12075	cg13786801
12076	cg13788625
12077	cg13790268
12078	cg13791092
12079	cg13791379
12080	cg13791972
12081	cg13792233
12082	cg13793145
12083	cg13794588
12084	cg13795448
12085	cg13798290
12086	cg13798745
12087	cg13799429
12088	cg13799544
12089	cg13802583
12090	cg13806070
12091	cg13806267
12092	cg13806741
12093	cg13807496
12094	cg13808240
12095	cg13808420
12096	cg13809095
12097	cg13812927
12098	cg13813008
12099	cg13813086
12100	cg13813474
12101	cg13814242
12102	cg13815695
12103	cg13816734
12104	cg13817265
12105	cg13817395
12106	cg13820391
12107	cg13823257
12108	cg13824500
12109	cg13826452
12110	cg13827984
12111	cg13828047
12112	cg13828440
12113	cg13831329
12114	cg13832333
12115	cg13832372
12116	cg13836627
12117	cg13836708
12118	cg13837033
12119	cg13837295
12120	cg13838057
12121	cg13839964
12122	cg13842421
12123	cg13843773
12124	cg13844237
12125	cg13844899
12126	cg13845561
12127	cg13845982
12128	cg13847724
12129	cg13848598
12130	cg13848905
12131	cg13848981
12132	cg13849525
12133	cg13850063
12134	cg13850380
12135	cg13850887
12136	cg13854874
12137	cg13854896
12138	cg13856127
12139	cg13857210
12140	cg13860849
12141	cg13861099
12142	cg13861644
12143	cg13862711
12144	cg13863153
12145	cg13867915
12146	cg13868473
12147	cg13870494
12148	cg13870866
12149	cg13872005
12150	cg13872065
12151	cg13872627
12152	cg13873209
12153	cg13875518
12154	cg13875901
12155	cg13877915
12156	cg13878010
12157	cg13878276
12158	cg13879776
12159	cg13880275
12160	cg13881108
12161	cg13882064
12162	cg13882377
12163	cg13883186
12164	cg13883671
12165	cg13884546
12166	cg13885325
12167	cg13889950
12168	cg13893488
12169	cg13895280
12170	cg13895857
12171	cg13896879
12172	cg13898384
12173	cg13899108
12174	cg13899478
12175	cg13900348
12176	cg13901768
12177	cg13903421
12178	cg13903548
12179	cg13904130
12180	cg13904214
12181	cg13904562
12182	cg13904970
12183	cg13909582
12184	cg13909661
12185	cg13910439
12186	cg13910860
12187	cg13913108
12188	cg13914990
12189	cg13915212
12190	cg13915277
12191	cg13915886
12192	cg13916516
12193	cg13917614
12194	cg13917964
12195	cg13918228
12196	cg13921352
12197	cg13922962
12198	cg13923516
12199	cg13924974
12200	cg13928272
12201	cg13928417
12202	cg13929323
12203	cg13929658
12204	cg13930596
12205	cg13931228
12206	cg13931845
12207	cg13931925
12208	cg13933080
12209	cg13935079
12210	cg13935553
12211	cg13935689
12212	cg13936854
12213	cg13937040
12214	cg13937905
12215	cg13941235
12216	cg13942119
12217	cg13942136
12218	cg13945148
12219	cg13945224
12220	cg13945773
12221	cg13947317
12222	cg13947929
12223	cg13951450
12224	cg13952159
12225	cg13953458
12226	cg13953753
12227	cg13953976
12228	cg13954127
12229	cg13954292
12230	cg13954320
12231	cg13954457
12232	cg13956401
12233	cg13956645
12234	cg13957413
12235	cg13958304
12236	cg13959344
12237	cg13959371
12238	cg13959647
12239	cg13959943
12240	cg13960067
12241	cg13962846
12242	cg13967811
12243	cg13969265
12244	cg13974531
12245	cg13974715
12246	cg13975369
12247	cg13975660
12248	cg13976338
12249	cg13976356
12250	cg13978542
12251	cg13981184
12252	cg13981325
12253	cg13982366
12254	cg13982823
12255	cg13983063
12256	cg13985132
12257	cg13990487
12258	cg13990618
12259	cg13993274
12260	cg13993467
12261	cg13994175
12262	cg13995774
12263	cg13997435
12264	cg13998093
12265	cg13998890
12266	cg13999210
12267	cg14001035
12268	cg14001049
12269	cg14002243
12270	cg14003022
12271	cg14003621
12272	cg14003984
12273	cg14004197
12274	cg14004921
12275	cg14005211
12276	cg14008974
12277	cg14009588
12278	cg14009688
12279	cg14010075
12280	cg14010720
12281	cg14011327
12282	cg14013195
12283	cg14015441
12284	cg14017402
12285	cg14018471
12286	cg14019695
12287	cg14022022
12288	cg14022840
12289	cg14023128
12290	cg14023239
12291	cg14023398
12292	cg14025021
12293	cg14027234
12294	cg14027333
12295	cg14029100
12296	cg14029324
12297	cg14029791
12298	cg14032732
12299	cg14033514
12300	cg14033737
12301	cg14034476
12302	cg14034858
12303	cg14035368
12304	cg14035521
12305	cg14035860
12306	cg14042190
12307	cg14042504
12308	cg14042653
12309	cg14044707
12310	cg14048475
12311	cg14051890
12312	cg14052760
12313	cg14053997
12314	cg14054880
12315	cg14055195
12316	cg14057277
12317	cg14058100
12318	cg14058291
12319	cg14059835
12320	cg14060496
12321	cg14060828
12322	cg14064981
12323	cg14065127
12324	cg14067761
12325	cg14069287
12326	cg14070323
12327	cg14071179
12328	cg14071524
12329	cg14071612
12330	cg14071650
12331	cg14072027
12332	cg14073590
12333	cg14074174
12334	cg14074486
12335	cg14074970
12336	cg14076394
12337	cg14078235
12338	cg14079463
12339	cg14080071
12340	cg14081075
12341	cg14081465
12342	cg14084609
12343	cg14084907
12344	cg14086828
12345	cg14087697
12346	cg14088282
12347	cg14088844
12348	cg14094646
12349	cg14095101
12350	cg14095610
12351	cg14098795
12352	cg14101959
12353	cg14102569
12354	cg14105047
12355	cg14106680
12356	cg14107488
12357	cg14109551
12358	cg14109822
12359	cg14110709
12360	cg14116294
12361	cg14116399
12362	cg14118398
12363	cg14118949
12364	cg14124917
12365	cg14125530
12366	cg14126093
12367	cg14126863
12368	cg14127188
12369	cg14128419
12370	cg14129356
12371	cg14131316
12372	cg14131536
12373	cg14132888
12374	cg14133557
12375	cg14135814
12376	cg14137625
12377	cg14138002
12378	cg14138050
12379	cg14140060
12380	cg14140673
12381	cg14141880
12382	cg14142965
12383	cg14143385
12384	cg14144025
12385	cg14144305
12386	cg14145896
12387	cg14150023
12388	cg14151288
12389	cg14153919
12390	cg14156441
12391	cg14157435
12392	cg14159818
12393	cg14161159
12394	cg14161269
12395	cg14161454
12396	cg14162076
12397	cg14162417
12398	cg14163722
12399	cg14163776
12400	cg14164816
12401	cg14165978
12402	cg14167389
12403	cg14167982
12404	cg14168038
12405	cg14170201
12406	cg14170545
12407	cg14170999
12408	cg14171188
12409	cg14172375
12410	cg14172797
12411	cg14173579
12412	cg14175438
12413	cg14176942
12414	cg14176989
12415	cg14177258
12416	cg14177620
12417	cg14179258
12418	cg14179389
12419	cg14180787
12420	cg14182735
12421	cg14182974
12422	cg14183865
12423	cg14184729
12424	cg14184780
12425	cg14185670
12426	cg14186846
12427	cg14188346
12428	cg14188508
12429	cg14189141
12430	cg14189993
12431	cg14190975
12432	cg14192037
12433	cg14192160
12434	cg14192957
12435	cg14193001
12436	cg14193434
12437	cg14195318
12438	cg14196211
12439	cg14196790
12440	cg14197881
12441	cg14198450
12442	cg14198472
12443	cg14200569
12444	cg14201617
12445	cg14202850
12446	cg14205131
12447	cg14206855
12448	cg14207210
12449	cg14207326
12450	cg14209784
12451	cg14209920
12452	cg14210337
12453	cg14211332
12454	cg14214635
12455	cg14215236
12456	cg14215390
12457	cg14216263
12458	cg14217660
12459	cg14217861
12460	cg14218037
12461	cg14218481
12462	cg14220427
12463	cg14221048
12464	cg14221851
12465	cg14223966
12466	cg14223995
12467	cg14224203
12468	cg14225168
12469	cg14226671
12470	cg14228146
12471	cg14228614
12472	cg14228710
12473	cg14230719
12474	cg14232108
12475	cg14232368
12476	cg14233374
12477	cg14233507
12478	cg14234442
12479	cg14234805
12480	cg14235511
12481	cg14236957
12482	cg14237301
12483	cg14239515
12484	cg14240072
12485	cg14241323
12486	cg14241460
12487	cg14242024
12488	cg14242246
12489	cg14242359
12490	cg14242895
12491	cg14244013
12492	cg14244493
12493	cg14246539
12494	cg14246568
12495	cg14246703
12496	cg14248680
12497	cg14249922
12498	cg14250560
12499	cg14251734
12500	cg14253018
12501	cg14254433
12502	cg14254534
12503	cg14255256
12504	cg14255417
12505	cg14255617
12506	cg14255824
12507	cg14258143
12508	cg14258218
12509	cg14258236
12510	cg14259096
12511	cg14259116
12512	cg14260002
12513	cg14261863
12514	cg14262937
12515	cg14267542
12516	cg14268226
12517	cg14268632
12518	cg14268714
12519	cg14269191
12520	cg14269716
12521	cg14276580
12522	cg14279307
12523	cg14280680
12524	cg14281160
12525	cg14282096
12526	cg14282721
12527	cg14283328
12528	cg14285937
12529	cg14286514
12530	cg14288579
12531	cg14291650
12532	cg14293223
12533	cg14294304
12534	cg14294708
12535	cg14295611
12536	cg14297546
12537	cg14299483
12538	cg14304702
12539	cg14305335
12540	cg14305711
12541	cg14308452
12542	cg14308466
12543	cg14309283
12544	cg14310198
12545	cg14310890
12546	cg14310935
12547	cg14311085
12548	cg14311471
12549	cg14313315
12550	cg14313833
12551	cg14314729
12552	cg14316800
12553	cg14317384
12554	cg14317609
12555	cg14317639
12556	cg14319286
12557	cg14320320
12558	cg14324358
12559	cg14324675
12560	cg14326260
12561	cg14329026
12562	cg14329157
12563	cg14330293
12564	cg14331163
12565	cg14333454
12566	cg14333542
12567	cg14334310
12568	cg14337472
12569	cg14339650
12570	cg14340131
12571	cg14342938
12572	cg14343652
12573	cg14343953
12574	cg14344261
12575	cg14345128
12576	cg14345676
12577	cg14345882
12578	cg14348532
12579	cg14349763
12580	cg14350002
12581	cg14350176
12582	cg14351767
12583	cg14352586
12584	cg14352682
12585	cg14353201
12586	cg14353677
12587	cg14355192
12588	cg14359680
12589	cg14361526
12590	cg14361627
12591	cg14361875
12592	cg14362004
12593	cg14362201
12594	cg14363263
12595	cg14363469
12596	cg14366742
12597	cg14368149
12598	cg14369318
12599	cg14371590
12600	cg14371731
12601	cg14371736
12602	cg14372433
12603	cg14372570
12604	cg14372582
12605	cg14373685
12606	cg14377973
12607	cg14381350
12608	cg14381623
12609	cg14383174
12610	cg14384416
12611	cg14387280
12612	cg14387452
12613	cg14387545
12614	cg14387626
12615	cg14388049
12616	cg14389156
12617	cg14390656
12618	cg14390884
12619	cg14391832
12620	cg14395298
12621	cg14396230
12622	cg14396619
12623	cg14396758
12624	cg14396995
12625	cg14397701
12626	cg14397813
12627	cg14402017
12628	cg14404164
12629	cg14405300
12630	cg14408969
12631	cg14409029
12632	cg14409958
12633	cg14411282
12634	cg14412891
12635	cg14413394
12636	cg14414534
12637	cg14414971
12638	cg14415214
12639	cg14415759
12640	cg14416456
12641	cg14417655
12642	cg14417896
12643	cg14420000
12644	cg14420012
12645	cg14423778
12646	cg14424579
12647	cg14426174
12648	cg14426428
12649	cg14427590
12650	cg14428166
12651	cg14428733
12652	cg14429919
12653	cg14430629
12654	cg14431592
12655	cg14432857
12656	cg14434109
12657	cg14435073
12658	cg14435720
12659	cg14436426
12660	cg14441506
12661	cg14442518
12662	cg14443301
12663	cg14443903
12664	cg14444849
12665	cg14446942
12666	cg14450605
12667	cg14456683
12668	cg14457452
12669	cg14458627
12670	cg14458704
12671	cg14459772
12672	cg14463304
12673	cg14466863
12674	cg14467840
12675	cg14468077
12676	cg14468932
12677	cg14470803
12678	cg14471191
12679	cg14471784
12680	cg14472025
12681	cg14473016
12682	cg14473102
12683	cg14476101
12684	cg14479301
12685	cg14479354
12686	cg14480507
12687	cg14480789
12688	cg14481208
12689	cg14481315
12690	cg14482313
12691	cg14483667
12692	cg14484844
12693	cg14485633
12694	cg14486372
12695	cg14486799
12696	cg14488317
12697	cg14489570
12698	cg14491535
12699	cg14492800
12700	cg14499211
12701	cg14499577
12702	cg14501219
12703	cg14501253
12704	cg14503564
12705	cg14505161
12706	cg14507337
12707	cg14507785
12708	cg14507891
12709	cg14508358
12710	cg14508615
12711	cg14508777
12712	cg14509299
12713	cg14509967
12714	cg14510967
12715	cg14513685
12716	cg14514237
12717	cg14514581
12718	cg14514751
12719	cg14519515
12720	cg14519664
12721	cg14519880
12722	cg14520626
12723	cg14522298
12724	cg14522800
12725	cg14523221
12726	cg14523898
12727	cg14524754
12728	cg14526664
12729	cg14526825
12730	cg14528319
12731	cg14528537
12732	cg14529406
12733	cg14531668
12734	cg14531834
12735	cg14532376
12736	cg14537533
12737	cg14540297
12738	cg14541582
12739	cg14542504
12740	cg14543641
12741	cg14544289
12742	cg14544583
12743	cg14545159
12744	cg14546394
12745	cg14550066
12746	cg14550518
12747	cg14553881
12748	cg14556683
12749	cg14557185
12750	cg14558114
12751	cg14558712
12752	cg14559147
12753	cg14559212
12754	cg14561362
12755	cg14565725
12756	cg14567287
12757	cg14569776
12758	cg14569837
12759	cg14570389
12760	cg14570838
12761	cg14571619
12762	cg14571813
12763	cg14573268
12764	cg14573833
12765	cg14575559
12766	cg14575656
12767	cg14576951
12768	cg14577472
12769	cg14577706
12770	cg14578009
12771	cg14580950
12772	cg14583999
12773	cg14584255
12774	cg14585160
12775	cg14586630
12776	cg14587213
12777	cg14588352
12778	cg14589466
12779	cg14590206
12780	cg14591667
12781	cg14592365
12782	cg14592839
12783	cg14592981
12784	cg14593290
12785	cg14594111
12786	cg14595786
12787	cg14596393
12788	cg14597908
12789	cg14598025
12790	cg14598338
12791	cg14600824
12792	cg14602087
12793	cg14602471
12794	cg14611112
12795	cg14611152
12796	cg14611488
12797	cg14611683
12798	cg14613402
12799	cg14613546
12800	cg14613607
12801	cg14614094
12802	cg14614117
12803	cg14614643
12804	cg14614689
12805	cg14615811
12806	cg14615833
12807	cg14617035
12808	cg14620572
12809	cg14622770
12810	cg14625731
12811	cg14626029
12812	cg14626196
12813	cg14626483
12814	cg14626898
12815	cg14627089
12816	cg14627172
12817	cg14628343
12818	cg14629168
12819	cg14630839
12820	cg14634687
12821	cg14637146
12822	cg14640772
12823	cg14647543
12824	cg14649424
12825	cg14649589
12826	cg14652203
12827	cg14652773
12828	cg14653043
12829	cg14654324
12830	cg14654875
12831	cg14655122
12832	cg14655316
12833	cg14656297
12834	cg14656657
12835	cg14658362
12836	cg14658867
12837	cg14659082
12838	cg14659547
12839	cg14660446
12840	cg14660449
12841	cg14660539
12842	cg14662585
12843	cg14664341
12844	cg14670213
12845	cg14671000
12846	cg14672293
12847	cg14672994
12848	cg14674720
12849	cg14675361
12850	cg14676592
12851	cg14678654
12852	cg14680768
12853	cg14680921
12854	cg14681055
12855	cg14681207
12856	cg14682080
12857	cg14684581
12858	cg14686949
12859	cg14688451
12860	cg14689355
12861	cg14689515
12862	cg14689532
12863	cg14689595
12864	cg14690711
12865	cg14692106
12866	cg14692377
12867	cg14697880
12868	cg14699004
12869	cg14700531
12870	cg14701072
12871	cg14701342
12872	cg14702231
12873	cg14702432
12874	cg14702960
12875	cg14704921
12876	cg14708990
12877	cg14709381
12878	cg14709543
12879	cg14709691
12880	cg14711592
12881	cg14711869
12882	cg14712058
12883	cg14712575
12884	cg14714222
12885	cg14715602
12886	cg14716323
12887	cg14717170
12888	cg14717946
12889	cg14721506
12890	cg14723032
12891	cg14724265
12892	cg14725858
12893	cg14725968
12894	cg14727952
12895	cg14727981
12896	cg14728380
12897	cg14730102
12898	cg14731422
12899	cg14732136
12900	cg14732324
12901	cg14735364
12902	cg14736210
12903	cg14738823
12904	cg14741691
12905	cg14741811
12906	cg14742508
12907	cg14742901
12908	cg14743748
12909	cg14746276
12910	cg14747225
12911	cg14747819
12912	cg14748515
12913	cg14748856
12914	cg14752227
12915	cg14752965
12916	cg14753631
12917	cg14754581
12918	cg14754713
12919	cg14757228
12920	cg14757738
12921	cg14758072
12922	cg14758256
12923	cg14758413
12924	cg14759277
12925	cg14759565
12926	cg14762358
12927	cg14765414
12928	cg14767790
12929	cg14768256
12930	cg14768825
12931	cg14769207
12932	cg14771419
12933	cg14772398
12934	cg14773235
12935	cg14775114
12936	cg14775504
12937	cg14775730
12938	cg14775751
12939	cg14776578
12940	cg14777903
12941	cg14778437
12942	cg14778711
12943	cg14779065
12944	cg14779456
12945	cg14780446
12946	cg14780837
12947	cg14781189
12948	cg14781281
12949	cg14781394
12950	cg14782206
12951	cg14784405
12952	cg14784820
12953	cg14787758
12954	cg14788994
12955	cg14789214
12956	cg14789804
12957	cg14789828
12958	cg14790600
12959	cg14790806
12960	cg14792160
12961	cg14793056
12962	cg14794480
12963	cg14794866
12964	cg14798031
12965	cg14799482
12966	cg14802502
12967	cg14806374
12968	cg14807319
12969	cg14809891
12970	cg14811158
12971	cg14811390
12972	cg14812628
12973	cg14815005
12974	cg14816825
12975	cg14817655
12976	cg14819242
12977	cg14819603
12978	cg14822490
12979	cg14822860
12980	cg14823363
12981	cg14825555
12982	cg14829814
12983	cg14830003
12984	cg14832998
12985	cg14833286
12986	cg14834925
12987	cg14834938
12988	cg14837598
12989	cg14838767
12990	cg14840439
12991	cg14840612
12992	cg14846292
12993	cg14846627
12994	cg14847483
12995	cg14847502
12996	cg14848077
12997	cg14850784
12998	cg14851284
12999	cg14855292
13000	cg14859805
13001	cg14861570
13002	cg14862395
13003	cg14862787
13004	cg14863458
13005	cg14866200
13006	cg14868212
13007	cg14868747
13008	cg14870156
13009	cg14870271
13010	cg14870673
13011	cg14870958
13012	cg14871932
13013	cg14872626
13014	cg14872828
13015	cg14874742
13016	cg14876603
13017	cg14880894
13018	cg14882966
13019	cg14883772
13020	cg14883930
13021	cg14884160
13022	cg14884741
13023	cg14885742
13024	cg14886629
13025	cg14886850
13026	cg14887903
13027	cg14889658
13028	cg14893274
13029	cg14893720
13030	cg14894144
13031	cg14895298
13032	cg14898005
13033	cg14900160
13034	cg14902389
13035	cg14903689
13036	cg14903956
13037	cg14905600
13038	cg14906103
13039	cg14906510
13040	cg14907738
13041	cg14908202
13042	cg14909179
13043	cg14909842
13044	cg14911395
13045	cg14911690
13046	cg14914204
13047	cg14915104
13048	cg14916175
13049	cg14916213
13050	cg14918082
13051	cg14919250
13052	cg14919591
13053	cg14921166
13054	cg14924781
13055	cg14928510
13056	cg14928764
13057	cg14932684
13058	cg14935163
13059	cg14936778
13060	cg14937633
13061	cg14938844
13062	cg14939821
13063	cg14943749
13064	cg14944923
13065	cg14947101
13066	cg14950193
13067	cg14950237
13068	cg14953666
13069	cg14955916
13070	cg14955976
13071	cg14957214
13072	cg14962509
13073	cg14964327
13074	cg14966190
13075	cg14971327
13076	cg14972143
13077	cg14972625
13078	cg14975410
13079	cg14976442
13080	cg14978307
13081	cg14978801
13082	cg14979593
13083	cg14979620
13084	cg14980883
13085	cg14984434
13086	cg14987048
13087	cg14989033
13088	cg14989226
13089	cg14989243
13090	cg14989252
13091	cg14991487
13092	cg14992253
13093	cg14993900
13094	cg14994916
13095	cg14994944
13096	cg14995202
13097	cg14995274
13098	cg15000379
13099	cg15001547
13100	cg15001747
13101	cg15002761
13102	cg15004702
13103	cg15007626
13104	cg15008587
13105	cg15011409
13106	cg15012625
13107	cg15013019
13108	cg15013801
13109	cg15015340
13110	cg15016481
13111	cg15016740
13112	cg15017728
13113	cg15018359
13114	cg15020588
13115	cg15020732
13116	cg15020894
13117	cg15021006
13118	cg15021292
13119	cg15021585
13120	cg15022354
13121	cg15022387
13122	cg15027398
13123	cg15029183
13124	cg15031127
13125	cg15031579
13126	cg15032490
13127	cg15034848
13128	cg15035133
13129	cg15035590
13130	cg15035911
13131	cg15037541
13132	cg15038110
13133	cg15038286
13134	cg15043384
13135	cg15044957
13136	cg15046909
13137	cg15047198
13138	cg15049402
13139	cg15050103
13140	cg15050310
13141	cg15052832
13142	cg15054281
13143	cg15056794
13144	cg15057373
13145	cg15057726
13146	cg15058210
13147	cg15059474
13148	cg15061231
13149	cg15062055
13150	cg15062059
13151	cg15063695
13152	cg15064667
13153	cg15065561
13154	cg15066416
13155	cg15067806
13156	cg15069680
13157	cg15071067
13158	cg15072306
13159	cg15074032
13160	cg15074613
13161	cg15077087
13162	cg15081500
13163	cg15082028
13164	cg15083851
13165	cg15084269
13166	cg15085006
13167	cg15086884
13168	cg15087455
13169	cg15088912
13170	cg15089077
13171	cg15089111
13172	cg15089567
13173	cg15090036
13174	cg15090440
13175	cg15090469
13176	cg15090727
13177	cg15091284
13178	cg15092239
13179	cg15094236
13180	cg15097669
13181	cg15097876
13182	cg15099418
13183	cg15100630
13184	cg15102179
13185	cg15102821
13186	cg15105011
13187	cg15107418
13188	cg15107724
13189	cg15108521
13190	cg15110296
13191	cg15111244
13192	cg15111360
13193	cg15113922
13194	cg15115421
13195	cg15118606
13196	cg15119027
13197	cg15121877
13198	cg15123353
13199	cg15123742
13200	cg15124303
13201	cg15124757
13202	cg15124926
13203	cg15125438
13204	cg15128510
13205	cg15129042
13206	cg15131146
13207	cg15131156
13208	cg15133301
13209	cg15138339
13210	cg15139660
13211	cg15140236
13212	cg15142312
13213	cg15143725
13214	cg15144153
13215	cg15145296
13216	cg15145868
13217	cg15148918
13218	cg15149655
13219	cg15151492
13220	cg15152362
13221	cg15152912
13222	cg15153141
13223	cg15156071
13224	cg15156078
13225	cg15159987
13226	cg15160709
13227	cg15160963
13228	cg15163862
13229	cg15164103
13230	cg15165154
13231	cg15166827
13232	cg15168132
13233	cg15170424
13234	cg15170994
13235	cg15171237
13236	cg15173892
13237	cg15174951
13238	cg15175129
13239	cg15175618
13240	cg15176213
13241	cg15177668
13242	cg15178202
13243	cg15178954
13244	cg15179011
13245	cg15180867
13246	cg15181598
13247	cg15185286
13248	cg15186181
13249	cg15187175
13250	cg15188547
13251	cg15188939
13252	cg15190914
13253	cg15192750
13254	cg15192905
13255	cg15195030
13256	cg15195412
13257	cg15197065
13258	cg15197125
13259	cg15197657
13260	cg15199972
13261	cg15200648
13262	cg15201599
13263	cg15201877
13264	cg15202123
13265	cg15203566
13266	cg15205507
13267	cg15207883
13268	cg15208197
13269	cg15209053
13270	cg15209921
13271	cg15210447
13272	cg15210817
13273	cg15210999
13274	cg15211390
13275	cg15211499
13276	cg15212369
13277	cg15213081
13278	cg15213491
13279	cg15214448
13280	cg15218178
13281	cg15219228
13282	cg15220605
13283	cg15221739
13284	cg15222563
13285	cg15223899
13286	cg15227051
13287	cg15227949
13288	cg15228441
13289	cg15228492
13290	cg15230952
13291	cg15232290
13292	cg15232593
13293	cg15234523
13294	cg15234627
13295	cg15234845
13296	cg15234946
13297	cg15235798
13298	cg15235893
13299	cg15237923
13300	cg15238694
13301	cg15239532
13302	cg15239679
13303	cg15240064
13304	cg15240652
13305	cg15241130
13306	cg15243034
13307	cg15246131
13308	cg15246511
13309	cg15247245
13310	cg15247329
13311	cg15249796
13312	cg15250073
13313	cg15250797
13314	cg15251539
13315	cg15251779
13316	cg15257565
13317	cg15258447
13318	cg15258649
13319	cg15262928
13320	cg15262984
13321	cg15266400
13322	cg15268456
13323	cg15270892
13324	cg15271054
13325	cg15272362
13326	cg15274195
13327	cg15274684
13328	cg15274823
13329	cg15276922
13330	cg15277914
13331	cg15279476
13332	cg15279541
13333	cg15279950
13334	cg15281901
13335	cg15282616
13336	cg15282632
13337	cg15282973
13338	cg15285786
13339	cg15289427
13340	cg15290848
13341	cg15295732
13342	cg15297650
13343	cg15298719
13344	cg15298722
13345	cg15299402
13346	cg15299997
13347	cg15300348
13348	cg15300488
13349	cg15304692
13350	cg15305980
13351	cg15308388
13352	cg15308737
13353	cg15309045
13354	cg15311773
13355	cg15311873
13356	cg15312298
13357	cg15316508
13358	cg15319522
13359	cg15320854
13360	cg15321211
13361	cg15326535
13362	cg15326741
13363	cg15330921
13364	cg15331238
13365	cg15332241
13366	cg15332871
13367	cg15336560
13368	cg15337006
13369	cg15338967
13370	cg15339075
13371	cg15339231
13372	cg15339249
13373	cg15339994
13374	cg15340018
13375	cg15341124
13376	cg15341340
13377	cg15344028
13378	cg15344659
13379	cg15344919
13380	cg15347434
13381	cg15348720
13382	cg15348839
13383	cg15349304
13384	cg15350922
13385	cg15352065
13386	cg15352315
13387	cg15352671
13388	cg15353061
13389	cg15355146
13390	cg15357945
13391	cg15358893
13392	cg15361291
13393	cg15362140
13394	cg15363134
13395	cg15363979
13396	cg15366301
13397	cg15366353
13398	cg15366524
13399	cg15367212
13400	cg15368222
13401	cg15370757
13402	cg15373880
13403	cg15376007
13404	cg15377518
13405	cg15377610
13406	cg15379633
13407	cg15381313
13408	cg15381769
13409	cg15383520
13410	cg15384383
13411	cg15384400
13412	cg15387636
13413	cg15389595
13414	cg15391813
13415	cg15392827
13416	cg15393304
13417	cg15393490
13418	cg15394911
13419	cg15396653
13420	cg15397233
13421	cg15397472
13422	cg15398976
13423	cg15399577
13424	cg15401363
13425	cg15401622
13426	cg15402156
13427	cg15402399
13428	cg15405432
13429	cg15405572
13430	cg15408889
13431	cg15409712
13432	cg15410236
13433	cg15410675
13434	cg15410835
13435	cg15414773
13436	cg15415882
13437	cg15417124
13438	cg15419911
13439	cg15421037
13440	cg15421041
13441	cg15421137
13442	cg15421872
13443	cg15423357
13444	cg15426459
13445	cg15427448
13446	cg15429214
13447	cg15429854
13448	cg15431821
13449	cg15436715
13450	cg15437942
13451	cg15440392
13452	cg15442728
13453	cg15443907
13454	cg15445281
13455	cg15447479
13456	cg15451847
13457	cg15455721
13458	cg15458801
13459	cg15461516
13460	cg15461663
13461	cg15462838
13462	cg15462970
13463	cg15463664
13464	cg15464148
13465	cg15470298
13466	cg15470658
13467	cg15471501
13468	cg15471661
13469	cg15472145
13470	cg15472639
13471	cg15472728
13472	cg15472797
13473	cg15473155
13474	cg15473868
13475	cg15480287
13476	cg15480367
13477	cg15480653
13478	cg15481172
13479	cg15483437
13480	cg15485154
13481	cg15488009
13482	cg15488978
13483	cg15489003
13484	cg15489301
13485	cg15490640
13486	cg15490715
13487	cg15491131
13488	cg15493780
13489	cg15495372
13490	cg15496507
13491	cg15498283
13492	cg15498306
13493	cg15498348
13494	cg15498449
13495	cg15503303
13496	cg15504041
13497	cg15505277
13498	cg15506894
13499	cg15507690
13500	cg15509024
13501	cg15511327
13502	cg15512289
13503	cg15515537
13504	cg15516023
13505	cg15516759
13506	cg15518923
13507	cg15519474
13508	cg15521034
13509	cg15521792
13510	cg15526708
13511	cg15528441
13512	cg15533646
13513	cg15535507
13514	cg15536830
13515	cg15537269
13516	cg15538427
13517	cg15540054
13518	cg15540371
13519	cg15540623
13520	cg15543027
13521	cg15543489
13522	cg15544596
13523	cg15544868
13524	cg15545942
13525	cg15547413
13526	cg15547534
13527	cg15548613
13528	cg15551284
13529	cg15551292
13530	cg15551881
13531	cg15553770
13532	cg15554401
13533	cg15554875
13534	cg15555527
13535	cg15556672
13536	cg15556990
13537	cg15564619
13538	cg15564896
13539	cg15569512
13540	cg15571561
13541	cg15572745
13542	cg15573979
13543	cg15574924
13544	cg15575356
13545	cg15575700
13546	cg15576517
13547	cg15578250
13548	cg15580396
13549	cg15580417
13550	cg15581537
13551	cg15583492
13552	cg15586193
13553	cg15586420
13554	cg15587955
13555	cg15590153
13556	cg15590292
13557	cg15590989
13558	cg15592828
13559	cg15593298
13560	cg15594585
13561	cg15596301
13562	cg15597031
13563	cg15597107
13564	cg15599875
13565	cg15600051
13566	cg15600488
13567	cg15600670
13568	cg15600935
13569	cg15601799
13570	cg15602677
13571	cg15603896
13572	cg15604051
13573	cg15604398
13574	cg15605172
13575	cg15606633
13576	cg15607387
13577	cg15610027
13578	cg15611176
13579	cg15611336
13580	cg15611364
13581	cg15612221
13582	cg15620008
13583	cg15622917
13584	cg15624813
13585	cg15625495
13586	cg15626112
13587	cg15626307
13588	cg15626350
13589	cg15629519
13590	cg15631106
13591	cg15632936
13592	cg15635368
13593	cg15637576
13594	cg15638207
13595	cg15639684
13596	cg15641675
13597	cg15642326
13598	cg15643133
13599	cg15646817
13600	cg15648389
13601	cg15650209
13602	cg15651727
13603	cg15654892
13604	cg15656813
13605	cg15658426
13606	cg15661251
13607	cg15661409
13608	cg15662902
13609	cg15663537
13610	cg15665342
13611	cg15666659
13612	cg15667493
13613	cg15671450
13614	cg15673110
13615	cg15673540
13616	cg15679283
13617	cg15680624
13618	cg15681737
13619	cg15682194
13620	cg15682828
13621	cg15684116
13622	cg15685385
13623	cg15686393
13624	cg15687530
13625	cg15687855
13626	cg15690475
13627	cg15691862
13628	cg15694117
13629	cg15694127
13630	cg15694422
13631	cg15698851
13632	cg15699121
13633	cg15701047
13634	cg15701237
13635	cg15701639
13636	cg15703512
13637	cg15705524
13638	cg15705999
13639	cg15706017
13640	cg15706250
13641	cg15709065
13642	cg15709989
13643	cg15712057
13644	cg15715903
13645	cg15716847
13646	cg15717448
13647	cg15718663
13648	cg15719056
13649	cg15720543
13650	cg15724534
13651	cg15725440
13652	cg15726025
13653	cg15726045
13654	cg15726426
13655	cg15727287
13656	cg15727583
13657	cg15728109
13658	cg15729809
13659	cg15731053
13660	cg15731317
13661	cg15736973
13662	cg15736994
13663	cg15737123
13664	cg15742245
13665	cg15742496
13666	cg15744005
13667	cg15745900
13668	cg15746205
13669	cg15746696
13670	cg15747566
13671	cg15749469
13672	cg15750986
13673	cg15751090
13674	cg15751452
13675	cg15757019
13676	cg15757326
13677	cg15759616
13678	cg15761414
13679	cg15763138
13680	cg15763258
13681	cg15764593
13682	cg15765212
13683	cg15766011
13684	cg15766075
13685	cg15768040
13686	cg15770553
13687	cg15770702
13688	cg15771128
13689	cg15773744
13690	cg15774153
13691	cg15774391
13692	cg15774465
13693	cg15775914
13694	cg15776617
13695	cg15777014
13696	cg15777335
13697	cg15777606
13698	cg15777825
13699	cg15778437
13700	cg15778873
13701	cg15779600
13702	cg15782153
13703	cg15783941
13704	cg15787146
13705	cg15787227
13706	cg15787491
13707	cg15789455
13708	cg15792487
13709	cg15794017
13710	cg15795081
13711	cg15796437
13712	cg15798837
13713	cg15799226
13714	cg15800404
13715	cg15802848
13716	cg15803018
13717	cg15803346
13718	cg15804767
13719	cg15804973
13720	cg15808795
13721	cg15808924
13722	cg15809488
13723	cg15811427
13724	cg15813523
13725	cg15815084
13726	cg15817287
13727	cg15817928
13728	cg15818448
13729	cg15820033
13730	cg15821498
13731	cg15822010
13732	cg15822346
13733	cg15822858
13734	cg15824291
13735	cg15825321
13736	cg15825916
13737	cg15826426
13738	cg15826891
13739	cg15829535
13740	cg15829826
13741	cg15829969
13742	cg15831060
13743	cg15833449
13744	cg15833940
13745	cg15835620
13746	cg15835718
13747	cg15840418
13748	cg15841063
13749	cg15841711
13750	cg15841865
13751	cg15842276
13752	cg15845365
13753	cg15845821
13754	cg15846434
13755	cg15847996
13756	cg15849439
13757	cg15851164
13758	cg15851799
13759	cg15852709
13760	cg15852795
13761	cg15856055
13762	cg15856275
13763	cg15856419
13764	cg15857627
13765	cg15860235
13766	cg15860924
13767	cg15862128
13768	cg15862950
13769	cg15863539
13770	cg15866162
13771	cg15866213
13772	cg15866367
13773	cg15867728
13774	cg15869609
13775	cg15869663
13776	cg15870379
13777	cg15871086
13778	cg15871441
13779	cg15873474
13780	cg15876676
13781	cg15876825
13782	cg15877601
13783	cg15880704
13784	cg15881088
13785	cg15881404
13786	cg15882363
13787	cg15882726
13788	cg15883094
13789	cg15884510
13790	cg15885274
13791	cg15885953
13792	cg15887846
13793	cg15890469
13794	cg15894389
13795	cg15895121
13796	cg15897613
13797	cg15897645
13798	cg15899053
13799	cg15899840
13800	cg15900052
13801	cg15902228
13802	cg15903032
13803	cg15903185
13804	cg15903282
13805	cg15903395
13806	cg15904523
13807	cg15907819
13808	cg15907944
13809	cg15908125
13810	cg15908709
13811	cg15909132
13812	cg15909724
13813	cg15909725
13814	cg15909981
13815	cg15910502
13816	cg15911612
13817	cg15912797
13818	cg15913680
13819	cg15914463
13820	cg15915241
13821	cg15916194
13822	cg15919431
13823	cg15921319
13824	cg15922176
13825	cg15923139
13826	cg15925792
13827	cg15926234
13828	cg15926342
13829	cg15927455
13830	cg15928598
13831	cg15928974
13832	cg15929624
13833	cg15931375
13834	cg15934191
13835	cg15936446
13836	cg15939523
13837	cg15942325
13838	cg15944684
13839	cg15946312
13840	cg15947697
13841	cg15948836
13842	cg15949805
13843	cg15951188
13844	cg15951466
13845	cg15952725
13846	cg15955341
13847	cg15957394
13848	cg15957413
13849	cg15962547
13850	cg15963036
13851	cg15963417
13852	cg15964523
13853	cg15966757
13854	cg15969090
13855	cg15969263
13856	cg15970375
13857	cg15970769
13858	cg15971074
13859	cg15971496
13860	cg15971518
13861	cg15971980
13862	cg15974053
13863	cg15974867
13864	cg15981620
13865	cg15982308
13866	cg15984175
13867	cg15984718
13868	cg15986238
13869	cg15987088
13870	cg15988232
13871	cg15988937
13872	cg15988970
13873	cg15990679
13874	cg15991288
13875	cg15991909
13876	cg15994159
13877	cg15994304
13878	cg15996284
13879	cg15996342
13880	cg15996644
13881	cg15997315
13882	cg15999702
13883	cg16000331
13884	cg16003004
13885	cg16004055
13886	cg16005271
13887	cg16007541
13888	cg16008966
13889	cg16009764
13890	cg16010178
13891	cg16010596
13892	cg16011033
13893	cg16012294
13894	cg16015139
13895	cg16015468
13896	cg16019898
13897	cg16023497
13898	cg16023545
13899	cg16023896
13900	cg16026522
13901	cg16026943
13902	cg16027761
13903	cg16032108
13904	cg16033053
13905	cg16033766
13906	cg16034652
13907	cg16034991
13908	cg16035780
13909	cg16037896
13910	cg16037947
13911	cg16038868
13912	cg16039979
13913	cg16040935
13914	cg16043345
13915	cg16043669
13916	cg16046226
13917	cg16047471
13918	cg16047567
13919	cg16049494
13920	cg16049864
13921	cg16050082
13922	cg16052327
13923	cg16052388
13924	cg16053005
13925	cg16054275
13926	cg16054422
13927	cg16056087
13928	cg16056150
13929	cg16056964
13930	cg16057915
13931	cg16058975
13932	cg16059665
13933	cg16059978
13934	cg16060574
13935	cg16061228
13936	cg16063587
13937	cg16063656
13938	cg16067628
13939	cg16071219
13940	cg16071713
13941	cg16076997
13942	cg16077929
13943	cg16078124
13944	cg16078678
13945	cg16080273
13946	cg16080876
13947	cg16081185
13948	cg16081457
13949	cg16085042
13950	cg16086098
13951	cg16088894
13952	cg16091630
13953	cg16096180
13954	cg16096646
13955	cg16098332
13956	cg16098955
13957	cg16101574
13958	cg16102024
13959	cg16102283
13960	cg16103959
13961	cg16105938
13962	cg16107565
13963	cg16111924
13964	cg16112050
13965	cg16112129
13966	cg16113433
13967	cg16113650
13968	cg16113793
13969	cg16114706
13970	cg16115513
13971	cg16117554
13972	cg16120485
13973	cg16121765
13974	cg16123101
13975	cg16125385
13976	cg16126137
13977	cg16126900
13978	cg16127683
13979	cg16127845
13980	cg16128701
13981	cg16128973
13982	cg16131766
13983	cg16133681
13984	cg16136467
13985	cg16136840
13986	cg16139227
13987	cg16139770
13988	cg16142349
13989	cg16145216
13990	cg16148593
13991	cg16149321
13992	cg16150435
13993	cg16150752
13994	cg16150821
13995	cg16151795
13996	cg16152813
13997	cg16153883
13998	cg16154071
13999	cg16154524
14000	cg16154810
14001	cg16159940
14002	cg16161415
14003	cg16161425
14004	cg16164607
14005	cg16165575
14006	cg16166651
14007	cg16167043
14008	cg16167624
14009	cg16168311
14010	cg16170223
14011	cg16170708
14012	cg16171105
14013	cg16171740
14014	cg16172240
14015	cg16172329
14016	cg16173067
14017	cg16173191
14018	cg16173730
14019	cg16173847
14020	cg16175599
14021	cg16176432
14022	cg16178415
14023	cg16179507
14024	cg16180117
14025	cg16181135
14026	cg16181315
14027	cg16181396
14028	cg16181537
14029	cg16182447
14030	cg16182491
14031	cg16182699
14032	cg16183122
14033	cg16185213
14034	cg16187883
14035	cg16188984
14036	cg16192428
14037	cg16193278
14038	cg16195091
14039	cg16196274
14040	cg16197188
14041	cg16199460
14042	cg16200531
14043	cg16201273
14044	cg16201762
14045	cg16202996
14046	cg16203368
14047	cg16204818
14048	cg16206504
14049	cg16207671
14050	cg16208084
14051	cg16208357
14052	cg16208863
14053	cg16209444
14054	cg16209630
14055	cg16210461
14056	cg16211684
14057	cg16212298
14058	cg16213375
14059	cg16214653
14060	cg16214670
14061	cg16217794
14062	cg16218276
14063	cg16218715
14064	cg16221704
14065	cg16221927
14066	cg16222491
14067	cg16224163
14068	cg16225405
14069	cg16229626
14070	cg16230384
14071	cg16230626
14072	cg16232270
14073	cg16234557
14074	cg16235809
14075	cg16237529
14076	cg16238336
14077	cg16238635
14078	cg16241649
14079	cg16241714
14080	cg16243756
14081	cg16243898
14082	cg16246169
14083	cg16246188
14084	cg16246961
14085	cg16248277
14086	cg16248756
14087	cg16251130
14088	cg16252995
14089	cg16253115
14090	cg16254764
14091	cg16255583
14092	cg16258888
14093	cg16259904
14094	cg16260349
14095	cg16261259
14096	cg16263848
14097	cg16266379
14098	cg16267202
14099	cg16268165
14100	cg16268380
14101	cg16269733
14102	cg16270890
14103	cg16273597
14104	cg16274199
14105	cg16278329
14106	cg16281600
14107	cg16282993
14108	cg16284279
14109	cg16284640
14110	cg16287284
14111	cg16290275
14112	cg16291204
14113	cg16293484
14114	cg16294325
14115	cg16294363
14116	cg16295988
14117	cg16296679
14118	cg16297271
14119	cg16297569
14120	cg16298547
14121	cg16301617
14122	cg16301894
14123	cg16302655
14124	cg16303562
14125	cg16304887
14126	cg16305082
14127	cg16305154
14128	cg16305333
14129	cg16305787
14130	cg16307759
14131	cg16307866
14132	cg16308533
14133	cg16312002
14134	cg16312574
14135	cg16313343
14136	cg16314254
14137	cg16315334
14138	cg16317164
14139	cg16318987
14140	cg16319578
14141	cg16320208
14142	cg16321474
14143	cg16321524
14144	cg16322033
14145	cg16322747
14146	cg16323491
14147	cg16323609
14148	cg16323641
14149	cg16323872
14150	cg16326902
14151	cg16328251
14152	cg16330359
14153	cg16330755
14154	cg16331674
14155	cg16332413
14156	cg16333016
14157	cg16333846
14158	cg16335858
14159	cg16339238
14160	cg16340422
14161	cg16340918
14162	cg16341115
14163	cg16341836
14164	cg16342193
14165	cg16342842
14166	cg16345566
14167	cg16348385
14168	cg16349148
14169	cg16352283
14170	cg16354207
14171	cg16355305
14172	cg16356956
14173	cg16357381
14174	cg16357921
14175	cg16358252
14176	cg16358826
14177	cg16359034
14178	cg16359525
14179	cg16359915
14180	cg16360310
14181	cg16361543
14182	cg16363586
14183	cg16364191
14184	cg16365373
14185	cg16366505
14186	cg16366546
14187	cg16368750
14188	cg16369288
14189	cg16370875
14190	cg16372141
14191	cg16372520
14192	cg16372767
14193	cg16373202
14194	cg16373471
14195	cg16373998
14196	cg16374999
14197	cg16375265
14198	cg16377327
14199	cg16378352
14200	cg16380414
14201	cg16380888
14202	cg16381169
14203	cg16382383
14204	cg16383389
14205	cg16385335
14206	cg16385933
14207	cg16386080
14208	cg16386697
14209	cg16389456
14210	cg16391425
14211	cg16395614
14212	cg16396540
14213	cg16397968
14214	cg16398105
14215	cg16398761
14216	cg16398956
14217	cg16399833
14218	cg16400145
14219	cg16400320
14220	cg16400794
14221	cg16400903
14222	cg16404106
14223	cg16404144
14224	cg16405455
14225	cg16405637
14226	cg16407699
14227	cg16408394
14228	cg16408679
14229	cg16408784
14230	cg16408865
14231	cg16408970
14232	cg16409452
14233	cg16411251
14234	cg16411857
14235	cg16413763
14236	cg16415104
14237	cg16415457
14238	cg16416603
14239	cg16416715
14240	cg16418183
14241	cg16419235
14242	cg16419345
14243	cg16419764
14244	cg16421616
14245	cg16423684
14246	cg16426339
14247	cg16427513
14248	cg16429975
14249	cg16430072
14250	cg16433156
14251	cg16434276
14252	cg16437048
14253	cg16437728
14254	cg16439360
14255	cg16441627
14256	cg16442715
14257	cg16446486
14258	cg16448636
14259	cg16449012
14260	cg16450097
14261	cg16451455
14262	cg16453901
14263	cg16454099
14264	cg16457259
14265	cg16457307
14266	cg16461134
14267	cg16463229
14268	cg16464007
14269	cg16465502
14270	cg16466334
14271	cg16466397
14272	cg16468168
14273	cg16469894
14274	cg16469927
14275	cg16470491
14276	cg16471877
14277	cg16475558
14278	cg16476432
14279	cg16476710
14280	cg16477091
14281	cg16477774
14282	cg16478145
14283	cg16478871
14284	cg16479633
14285	cg16480692
14286	cg16485140
14287	cg16485682
14288	cg16486681
14289	cg16487292
14290	cg16487474
14291	cg16491617
14292	cg16492377
14293	cg16494477
14294	cg16496269
14295	cg16497431
14296	cg16498879
14297	cg16511229
14298	cg16511795
14299	cg16511841
14300	cg16511983
14301	cg16512376
14302	cg16514113
14303	cg16516973
14304	cg16517790
14305	cg16518176
14306	cg16519151
14307	cg16520312
14308	cg16523158
14309	cg16523380
14310	cg16523653
14311	cg16526133
14312	cg16527112
14313	cg16527629
14314	cg16528638
14315	cg16529323
14316	cg16530165
14317	cg16530946
14318	cg16531585
14319	cg16532938
14320	cg16533147
14321	cg16534307
14322	cg16535390
14323	cg16536016
14324	cg16536918
14325	cg16538728
14326	cg16540789
14327	cg16541147
14328	cg16543027
14329	cg16544989
14330	cg16545019
14331	cg16545105
14332	cg16547529
14333	cg16550555
14334	cg16550849
14335	cg16551326
14336	cg16552271
14337	cg16552533
14338	cg16553083
14339	cg16554627
14340	cg16555466
14341	cg16555505
14342	cg16558846
14343	cg16559268
14344	cg16560376
14345	cg16562257
14346	cg16563230
14347	cg16567676
14348	cg16569347
14349	cg16569937
14350	cg16570119
14351	cg16570256
14352	cg16572224
14353	cg16574737
14354	cg16576285
14355	cg16577588
14356	cg16578883
14357	cg16579101
14358	cg16580935
14359	cg16584328
14360	cg16584662
14361	cg16586261
14362	cg16586594
14363	cg16587518
14364	cg16589421
14365	cg16590635
14366	cg16591000
14367	cg16591681
14368	cg16592326
14369	cg16593027
14370	cg16593899
14371	cg16594273
14372	cg16595261
14373	cg16596052
14374	cg16596957
14375	cg16599143
14376	cg16600909
14377	cg16602316
14378	cg16602490
14379	cg16602747
14380	cg16604658
14381	cg16604975
14382	cg16606638
14383	cg16608498
14384	cg16609260
14385	cg16611584
14386	cg16612562
14387	cg16612742
14388	cg16613029
14389	cg16614786
14390	cg16615151
14391	cg16615154
14392	cg16618104
14393	cg16618789
14394	cg16620032
14395	cg16621633
14396	cg16624069
14397	cg16624984
14398	cg16626107
14399	cg16627309
14400	cg16627786
14401	cg16629695
14402	cg16631911
14403	cg16633925
14404	cg16633951
14405	cg16636110
14406	cg16636767
14407	cg16638540
14408	cg16639145
14409	cg16639172
14410	cg16639637
14411	cg16639665
14412	cg16641861
14413	cg16642472
14414	cg16643261
14415	cg16643422
14416	cg16643742
14417	cg16648841
14418	cg16649052
14419	cg16649326
14420	cg16649728
14421	cg16652349
14422	cg16653408
14423	cg16655091
14424	cg16655778
14425	cg16656322
14426	cg16658557
14427	cg16659444
14428	cg16659583
14429	cg16660312
14430	cg16661269
14431	cg16662477
14432	cg16663497
14433	cg16663980
14434	cg16664233
14435	cg16665444
14436	cg16665506
14437	cg16668548
14438	cg16668549
14439	cg16670497
14440	cg16671190
14441	cg16671360
14442	cg16673477
14443	cg16674433
14444	cg16674566
14445	cg16675381
14446	cg16678267
14447	cg16678452
14448	cg16678564
14449	cg16679650
14450	cg16683571
14451	cg16684539
14452	cg16685777
14453	cg16685990
14454	cg16686396
14455	cg16686826
14456	cg16688434
14457	cg16696270
14458	cg16697493
14459	cg16697775
14460	cg16699148
14461	cg16699331
14462	cg16699385
14463	cg16700924
14464	cg16701167
14465	cg16701914
14466	cg16703882
14467	cg16704246
14468	cg16704703
14469	cg16705546
14470	cg16705561
14471	cg16706631
14472	cg16707405
14473	cg16707622
14474	cg16708495
14475	cg16708895
14476	cg16709904
14477	cg16711522
14478	cg16713727
14479	cg16714760
14480	cg16716449
14481	cg16717122
14482	cg16717723
14483	cg16718874
14484	cg16718891
14485	cg16719517
14486	cg16721359
14487	cg16722536
14488	cg16726706
14489	cg16727906
14490	cg16728114
14491	cg16730484
14492	cg16730765
14493	cg16731811
14494	cg16732475
14495	cg16732880
14496	cg16734400
14497	cg16734433
14498	cg16734981
14499	cg16735956
14500	cg16736630
14501	cg16737749
14502	cg16739178
14503	cg16740214
14504	cg16740586
14505	cg16741230
14506	cg16742481
14507	cg16742608
14508	cg16743070
14509	cg16743273
14510	cg16743289
14511	cg16744531
14512	cg16744741
14513	cg16744911
14514	cg16745444
14515	cg16746631
14516	cg16748816
14517	cg16750222
14518	cg16750275
14519	cg16750433
14520	cg16751098
14521	cg16752024
14522	cg16752592
14523	cg16755214
14524	cg16756407
14525	cg16756674
14526	cg16756868
14527	cg16756969
14528	cg16759221
14529	cg16760899
14530	cg16762925
14531	cg16762979
14532	cg16764008
14533	cg16764258
14534	cg16766036
14535	cg16767506
14536	cg16769442
14537	cg16769623
14538	cg16770687
14539	cg16778148
14540	cg16778405
14541	cg16780015
14542	cg16781885
14543	cg16784555
14544	cg16784985
14545	cg16785344
14546	cg16789230
14547	cg16789844
14548	cg16789867
14549	cg16792800
14550	cg16794576
14551	cg16795804
14552	cg16797808
14553	cg16799805
14554	cg16800162
14555	cg16800165
14556	cg16801102
14557	cg16801797
14558	cg16803846
14559	cg16807679
14560	cg16807911
14561	cg16810279
14562	cg16810626
14563	cg16814680
14564	cg16816226
14565	cg16816602
14566	cg16818781
14567	cg16821867
14568	cg16823292
14569	cg16824126
14570	cg16824319
14571	cg16826475
14572	cg16831070
14573	cg16832267
14574	cg16832801
14575	cg16834011
14576	cg16835843
14577	cg16836250
14578	cg16837441
14579	cg16840547
14580	cg16844425
14581	cg16844661
14582	cg16844875
14583	cg16845257
14584	cg16846268
14585	cg16847377
14586	cg16847637
14587	cg16848272
14588	cg16848280
14589	cg16850254
14590	cg16851115
14591	cg16852323
14592	cg16852756
14593	cg16854606
14594	cg16856049
14595	cg16856874
14596	cg16857134
14597	cg16857356
14598	cg16857548
14599	cg16859165
14600	cg16861031
14601	cg16861209
14602	cg16861241
14603	cg16865475
14604	cg16865965
14605	cg16867657
14606	cg16867820
14607	cg16871385
14608	cg16871994
14609	cg16875057
14610	cg16877615
14611	cg16880507
14612	cg16883263
14613	cg16886403
14614	cg16886581
14615	cg16887334
14616	cg16888547
14617	cg16892443
14618	cg16895261
14619	cg16895672
14620	cg16898124
14621	cg16899442
14622	cg16900209
14623	cg16901014
14624	cg16902598
14625	cg16902958
14626	cg16905434
14627	cg16905438
14628	cg16905926
14629	cg16906555
14630	cg16907514
14631	cg16909084
14632	cg16909962
14633	cg16909978
14634	cg16910830
14635	cg16911349
14636	cg16912512
14637	cg16914946
14638	cg16915426
14639	cg16917609
14640	cg16917713
14641	cg16920191
14642	cg16921285
14643	cg16921643
14644	cg16924010
14645	cg16924102
14646	cg16926095
14647	cg16927242
14648	cg16928044
14649	cg16928551
14650	cg16929104
14651	cg16931969
14652	cg16932827
14653	cg16933388
14654	cg16936289
14655	cg16936867
14656	cg16937778
14657	cg16939895
14658	cg16940316
14659	cg16943505
14660	cg16943635
14661	cg16949001
14662	cg16949914
14663	cg16960327
14664	cg16961363
14665	cg16961648
14666	cg16961816
14667	cg16964198
14668	cg16965794
14669	cg16967065
14670	cg16969368
14671	cg16969872
14672	cg16970628
14673	cg16974046
14674	cg16976370
14675	cg16977520
14676	cg16978914
14677	cg16982073
14678	cg16983159
14679	cg16983588
14680	cg16983817
14681	cg16984944
14682	cg16987524
14683	cg16987606
14684	cg16990174
14685	cg16991239
14686	cg16992257
14687	cg16992340
14688	cg16992627
14689	cg16992985
14690	cg16993579
14691	cg16993582
14692	cg16996637
14693	cg16996746
14694	cg16997650
14695	cg17001448
14696	cg17003395
14697	cg17003879
14698	cg17005162
14699	cg17007574
14700	cg17009433
14701	cg17010309
14702	cg17010349
14703	cg17016890
14704	cg17017591
14705	cg17018096
14706	cg17018786
14707	cg17019969
14708	cg17022232
14709	cg17024258
14710	cg17024828
14711	cg17025484
14712	cg17025841
14713	cg17029193
14714	cg17031607
14715	cg17031898
14716	cg17033087
14717	cg17034390
14718	cg17034508
14719	cg17035109
14720	cg17035132
14721	cg17037282
14722	cg17038116
14723	cg17039369
14724	cg17040471
14725	cg17041296
14726	cg17041937
14727	cg17044529
14728	cg17045275
14729	cg17049500
14730	cg17051704
14731	cg17053538
14732	cg17054674
14733	cg17057301
14734	cg17058475
14735	cg17061760
14736	cg17061862
14737	cg17062829
14738	cg17063143
14739	cg17063929
14740	cg17064250
14741	cg17064825
14742	cg17065725
14743	cg17066785
14744	cg17066943
14745	cg17068236
14746	cg17068738
14747	cg17071045
14748	cg17071639
14749	cg17072755
14750	cg17076780
14751	cg17076890
14752	cg17078116
14753	cg17081570
14754	cg17081586
14755	cg17081867
14756	cg17082340
14757	cg17082856
14758	cg17082959
14759	cg17085123
14760	cg17086398
14761	cg17086542
14762	cg17088155
14763	cg17090082
14764	cg17090716
14765	cg17090968
14766	cg17091527
14767	cg17092956
14768	cg17093466
14769	cg17094718
14770	cg17096289
14771	cg17099569
14772	cg17100770
14773	cg17100943
14774	cg17105005
14775	cg17105886
14776	cg17106222
14777	cg17106526
14778	cg17107156
14779	cg17109283
14780	cg17109563
14781	cg17109725
14782	cg17110550
14783	cg17110586
14784	cg17111845
14785	cg17112155
14786	cg17113968
14787	cg17114460
14788	cg17114983
14789	cg17116410
14790	cg17116694
14791	cg17116739
14792	cg17117277
14793	cg17117459
14794	cg17117718
14795	cg17121412
14796	cg17122151
14797	cg17124478
14798	cg17127722
14799	cg17129388
14800	cg17131553
14801	cg17131579
14802	cg17132030
14803	cg17132148
14804	cg17133183
14805	cg17133388
14806	cg17133967
14807	cg17134770
14808	cg17135027
14809	cg17136442
14810	cg17138920
14811	cg17139085
14812	cg17140673
14813	cg17143376
14814	cg17143801
14815	cg17144547
14816	cg17146199
14817	cg17146526
14818	cg17146918
14819	cg17147878
14820	cg17150306
14821	cg17152757
14822	cg17152981
14823	cg17154092
14824	cg17154935
14825	cg17156255
14826	cg17159699
14827	cg17160984
14828	cg17161650
14829	cg17163168
14830	cg17165841
14831	cg17168157
14832	cg17168836
14833	cg17170504
14834	cg17170839
14835	cg17173187
14836	cg17174814
14837	cg17174980
14838	cg17175041
14839	cg17176002
14840	cg17176619
14841	cg17176676
14842	cg17177219
14843	cg17177602
14844	cg17178761
14845	cg17179314
14846	cg17179568
14847	cg17179570
14848	cg17179784
14849	cg17182156
14850	cg17183905
14851	cg17184510
14852	cg17185710
14853	cg17187762
14854	cg17191567
14855	cg17194270
14856	cg17195809
14857	cg17196739
14858	cg17199483
14859	cg17199800
14860	cg17201227
14861	cg17201651
14862	cg17203155
14863	cg17206645
14864	cg17207815
14865	cg17208425
14866	cg17213048
14867	cg17215151
14868	cg17215446
14869	cg17217158
14870	cg17217478
14871	cg17217665
14872	cg17220237
14873	cg17221584
14874	cg17221856
14875	cg17222755
14876	cg17226286
14877	cg17227156
14878	cg17230535
14879	cg17230587
14880	cg17231999
14881	cg17233127
14882	cg17233202
14883	cg17238473
14884	cg17239194
14885	cg17239923
14886	cg17239974
14887	cg17241283
14888	cg17243289
14889	cg17250082
14890	cg17250863
14891	cg17253459
14892	cg17254383
14893	cg17255214
14894	cg17255703
14895	cg17255947
14896	cg17256922
14897	cg17257265
14898	cg17257731
14899	cg17259096
14900	cg17262492
14901	cg17263013
14902	cg17263974
14903	cg17265829
14904	cg17266282
14905	cg17267107
14906	cg17267805
14907	cg17268658
14908	cg17271056
14909	cg17272549
14910	cg17272642
14911	cg17274064
14912	cg17274080
14913	cg17274599
14914	cg17275074
14915	cg17279125
14916	cg17279458
14917	cg17279839
14918	cg17280723
14919	cg17281206
14920	cg17283857
14921	cg17285325
14922	cg17286012
14923	cg17286157
14924	cg17286661
14925	cg17287155
14926	cg17287605
14927	cg17288023
14928	cg17291325
14929	cg17293641
14930	cg17293936
14931	cg17294330
14932	cg17295878
14933	cg17298279
14934	cg17298973
14935	cg17301216
14936	cg17304222
14937	cg17305187
14938	cg17307558
14939	cg17310173
14940	cg17310258
14941	cg17310601
14942	cg17310773
14943	cg17313945
14944	cg17314000
14945	cg17314566
14946	cg17315281
14947	cg17315500
14948	cg17316947
14949	cg17317007
14950	cg17317023
14951	cg17317962
14952	cg17319774
14953	cg17320378
14954	cg17321954
14955	cg17323282
14956	cg17324128
14957	cg17324149
14958	cg17325771
14959	cg17325792
14960	cg17326555
14961	cg17327990
14962	cg17328631
14963	cg17329670
14964	cg17334018
14965	cg17334389
14966	cg17334937
14967	cg17338403
14968	cg17338821
14969	cg17339147
14970	cg17339202
14971	cg17339521
14972	cg17341113
14973	cg17342973
14974	cg17343167
14975	cg17344223
14976	cg17344932
14977	cg17346022
14978	cg17347941
14979	cg17349007
14980	cg17349199
14981	cg17349315
14982	cg17354708
14983	cg17355668
14984	cg17355765
14985	cg17357006
14986	cg17357600
14987	cg17358883
14988	cg17359092
14989	cg17359265
14990	cg17365308
14991	cg17365410
14992	cg17367439
14993	cg17369527
14994	cg17370163
14995	cg17371081
14996	cg17371170
14997	cg17371184
14998	cg17372101
14999	cg17372353
15000	cg17372758
15001	cg17372923
15002	cg17372941
15003	cg17373751
15004	cg17374364
15005	cg17374958
15006	cg17376960
15007	cg17377182
15008	cg17378193
15009	cg17381377
15010	cg17381565
15011	cg17382302
15012	cg17386710
15013	cg17389077
15014	cg17389212
15015	cg17389400
15016	cg17389504
15017	cg17390562
15018	cg17392866
15019	cg17393140
15020	cg17397672
15021	cg17400014
15022	cg17400113
15023	cg17401435
15024	cg17402294
15025	cg17402643
15026	cg17403393
15027	cg17403995
15028	cg17404640
15029	cg17404915
15030	cg17406023
15031	cg17407677
15032	cg17408380
15033	cg17408647
15034	cg17408660
15035	cg17408842
15036	cg17409809
15037	cg17410650
15038	cg17411994
15039	cg17412886
15040	cg17414101
15041	cg17414580
15042	cg17414900
15043	cg17416165
15044	cg17419731
15045	cg17421623
15046	cg17421890
15047	cg17425014
15048	cg17425144
15049	cg17428324
15050	cg17430167
15051	cg17431232
15052	cg17431739
15053	cg17434309
15054	cg17434634
15055	cg17434901
15056	cg17435266
15057	cg17436656
15058	cg17436666
15059	cg17436763
15060	cg17437489
15061	cg17438155
15062	cg17438580
15063	cg17439633
15064	cg17439800
15065	cg17440248
15066	cg17440417
15067	cg17448192
15068	cg17451138
15069	cg17452301
15070	cg17453187
15071	cg17453778
15072	cg17457912
15073	cg17458967
15074	cg17459635
15075	cg17460386
15076	cg17460855
15077	cg17462200
15078	cg17463745
15079	cg17464436
15080	cg17465920
15081	cg17466044
15082	cg17468877
15083	cg17469019
15084	cg17471102
15085	cg17471939
15086	cg17472686
15087	cg17472796
15088	cg17473923
15089	cg17474524
15090	cg17476193
15091	cg17477052
15092	cg17477445
15093	cg17478888
15094	cg17479718
15095	cg17479898
15096	cg17481116
15097	cg17481903
15098	cg17482117
15099	cg17483959
15100	cg17485141
15101	cg17485681
15102	cg17488985
15103	cg17489312
15104	cg17490196
15105	cg17491146
15106	cg17491548
15107	cg17494199
15108	cg17494781
15109	cg17497172
15110	cg17497271
15111	cg17498296
15112	cg17499466
15113	cg17499941
15114	cg17500119
15115	cg17500703
15116	cg17500754
15117	cg17501210
15118	cg17504999
15119	cg17506588
15120	cg17508167
15121	cg17508302
15122	cg17510278
15123	cg17511128
15124	cg17512353
15125	cg17514226
15126	cg17514528
15127	cg17516475
15128	cg17516572
15129	cg17516812
15130	cg17518931
15131	cg17518965
15132	cg17519553
15133	cg17519650
15134	cg17521583
15135	cg17521665
15136	cg17523253
15137	cg17526103
15138	cg17526300
15139	cg17526301
15140	cg17527683
15141	cg17527798
15142	cg17528127
15143	cg17533458
15144	cg17533522
15145	cg17533847
15146	cg17534999
15147	cg17535595
15148	cg17536848
15149	cg17540192
15150	cg17543884
15151	cg17545662
15152	cg17546721
15153	cg17550929
15154	cg17553760
15155	cg17557540
15156	cg17560073
15157	cg17560136
15158	cg17561365
15159	cg17565444
15160	cg17566175
15161	cg17567560
15162	cg17569438
15163	cg17574785
15164	cg17576288
15165	cg17576375
15166	cg17578755
15167	cg17584870
15168	cg17585910
15169	cg17586094
15170	cg17586885
15171	cg17587327
15172	cg17588003
15173	cg17588800
15174	cg17589341
15175	cg17591574
15176	cg17591741
15177	cg17592231
15178	cg17593342
15179	cg17595624
15180	cg17598574
15181	cg17598713
15182	cg17599236
15183	cg17601785
15184	cg17605084
15185	cg17606785
15186	cg17607231
15187	cg17608490
15188	cg17609057
15189	cg17614403
15190	cg17616250
15191	cg17616646
15192	cg17621438
15193	cg17624368
15194	cg17627559
15195	cg17628249
15196	cg17628894
15197	cg17631150
15198	cg17631451
15199	cg17633063
15200	cg17636541
15201	cg17638929
15202	cg17639413
15203	cg17639894
15204	cg17640061
15205	cg17640485
15206	cg17641104
15207	cg17641566
15208	cg17641710
15209	cg17641857
15210	cg17642426
15211	cg17646571
15212	cg17646721
15213	cg17646820
15214	cg17646874
15215	cg17650523
15216	cg17650747
15217	cg17654020
15218	cg17655614
15219	cg17657300
15220	cg17657814
15221	cg17658634
15222	cg17658733
15223	cg17661881
15224	cg17662369
15225	cg17664577
15226	cg17667035
15227	cg17667648
15228	cg17668728
15229	cg17671621
15230	cg17672850
15231	cg17674021
15232	cg17676129
15233	cg17676631
15234	cg17677653
15235	cg17678183
15236	cg17679246
15237	cg17680767
15238	cg17681447
15239	cg17681698
15240	cg17683390
15241	cg17686487
15242	cg17686885
15243	cg17688525
15244	cg17693222
15245	cg17693669
15246	cg17694795
15247	cg17694877
15248	cg17697043
15249	cg17697835
15250	cg17698886
15251	cg17700087
15252	cg17701035
15253	cg17702370
15254	cg17708016
15255	cg17709804
15256	cg17712694
15257	cg17713013
15258	cg17713912
15259	cg17714030
15260	cg17715419
15261	cg17718488
15262	cg17718834
15263	cg17719473
15264	cg17720150
15265	cg17720233
15266	cg17720286
15267	cg17721355
15268	cg17722319
15269	cg17723710
15270	cg17726022
15271	cg17726105
15272	cg17727125
15273	cg17729667
15274	cg17730048
15275	cg17731079
15276	cg17731209
15277	cg17732646
15278	cg17733447
15279	cg17737388
15280	cg17737967
15281	cg17738521
15282	cg17739046
15283	cg17739202
15284	cg17739555
15285	cg17740434
15286	cg17740722
15287	cg17744279
15288	cg17744835
15289	cg17744931
15290	cg17745234
15291	cg17746570
15292	cg17747265
15293	cg17748367
15294	cg17749443
15295	cg17749946
15296	cg17752132
15297	cg17753162
15298	cg17754737
15299	cg17756325
15300	cg17757000
15301	cg17757602
15302	cg17758363
15303	cg17758496
15304	cg17758721
15305	cg17760405
15306	cg17762554
15307	cg17763354
15308	cg17765291
15309	cg17765387
15310	cg17766560
15311	cg17766654
15312	cg17768691
15313	cg17769442
15314	cg17769731
15315	cg17770886
15316	cg17774395
15317	cg17779384
15318	cg17779512
15319	cg17781418
15320	cg17781494
15321	cg17782713
15322	cg17782954
15323	cg17782974
15324	cg17788013
15325	cg17788468
15326	cg17791651
15327	cg17794299
15328	cg17796499
15329	cg17796960
15330	cg17797731
15331	cg17802633
15332	cg17802949
15333	cg17803430
15334	cg17804112
15335	cg17804348
15336	cg17806717
15337	cg17808910
15338	cg17809895
15339	cg17810099
15340	cg17810944
15341	cg17812152
15342	cg17812788
15343	cg17814814
15344	cg17815933
15345	cg17816394
15346	cg17816908
15347	cg17819635
15348	cg17820022
15349	cg17821473
15350	cg17822955
15351	cg17823321
15352	cg17829314
15353	cg17830754
15354	cg17831791
15355	cg17832674
15356	cg17832704
15357	cg17833066
15358	cg17833862
15359	cg17834136
15360	cg17834425
15361	cg17836612
15362	cg17837192
15363	cg17837526
15364	cg17840047
15365	cg17841545
15366	cg17842912
15367	cg17843376
15368	cg17843665
15369	cg17846100
15370	cg17846116
15371	cg17846460
15372	cg17847095
15373	cg17847526
15374	cg17848389
15375	cg17850367
15376	cg17850642
15377	cg17851021
15378	cg17852385
15379	cg17852588
15380	cg17853587
15381	cg17855045
15382	cg17855598
15383	cg17858328
15384	cg17861230
15385	cg17862961
15386	cg17863912
15387	cg17864046
15388	cg17864516
15389	cg17866778
15390	cg17870909
15391	cg17871910
15392	cg17871993
15393	cg17872886
15394	cg17876294
15395	cg17876463
15396	cg17876669
15397	cg17877566
15398	cg17878237
15399	cg17879376
15400	cg17879856
15401	cg17880593
15402	cg17881910
15403	cg17882147
15404	cg17882660
15405	cg17885226
15406	cg17886420
15407	cg17887007
15408	cg17887478
15409	cg17889586
15410	cg17890852
15411	cg17891977
15412	cg17892169
15413	cg17894318
15414	cg17896249
15415	cg17901584
15416	cg17903450
15417	cg17903544
15418	cg17905009
15419	cg17905888
15420	cg17910899
15421	cg17914408
15422	cg17915929
15423	cg17916960
15424	cg17917241
15425	cg17921026
15426	cg17923358
15427	cg17924795
15428	cg17924813
15429	cg17928231
15430	cg17928883
15431	cg17929687
15432	cg17929770
15433	cg17931227
15434	cg17932407
15435	cg17932974
15436	cg17935297
15437	cg17940013
15438	cg17940740
15439	cg17940821
15440	cg17942639
15441	cg17942851
15442	cg17944328
15443	cg17944412
15444	cg17948136
15445	cg17951878
15446	cg17952465
15447	cg17953385
15448	cg17956485
15449	cg17957186
15450	cg17959970
15451	cg17960516
15452	cg17964080
15453	cg17964955
15454	cg17965737
15455	cg17966192
15456	cg17966227
15457	cg17967059
15458	cg17968037
15459	cg17968511
15460	cg17968880
15461	cg17970933
15462	cg17971015
15463	cg17972100
15464	cg17974166
15465	cg17974424
15466	cg17975299
15467	cg17977780
15468	cg17978425
15469	cg17979719
15470	cg17981101
15471	cg17982031
15472	cg17982058
15473	cg17982703
15474	cg17983064
15475	cg17986793
15476	cg17989428
15477	cg17989871
15478	cg17990711
15479	cg17991436
15480	cg17994214
15481	cg17996830
15482	cg18001427
15483	cg18001737
15484	cg18002947
15485	cg18003791
15486	cg18003795
15487	cg18004262
15488	cg18004701
15489	cg18005180
15490	cg18005337
15491	cg18005896
15492	cg18006637
15493	cg18007737
15494	cg18007837
15495	cg18008766
15496	cg18010718
15497	cg18011760
15498	cg18012213
15499	cg18016138
15500	cg18016826
15501	cg18017575
15502	cg18018605
15503	cg18019618
15504	cg18022662
15505	cg18023065
15506	cg18023724
15507	cg18025275
15508	cg18025409
15509	cg18026225
15510	cg18026631
15511	cg18030084
15512	cg18030770
15513	cg18030949
15514	cg18031008
15515	cg18031270
15516	cg18032812
15517	cg18034295
15518	cg18034299
15519	cg18037834
15520	cg18043426
15521	cg18043514
15522	cg18044113
15523	cg18045515
15524	cg18045556
15525	cg18045859
15526	cg18046394
15527	cg18048071
15528	cg18050291
15529	cg18050634
15530	cg18050997
15531	cg18051461
15532	cg18054674
15533	cg18055007
15534	cg18055585
15535	cg18059320
15536	cg18059933
15537	cg18060171
15538	cg18062916
15539	cg18064071
15540	cg18064468
15541	cg18064714
15542	cg18065160
15543	cg18066598
15544	cg18066690
15545	cg18068929
15546	cg18070470
15547	cg18071071
15548	cg18071806
15549	cg18073688
15550	cg18074165
15551	cg18075691
15552	cg18076732
15553	cg18077307
15554	cg18077971
15555	cg18078387
15556	cg18079534
15557	cg18080903
15558	cg18082362
15559	cg18082735
15560	cg18082788
15561	cg18086594
15562	cg18087256
15563	cg18087395
15564	cg18087520
15565	cg18087943
15566	cg18090064
15567	cg18090197
15568	cg18090331
15569	cg18091083
15570	cg18091165
15571	cg18091245
15572	cg18092028
15573	cg18094982
15574	cg18096902
15575	cg18097224
15576	cg18097532
15577	cg18098335
15578	cg18098498
15579	cg18098722
15580	cg18098823
15581	cg18098839
15582	cg18098851
15583	cg18101152
15584	cg18101296
15585	cg18102575
15586	cg18103548
15587	cg18104870
15588	cg18105725
15589	cg18106189
15590	cg18107827
15591	cg18109838
15592	cg18113084
15593	cg18116154
15594	cg18116267
15595	cg18116641
15596	cg18117393
15597	cg18123677
15598	cg18125510
15599	cg18125865
15600	cg18126613
15601	cg18128164
15602	cg18129748
15603	cg18129805
15604	cg18133309
15605	cg18133934
15606	cg18137414
15607	cg18138671
15608	cg18139769
15609	cg18145047
15610	cg18146737
15611	cg18147098
15612	cg18147606
15613	cg18147676
15614	cg18148156
15615	cg18149207
15616	cg18151803
15617	cg18153869
15618	cg18153977
15619	cg18154270
15620	cg18154457
15621	cg18155226
15622	cg18155633
15623	cg18156396
15624	cg18157642
15625	cg18158739
15626	cg18158970
15627	cg18159533
15628	cg18161890
15629	cg18161904
15630	cg18165649
15631	cg18167921
15632	cg18168101
15633	cg18169041
15634	cg18169540
15635	cg18172135
15636	cg18173014
15637	cg18174654
15638	cg18176199
15639	cg18178840
15640	cg18179663
15641	cg18180155
15642	cg18180783
15643	cg18181674
15644	cg18181703
15645	cg18182216
15646	cg18182399
15647	cg18182981
15648	cg18183624
15649	cg18183774
15650	cg18184053
15651	cg18187198
15652	cg18187680
15653	cg18187918
15654	cg18193482
15655	cg18194685
15656	cg18195328
15657	cg18196295
15658	cg18196829
15659	cg18199434
15660	cg18202349
15661	cg18202928
15662	cg18206764
15663	cg18207999
15664	cg18208558
15665	cg18209359
15666	cg18210656
15667	cg18212276
15668	cg18212305
15669	cg18213713
15670	cg18215449
15671	cg18217136
15672	cg18222590
15673	cg18223258
15674	cg18223453
15675	cg18224436
15676	cg18228076
15677	cg18228590
15678	cg18228683
15679	cg18229049
15680	cg18229196
15681	cg18230220
15682	cg18230857
15683	cg18231005
15684	cg18231614
15685	cg18232235
15686	cg18232282
15687	cg18234973
15688	cg18235026
15689	cg18236477
15690	cg18236739
15691	cg18236863
15692	cg18240400
15693	cg18240463
15694	cg18241647
15695	cg18244483
15696	cg18245160
15697	cg18245230
15698	cg18247055
15699	cg18247172
15700	cg18248145
15701	cg18251656
15702	cg18252648
15703	cg18255101
15704	cg18255166
15705	cg18257485
15706	cg18259003
15707	cg18261667
15708	cg18267374
15709	cg18267943
15710	cg18268085
15711	cg18272518
15712	cg18278247
15713	cg18279094
15714	cg18280758
15715	cg18281842
15716	cg18282264
15717	cg18282455
15718	cg18282545
15719	cg18282791
15720	cg18285377
15721	cg18290190
15722	cg18292383
15723	cg18293541
15724	cg18297349
15725	cg18297745
15726	cg18298247
15727	cg18299578
15728	cg18300555
15729	cg18303360
15730	cg18303397
15731	cg18303589
15732	cg18304448
15733	cg18304538
15734	cg18304704
15735	cg18306747
15736	cg18308359
15737	cg18310639
15738	cg18311678
15739	cg18314017
15740	cg18314424
15741	cg18315834
15742	cg18317494
15743	cg18318704
15744	cg18320111
15745	cg18320379
15746	cg18321051
15747	cg18322569
15748	cg18327056
15749	cg18327128
15750	cg18327204
15751	cg18328334
15752	cg18328933
15753	cg18329839
15754	cg18329931
15755	cg18331061
15756	cg18332814
15757	cg18335326
15758	cg18335796
15759	cg18335931
15760	cg18336453
15761	cg18336825
15762	cg18337643
15763	cg18340445
15764	cg18343474
15765	cg18344063
15766	cg18344745
15767	cg18345924
15768	cg18346398
15769	cg18346412
15770	cg18346531
15771	cg18346576
15772	cg18346693
15773	cg18349022
15774	cg18349138
15775	cg18349281
15776	cg18350458
15777	cg18350792
15778	cg18351406
15779	cg18356337
15780	cg18360809
15781	cg18365211
15782	cg18366209
15783	cg18368431
15784	cg18369325
15785	cg18369748
15786	cg18369866
15787	cg18371479
15788	cg18372930
15789	cg18373855
15790	cg18374181
15791	cg18375707
15792	cg18375860
15793	cg18376497
15794	cg18376817
15795	cg18376999
15796	cg18377512
15797	cg18380312
15798	cg18382305
15799	cg18382744
15800	cg18383660
15801	cg18384097
15802	cg18385671
15803	cg18386168
15804	cg18388639
15805	cg18389987
15806	cg18390495
15807	cg18391753
15808	cg18392085
15809	cg18392201
15810	cg18392482
15811	cg18393699
15812	cg18394552
15813	cg18396987
15814	cg18397885
15815	cg18398175
15816	cg18399472
15817	cg18400181
15818	cg18401778
15819	cg18402516
15820	cg18403569
15821	cg18404041
15822	cg18405260
15823	cg18405719
15824	cg18407136
15825	cg18408783
15826	cg18411015
15827	cg18411550
15828	cg18412780
15829	cg18414021
15830	cg18415686
15831	cg18417423
15832	cg18419358
15833	cg18421366
15834	cg18421540
15835	cg18424208
15836	cg18424634
15837	cg18425651
15838	cg18427787
15839	cg18427905
15840	cg18429777
15841	cg18430128
15842	cg18431640
15843	cg18431655
15844	cg18433473
15845	cg18433728
15846	cg18436214
15847	cg18437209
15848	cg18437685
15849	cg18438462
15850	cg18438944
15851	cg18440048
15852	cg18440902
15853	cg18441959
15854	cg18442362
15855	cg18443430
15856	cg18445088
15857	cg18445760
15858	cg18447785
15859	cg18448426
15860	cg18449021
15861	cg18449120
15862	cg18450254
15863	cg18454482
15864	cg18455390
15865	cg18455616
15866	cg18456755
15867	cg18457597
15868	cg18459489
15869	cg18460175
15870	cg18461362
15871	cg18464274
15872	cg18465747
15873	cg18466674
15874	cg18468041
15875	cg18468088
15876	cg18468844
15877	cg18473521
15878	cg18473521.2
15879	cg18474081
15880	cg18476633
15881	cg18476766
15882	cg18477009
15883	cg18477429
15884	cg18478353
15885	cg18479961
15886	cg18480946
15887	cg18486590
15888	cg18487515
15889	cg18487916
15890	cg18488157
15891	cg18489244
15892	cg18493677
15893	cg18494563
15894	cg18495484
15895	cg18497052
15896	cg18498593
15897	cg18500368
15898	cg18501647
15899	cg18502317
15900	cg18502834
15901	cg18502918
15902	cg18504218
15903	cg18505401
15904	cg18512092
15905	cg18512313
15906	cg18513344
15907	cg18513737
15908	cg18514820
15909	cg18515886
15910	cg18515940
15911	cg18519757
15912	cg18521914
15913	cg18522909
15914	cg18523172
15915	cg18524177
15916	cg18526870
15917	cg18526971
15918	cg18529845
15919	cg18530645
15920	cg18532070
15921	cg18535611
15922	cg18536118
15923	cg18537063
15924	cg18537071
15925	cg18537182
15926	cg18537183
15927	cg18537454
15928	cg18538662
15929	cg18538958
15930	cg18539122
15931	cg18539461
15932	cg18540328
15933	cg18544564
15934	cg18544974
15935	cg18546236
15936	cg18546384
15937	cg18547942
15938	cg18549036
15939	cg18550847
15940	cg18552861
15941	cg18552983
15942	cg18554736
15943	cg18554789
15944	cg18555368
15945	cg18557185
15946	cg18557837
15947	cg18558073
15948	cg18559249
15949	cg18559348
15950	cg18560328
15951	cg18563886
15952	cg18565200
15953	cg18565717
15954	cg18568843
15955	cg18568930
15956	cg18569704
15957	cg18569825
15958	cg18570126
15959	cg18571874
15960	cg18573383
15961	cg18575740
15962	cg18576301
15963	cg18576374
15964	cg18577326
15965	cg18577444
15966	cg18577953
15967	cg18579626
15968	cg18581929
15969	cg18582010
15970	cg18582260
15971	cg18584272
15972	cg18584747
15973	cg18584803
15974	cg18585107
15975	cg18586983
15976	cg18587364
15977	cg18589016
15978	cg18592307
15979	cg18593194
15980	cg18593317
15981	cg18594464
15982	cg18595258
15983	cg18596636
15984	cg18596794
15985	cg18598329
15986	cg18601714
15987	cg18604199
15988	cg18604215
15989	cg18604568
15990	cg18604678
15991	cg18607010
15992	cg18607491
15993	cg18610079
15994	cg18611122
15995	cg18612612
15996	cg18612647
15997	cg18614443
15998	cg18615457
15999	cg18617005
16000	cg18618230
16001	cg18618815
16002	cg18622950
16003	cg18625610
16004	cg18625627
16005	cg18626035
16006	cg18626323
16007	cg18627729
16008	cg18628732
16009	cg18629096
16010	cg18630580
16011	cg18633600
16012	cg18633684
16013	cg18634665
16014	cg18635432
16015	cg18635723
16016	cg18635896
16017	cg18638383
16018	cg18638931
16019	cg18639190
16020	cg18639233
16021	cg18642179
16022	cg18644286
16023	cg18644787
16024	cg18647449
16025	cg18650367
16026	cg18651900
16027	cg18652327
16028	cg18652346
16029	cg18653195
16030	cg18653282
16031	cg18660898
16032	cg18662507
16033	cg18664915
16034	cg18664965
16035	cg18665594
16036	cg18667659
16037	cg18668382
16038	cg18669381
16039	cg18672716
16040	cg18674980
16041	cg18675610
16042	cg18676053
16043	cg18678353
16044	cg18679324
16045	cg18680181
16046	cg18680834
16047	cg18682103
16048	cg18682615
16049	cg18683586
16050	cg18683711
16051	cg18685034
16052	cg18687675
16053	cg18688299
16054	cg18691434
16055	cg18692955
16056	cg18693704
16057	cg18694540
16058	cg18696321
16059	cg18696495
16060	cg18697348
16061	cg18701093
16062	cg18701685
16063	cg18705067
16064	cg18708252
16065	cg18708960
16066	cg18708986
16067	cg18709110
16068	cg18712599
16069	cg18712968
16070	cg18713028
16071	cg18714225
16072	cg18715236
16073	cg18717447
16074	cg18718469
16075	cg18718634
16076	cg18718984
16077	cg18719170
16078	cg18719327
16079	cg18720013
16080	cg18721026
16081	cg18721155
16082	cg18721249
16083	cg18722615
16084	cg18727618
16085	cg18728264
16086	cg18728528
16087	cg18732541
16088	cg18735810
16089	cg18736431
16090	cg18737081
16091	cg18737789
16092	cg18738190
16093	cg18739089
16094	cg18740289
16095	cg18740839
16096	cg18741962
16097	cg18742814
16098	cg18743464
16099	cg18744482
16100	cg18750833
16101	cg18752527
16102	cg18752880
16103	cg18752987
16104	cg18754985
16105	cg18755942
16106	cg18756545
16107	cg18758559
16108	cg18758585
16109	cg18758796
16110	cg18759743
16111	cg18761446
16112	cg18766286
16113	cg18766900
16114	cg18767003
16115	cg18768414
16116	cg18768612
16117	cg18769120
16118	cg18770216
16119	cg18770231
16120	cg18771214
16121	cg18771300
16122	cg18772573
16123	cg18772677
16124	cg18775149
16125	cg18776840
16126	cg18779601
16127	cg18781032
16128	cg18781966
16129	cg18781988
16130	cg18783781
16131	cg18785679
16132	cg18786123
16133	cg18786224
16134	cg18788642
16135	cg18788741
16136	cg18789547
16137	cg18790774
16138	cg18793806
16139	cg18794577
16140	cg18797104
16141	cg18797590
16142	cg18798445
16143	cg18798446
16144	cg18798512
16145	cg18798702
16146	cg18805182
16147	cg18808702
16148	cg18808777
16149	cg18809151
16150	cg18809289
16151	cg18810022
16152	cg18810681
16153	cg18811731
16154	cg18813234
16155	cg18814083
16156	cg18814344
16157	cg18815065
16158	cg18815120
16159	cg18815343
16160	cg18815398
16161	cg18815943
16162	cg18821395
16163	cg18821963
16164	cg18824446
16165	cg18825119
16166	cg18825458
16167	cg18826274
16168	cg18826352
16169	cg18826637
16170	cg18829665
16171	cg18830282
16172	cg18831304
16173	cg18832152
16174	cg18832247
16175	cg18833140
16176	cg18833619
16177	cg18833928
16178	cg18834058
16179	cg18835549
16180	cg18835656
16181	cg18836146
16182	cg18836174
16183	cg18836661
16184	cg18837064
16185	cg18838941
16186	cg18840956
16187	cg18844029
16188	cg18844901
16189	cg18845973
16190	cg18847227
16191	cg18848394
16192	cg18849417
16193	cg18850343
16194	cg18850427
16195	cg18852137
16196	cg18853287
16197	cg18853935
16198	cg18854004
16199	cg18854413
16200	cg18856296
16201	cg18857340
16202	cg18857618
16203	cg18859248
16204	cg18860329
16205	cg18861572
16206	cg18863203
16207	cg18864124
16208	cg18867200
16209	cg18869127
16210	cg18872215
16211	cg18872420
16212	cg18875012
16213	cg18875839
16214	cg18876270
16215	cg18877252
16216	cg18877361
16217	cg18878128
16218	cg18878242
16219	cg18879389
16220	cg18881501
16221	cg18881723
16222	cg18882907
16223	cg18884413
16224	cg18886245
16225	cg18886347
16226	cg18890544
16227	cg18891081
16228	cg18892128
16229	cg18893138
16230	cg18894440
16231	cg18894648
16232	cg18896032
16233	cg18898125
16234	cg18900914
16235	cg18901895
16236	cg18902238
16237	cg18904170
16238	cg18904346
16239	cg18909235
16240	cg18909295
16241	cg18912107
16242	cg18913843
16243	cg18917643
16244	cg18917736
16245	cg18918349
16246	cg18919097
16247	cg18920423
16248	cg18923472
16249	cg18924738
16250	cg18926409
16251	cg18928687
16252	cg18931750
16253	cg18931760
16254	cg18933331
16255	cg18933685
16256	cg18934074
16257	cg18935506
16258	cg18937354
16259	cg18939097
16260	cg18939666
16261	cg18940274
16262	cg18941322
16263	cg18941346
16264	cg18945794
16265	cg18946117
16266	cg18950102
16267	cg18950539
16268	cg18951537
16269	cg18953784
16270	cg18954401
16271	cg18954925
16272	cg18955367
16273	cg18956095
16274	cg18957138
16275	cg18958126
16276	cg18959621
16277	cg18962105
16278	cg18963953
16279	cg18964082
16280	cg18964582
16281	cg18973847
16282	cg18977727
16283	cg18978606
16284	cg18980063
16285	cg18980263
16286	cg18981758
16287	cg18982625
16288	cg18983126
16289	cg18983672
16290	cg18984151
16291	cg18986110
16292	cg18989085
16293	cg18991165
16294	cg18993113
16295	cg18993949
16296	cg18995788
16297	cg18996776
16298	cg18996808
16299	cg18996916
16300	cg18997137
16301	cg18997433
16302	cg18997875
16303	cg18998321
16304	cg19002100
16305	cg19002763
16306	cg19003183
16307	cg19008597
16308	cg19008809
16309	cg19009417
16310	cg19012696
16311	cg19012961
16312	cg19013753
16313	cg19014858
16314	cg19015086
16315	cg19017142
16316	cg19017177
16317	cg19020694
16318	cg19021188
16319	cg19021197
16320	cg19021328
16321	cg19025685
16322	cg19028160
16323	cg19028706
16324	cg19030331
16325	cg19031085
16326	cg19031565
16327	cg19033444
16328	cg19033875
16329	cg19034084
16330	cg19036773
16331	cg19037007
16332	cg19037107
16333	cg19039841
16334	cg19040266
16335	cg19042340
16336	cg19042459
16337	cg19043574
16338	cg19044630
16339	cg19044674
16340	cg19045531
16341	cg19046826
16342	cg19046959
16343	cg19047660
16344	cg19054524
16345	cg19056004
16346	cg19057830
16347	cg19061675
16348	cg19061798
16349	cg19063680
16350	cg19065106
16351	cg19065177
16352	cg19065831
16353	cg19066391
16354	cg19070798
16355	cg19074170
16356	cg19076536
16357	cg19076659
16358	cg19077806
16359	cg19080320
16360	cg19081636
16361	cg19083497
16362	cg19083871
16363	cg19085407
16364	cg19086309
16365	cg19090097
16366	cg19090533
16367	cg19090691
16368	cg19091930
16369	cg19092396
16370	cg19094438
16371	cg19094555
16372	cg19096327
16373	cg19096460
16374	cg19098606
16375	cg19098934
16376	cg19102621
16377	cg19102771
16378	cg19104072
16379	cg19104850
16380	cg19107655
16381	cg19110434
16382	cg19112186
16383	cg19115882
16384	cg19116006
16385	cg19117097
16386	cg19117365
16387	cg19119072
16388	cg19120897
16389	cg19122206
16390	cg19124521
16391	cg19124816
16392	cg19125089
16393	cg19127283
16394	cg19130511
16395	cg19132501
16396	cg19140375
16397	cg19142026
16398	cg19142089
16399	cg19142181
16400	cg19143671
16401	cg19143959
16402	cg19147129
16403	cg19148051
16404	cg19148440
16405	cg19149463
16406	cg19149785
16407	cg19151852
16408	cg19153828
16409	cg19155391
16410	cg19156335
16411	cg19158754
16412	cg19161022
16413	cg19162496
16414	cg19166302
16415	cg19167673
16416	cg19171923
16417	cg19172052
16418	cg19172427
16419	cg19174059
16420	cg19175123
16421	cg19180624
16422	cg19182046
16423	cg19183395
16424	cg19184818
16425	cg19184878
16426	cg19186428
16427	cg19190217
16428	cg19190487
16429	cg19190699
16430	cg19193136
16431	cg19194986
16432	cg19195912
16433	cg19196221
16434	cg19196326
16435	cg19196784
16436	cg19196826
16437	cg19197212
16438	cg19197744
16439	cg19199752
16440	cg19201009
16441	cg19203457
16442	cg19204328
16443	cg19205909
16444	cg19206146
16445	cg19209799
16446	cg19211382
16447	cg19211853
16448	cg19211880
16449	cg19211931
16450	cg19213045
16451	cg19214300
16452	cg19214707
16453	cg19216851
16454	cg19217735
16455	cg19218509
16456	cg19220282
16457	cg19220507
16458	cg19221545
16459	cg19222480
16460	cg19222784
16461	cg19226087
16462	cg19226100
16463	cg19230532
16464	cg19230680
16465	cg19230755
16466	cg19232395
16467	cg19233088
16468	cg19233240
16469	cg19233405
16470	cg19235198
16471	cg19235307
16472	cg19235339
16473	cg19235974
16474	cg19240396
16475	cg19242851
16476	cg19243860
16477	cg19244091
16478	cg19246944
16479	cg19247310
16480	cg19247475
16481	cg19247841
16482	cg19248367
16483	cg19248564
16484	cg19250907
16485	cg19253577
16486	cg19254282
16487	cg19254328
16488	cg19254948
16489	cg19256474
16490	cg19257200
16491	cg19260430
16492	cg19260752
16493	cg19261426
16494	cg19265998
16495	cg19266156
16496	cg19266329
16497	cg19269039
16498	cg19269520
16499	cg19272986
16500	cg19273182
16501	cg19279342
16502	cg19283196
16503	cg19283806
16504	cg19284039
16505	cg19285688
16506	cg19286604
16507	cg19287114
16508	cg19288676
16509	cg19289461
16510	cg19291926
16511	cg19292062
16512	cg19292712
16513	cg19297232
16514	cg19301114
16515	cg19302617
16516	cg19303255
16517	cg19305227
16518	cg19306368
16519	cg19306958
16520	cg19308132
16521	cg19308769
16522	cg19309463
16523	cg19309562
16524	cg19311244
16525	cg19313959
16526	cg19315202
16527	cg19315653
16528	cg19317226
16529	cg19317715
16530	cg19322602
16531	cg19323862
16532	cg19323951
16533	cg19324714
16534	cg19327213
16535	cg19328485
16536	cg19328649
16537	cg19328697
16538	cg19328828
16539	cg19334452
16540	cg19335436
16541	cg19336198
16542	cg19336573
16543	cg19338222
16544	cg19341977
16545	cg19343530
16546	cg19344626
16547	cg19345165
16548	cg19346193
16549	cg19346645
16550	cg19349369
16551	cg19349476
16552	cg19354523
16553	cg19356189
16554	cg19356905
16555	cg19358608
16556	cg19359333
16557	cg19359656
16558	cg19363889
16559	cg19366147
16560	cg19367540
16561	cg19368031
16562	cg19371795
16563	cg19378036
16564	cg19378060
16565	cg19378133
16566	cg19378416
16567	cg19379721
16568	cg19380581
16569	cg19381766
16570	cg19381797
16571	cg19381811
16572	cg19384241
16573	cg19384289
16574	cg19384697
16575	cg19387616
16576	cg19389001
16577	cg19391006
16578	cg19393314
16579	cg19394080
16580	cg19394169
16581	cg19395400
16582	cg19395684
16583	cg19398269
16584	cg19398783
16585	cg19399220
16586	cg19400821
16587	cg19401340
16588	cg19402756
16589	cg19403023
16590	cg19403377
16591	cg19405113
16592	cg19407385
16593	cg19408207
16594	cg19412900
16595	cg19413366
16596	cg19414383
16597	cg19414630
16598	cg19414967
16599	cg19415743
16600	cg19416570
16601	cg19418809
16602	cg19419291
16603	cg19420968
16604	cg19422140
16605	cg19422687
16606	cg19426609
16607	cg19428027
16608	cg19430430
16609	cg19430473
16610	cg19432276
16611	cg19432362
16612	cg19432688
16613	cg19437258
16614	cg19437757
16615	cg19439123
16616	cg19439331
16617	cg19442201
16618	cg19443833
16619	cg19445191
16620	cg19445684
16621	cg19446790
16622	cg19448837
16623	cg19450032
16624	cg19450714
16625	cg19451698
16626	cg19452535
16627	cg19452873
16628	cg19453488
16629	cg19455189
16630	cg19456540
16631	cg19459791
16632	cg19462210
16633	cg19466967
16634	cg19470159
16635	cg19470841
16636	cg19471466
16637	cg19474047
16638	cg19475108
16639	cg19476053
16640	cg19478079
16641	cg19478743
16642	cg19479609
16643	cg19484319
16644	cg19486038
16645	cg19486271
16646	cg19486756
16647	cg19488488
16648	cg19488874
16649	cg19490001
16650	cg19490266
16651	cg19490598
16652	cg19491388
16653	cg19491653
16654	cg19494252
16655	cg19494960
16656	cg19495714
16657	cg19495969
16658	cg19497517
16659	cg19497523
16660	cg19497702
16661	cg19500334
16662	cg19500607
16663	cg19500766
16664	cg19501755
16665	cg19501902
16666	cg19503249
16667	cg19505546
16668	cg19506311
16669	cg19507267
16670	cg19508967
16671	cg19509311
16672	cg19509830
16673	cg19510038
16674	cg19510604
16675	cg19510698
16676	cg19511338
16677	cg19513247
16678	cg19513335
16679	cg19513940
16680	cg19514469
16681	cg19514613
16682	cg19514928
16683	cg19515398
16684	cg19516340
16685	cg19517653
16686	cg19518539
16687	cg19518666
16688	cg19519737
16689	cg19520046
16690	cg19521384
16691	cg19523082
16692	cg19523937
16693	cg19528419
16694	cg19529621
16695	cg19532953
16696	cg19532954
16697	cg19534769
16698	cg19534837
16699	cg19537511
16700	cg19538873
16701	cg19539664
16702	cg19541622
16703	cg19542816
16704	cg19544919
16705	cg19546057
16706	cg19546781
16707	cg19547293
16708	cg19550388
16709	cg19550755
16710	cg19550890
16711	cg19551037
16712	cg19551813
16713	cg19552640
16714	cg19555075
16715	cg19556123
16716	cg19556341
16717	cg19556343
16718	cg19556572
16719	cg19560210
16720	cg19560579
16721	cg19560710
16722	cg19561076
16723	cg19561908
16724	cg19564367
16725	cg19564877
16726	cg19566405
16727	cg19566482
16728	cg19569053
16729	cg19569093
16730	cg19569684
16731	cg19570154
16732	cg19570545
16733	cg19572055
16734	cg19572487
16735	cg19573166
16736	cg19574514
16737	cg19574915
16738	cg19575580
16739	cg19575753
16740	cg19575837
16741	cg19576843
16742	cg19579216
16743	cg19582686
16744	cg19583819
16745	cg19584875
16746	cg19586576
16747	cg19590421
16748	cg19591402
16749	cg19591642
16750	cg19596273
16751	cg19597478
16752	cg19597498
16753	cg19601991
16754	cg19603885
16755	cg19611300
16756	cg19611392
16757	cg19613400
16758	cg19613722
16759	cg19615059
16760	cg19617213
16761	cg19617377
16762	cg19618374
16763	cg19619956
16764	cg19620982
16765	cg19622303
16766	cg19623054
16767	cg19630374
16768	cg19630681
16769	cg19631443
16770	cg19632206
16771	cg19633305
16772	cg19634693
16773	cg19634849
16774	cg19635154
16775	cg19635507
16776	cg19635712
16777	cg19636519
16778	cg19638381
16779	cg19640779
16780	cg19641327
16781	cg19641802
16782	cg19643847
16783	cg19644580
16784	cg19646028
16785	cg19647685
16786	cg19651128
16787	cg19652019
16788	cg19653417
16789	cg19654323
16790	cg19662687
16791	cg19662922
16792	cg19663246
16793	cg19663795
16794	cg19664945
16795	cg19668234
16796	cg19670923
16797	cg19671395
16798	cg19672982
16799	cg19674688
16800	cg19674797
16801	cg19675778
16802	cg19679501
16803	cg19680696
16804	cg19681251
16805	cg19681266
16806	cg19683551
16807	cg19684059
16808	cg19684887
16809	cg19685066
16810	cg19685479
16811	cg19685916
16812	cg19686152
16813	cg19690404
16814	cg19690792
16815	cg19691410
16816	cg19692002
16817	cg19692192
16818	cg19692318
16819	cg19692710
16820	cg19693031
16821	cg19694282
16822	cg19694465
16823	cg19694703
16824	cg19696491
16825	cg19697725
16826	cg19699056
16827	cg19699893
16828	cg19700746
16829	cg19702762
16830	cg19702785
16831	cg19704902
16832	cg19706682
16833	cg19706803
16834	cg19707653
16835	cg19708065
16836	cg19710916
16837	cg19711530
16838	cg19711579
16839	cg19711783
16840	cg19712291
16841	cg19712324
16842	cg19712603
16843	cg19713429
16844	cg19716643
16845	cg19716713
16846	cg19717326
16847	cg19717586
16848	cg19719042
16849	cg19719150
16850	cg19719391
16851	cg19721055
16852	cg19722847
16853	cg19724470
16854	cg19726840
16855	cg19729237
16856	cg19729930
16857	cg19730268
16858	cg19731055
16859	cg19731122
16860	cg19733534
16861	cg19733847
16862	cg19735514
16863	cg19736503
16864	cg19738121
16865	cg19742623
16866	cg19742789
16867	cg19743103
16868	cg19743820
16869	cg19746502
16870	cg19750606
16871	cg19750657
16872	cg19753476
16873	cg19753867
16874	cg19757552
16875	cg19758448
16876	cg19759064
16877	cg19760410
16878	cg19761014
16879	cg19761273
16880	cg19761480
16881	cg19761640
16882	cg19761677
16883	cg19761848
16884	cg19763210
16885	cg19764066
16886	cg19764489
16887	cg19765472
16888	cg19765834
16889	cg19766460
16890	cg19766591
16891	cg19766763
16892	cg19766988
16893	cg19767020
16894	cg19767205
16895	cg19770748
16896	cg19774425
16897	cg19774627
16898	cg19775582
16899	cg19776272
16900	cg19777853
16901	cg19778765
16902	cg19778944
16903	cg19782411
16904	cg19783150
16905	cg19784428
16906	cg19786602
16907	cg19789753
16908	cg19790509
16909	cg19791271
16910	cg19795338
16911	cg19795482
16912	cg19796584
16913	cg19797031
16914	cg19801062
16915	cg19801705
16916	cg19802138
16917	cg19802390
16918	cg19804605
16919	cg19805228
16920	cg19805775
16921	cg19806221
16922	cg19807317
16923	cg19807446
16924	cg19807521
16925	cg19807904
16926	cg19811231
16927	cg19812283
16928	cg19814518
16929	cg19815139
16930	cg19815596
16931	cg19815989
16932	cg19816642
16933	cg19821183
16934	cg19821361
16935	cg19821846
16936	cg19821872
16937	cg19822981
16938	cg19824710
16939	cg19825410
16940	cg19825639
16941	cg19828169
16942	cg19830657
16943	cg19831077
16944	cg19831186
16945	cg19831962
16946	cg19832529
16947	cg19832721
16948	cg19834377
16949	cg19839218
16950	cg19839698
16951	cg19839798
16952	cg19840088
16953	cg19841369
16954	cg19841821
16955	cg19843891
16956	cg19845843
16957	cg19846707
16958	cg19847191
16959	cg19848629
16960	cg19850024
16961	cg19850406
16962	cg19850463
16963	cg19852518
16964	cg19853760
16965	cg19854213
16966	cg19855470
16967	cg19856897
16968	cg19857407
16969	cg19858576
16970	cg19858882
16971	cg19858931
16972	cg19859270
16973	cg19859445
16974	cg19859698
16975	cg19862899
16976	cg19863411
16977	cg19863595
16978	cg19864002
16979	cg19865525
16980	cg19865564
16981	cg19866195
16982	cg19866622
16983	cg19867107
16984	cg19867445
16985	cg19867914
16986	cg19868593
16987	cg19870401
16988	cg19871235
16989	cg19872010
16990	cg19872222
16991	cg19875532
16992	cg19877430
16993	cg19878627
16994	cg19880462
16995	cg19881433
16996	cg19881557
16997	cg19883905
16998	cg19887178
16999	cg19887404
17000	cg19889856
17001	cg19892381
17002	cg19892578
17003	cg19893132
17004	cg19893664
17005	cg19893929
17006	cg19895882
17007	cg19896824
17008	cg19897676
17009	cg19900821
17010	cg19901523
17011	cg19903229
17012	cg19903619
17013	cg19903738
17014	cg19904031
17015	cg19904058
17016	cg19904322
17017	cg19904425
17018	cg19906877
17019	cg19909787
17020	cg19910382
17021	cg19910679
17022	cg19911058
17023	cg19912427
17024	cg19912436
17025	cg19914607
17026	cg19915620
17027	cg19916129
17028	cg19916364
17029	cg19918549
17030	cg19919989
17031	cg19920029
17032	cg19920183
17033	cg19921642
17034	cg19922871
17035	cg19923810
17036	cg19924196
17037	cg19924948
17038	cg19925653
17039	cg19928597
17040	cg19929166
17041	cg19931106
17042	cg19932177
17043	cg19935065
17044	cg19935326
17045	cg19935718
17046	cg19935756
17047	cg19939077
17048	cg19939773
17049	cg19941446
17050	cg19941852
17051	cg19942083
17052	cg19945840
17053	cg19946085
17054	cg19947104
17055	cg19947501
17056	cg19948037
17057	cg19953038
17058	cg19953799
17059	cg19954205
17060	cg19955173
17061	cg19955500
17062	cg19956540
17063	cg19956868
17064	cg19959041
17065	cg19959917
17066	cg19961545
17067	cg19962424
17068	cg19963608
17069	cg19965810
17070	cg19966745
17071	cg19968790
17072	cg19971388
17073	cg19973659
17074	cg19974854
17075	cg19976628
17076	cg19979370
17077	cg19980958
17078	cg19981759
17079	cg19982570
17080	cg19985018
17081	cg19987111
17082	cg19987356
17083	cg19991418
17084	cg19993589
17085	cg19996355
17086	cg19997861
17087	cg19998151
17088	cg19999829
17089	cg20000602
17090	cg20001705
17091	cg20003176
17092	cg20003377
17093	cg20003893
17094	cg20004451
17095	cg20007130
17096	cg20008885
17097	cg20010135
17098	cg20010411
17099	cg20011402
17100	cg20011601
17101	cg20012366
17102	cg20012848
17103	cg20012915
17104	cg20013586
17105	cg20014049
17106	cg20014988
17107	cg20017761
17108	cg20018396
17109	cg20022036
17110	cg20022122
17111	cg20022139
17112	cg20024110
17113	cg20024393
17114	cg20025658
17115	cg20025970
17116	cg20029311
17117	cg20029347
17118	cg20030158
17119	cg20030310
17120	cg20031656
17121	cg20037507
17122	cg20038225
17123	cg20039814
17124	cg20043244
17125	cg20045320
17126	cg20050761
17127	cg20051117
17128	cg20051118
17129	cg20051292
17130	cg20052079
17131	cg20052431
17132	cg20052760
17133	cg20053381
17134	cg20054852
17135	cg20054939
17136	cg20059012
17137	cg20060185
17138	cg20061931
17139	cg20062413
17140	cg20063906
17141	cg20066677
17142	cg20067719
17143	cg20068058
17144	cg20071413
17145	cg20072528
17146	cg20074021
17147	cg20074031
17148	cg20077155
17149	cg20077343
17150	cg20077668
17151	cg20077718
17152	cg20079298
17153	cg20082357
17154	cg20083297
17155	cg20083730
17156	cg20088835
17157	cg20090108
17158	cg20090283
17159	cg20090497
17160	cg20092588
17161	cg20095628
17162	cg20096463
17163	cg20097440
17164	cg20098951
17165	cg20100381
17166	cg20101352
17167	cg20102034
17168	cg20102280
17169	cg20102742
17170	cg20102877
17171	cg20103150
17172	cg20104055
17173	cg20107262
17174	cg20110284
17175	cg20110742
17176	cg20113482
17177	cg20113693
17178	cg20115802
17179	cg20116199
17180	cg20118301
17181	cg20119370
17182	cg20119532
17183	cg20120351
17184	cg20124188
17185	cg20126098
17186	cg20128365
17187	cg20132698
17188	cg20133313
17189	cg20136571
17190	cg20139706
17191	cg20140333
17192	cg20141652
17193	cg20142018
17194	cg20143092
17195	cg20145598
17196	cg20147046
17197	cg20148850
17198	cg20149168
17199	cg20149741
17200	cg20150163
17201	cg20154457
17202	cg20155447
17203	cg20156080
17204	cg20156164
17205	cg20157873
17206	cg20158040
17207	cg20161774
17208	cg20162159
17209	cg20168823
17210	cg20169823
17211	cg20170271
17212	cg20170989
17213	cg20171297
17214	cg20171559
17215	cg20171807
17216	cg20172563
17217	cg20172593
17218	cg20173011
17219	cg20173259
17220	cg20176532
17221	cg20181887
17222	cg20182977
17223	cg20184247
17224	cg20185454
17225	cg20185523
17226	cg20185609
17227	cg20185615
17228	cg20188282
17229	cg20190746
17230	cg20192814
17231	cg20196134
17232	cg20198242
17233	cg20202132
17234	cg20203346
17235	cg20203395
17236	cg20204415
17237	cg20205474
17238	cg20205799
17239	cg20207443
17240	cg20208538
17241	cg20211713
17242	cg20217978
17243	cg20218073
17244	cg20218280
17245	cg20219381
17246	cg20222376
17247	cg20224218
17248	cg20226073
17249	cg20226460
17250	cg20233898
17251	cg20234170
17252	cg20234855
17253	cg20234976
17254	cg20235075
17255	cg20235117
17256	cg20235857
17257	cg20240347
17258	cg20240860
17259	cg20242066
17260	cg20242280
17261	cg20244327
17262	cg20245361
17263	cg20245568
17264	cg20246707
17265	cg20248421
17266	cg20248654
17267	cg20248822
17268	cg20248954
17269	cg20249566
17270	cg20249919
17271	cg20250651
17272	cg20250935
17273	cg20252099
17274	cg20253855
17275	cg20256494
17276	cg20256961
17277	cg20257821
17278	cg20258698
17279	cg20259534
17280	cg20260127
17281	cg20260140
17282	cg20262330
17283	cg20262683
17284	cg20264732
17285	cg20270172
17286	cg20271057
17287	cg20273485
17288	cg20276402
17289	cg20277670
17290	cg20278498
17291	cg20282764
17292	cg20283107
17293	cg20283670
17294	cg20283716
17295	cg20285514
17296	cg20285723
17297	cg20286203
17298	cg20288588
17299	cg20289609
17300	cg20290017
17301	cg20290360
17302	cg20290983
17303	cg20291222
17304	cg20294304
17305	cg20294744
17306	cg20295671
17307	cg20300246
17308	cg20300260
17309	cg20301308
17310	cg20302660
17311	cg20303331
17312	cg20303561
17313	cg20305142
17314	cg20305610
17315	cg20306694
17316	cg20307302
17317	cg20308511
17318	cg20311251
17319	cg20311846
17320	cg20315951
17321	cg20315954
17322	cg20317140
17323	cg20318217
17324	cg20320624
17325	cg20320656
17326	cg20321251
17327	cg20322193
17328	cg20322433
17329	cg20324262
17330	cg20326410
17331	cg20327105
17332	cg20327163
17333	cg20330224
17334	cg20330553
17335	cg20331456
17336	cg20332865
17337	cg20333288
17338	cg20336013
17339	cg20336809
17340	cg20337547
17341	cg20337996
17342	cg20341251
17343	cg20343114
17344	cg20343278
17345	cg20345626
17346	cg20346726
17347	cg20347986
17348	cg20351189
17349	cg20352798
17350	cg20353489
17351	cg20353653
17352	cg20354430
17353	cg20356878
17354	cg20359042
17355	cg20359134
17356	cg20359426
17357	cg20361421
17358	cg20361594
17359	cg20363891
17360	cg20364222
17361	cg20364660
17362	cg20366832
17363	cg20367218
17364	cg20367961
17365	cg20368283
17366	cg20371891
17367	cg20373081
17368	cg20374292
17369	cg20374441
17370	cg20375093
17371	cg20375320
17372	cg20375342
17373	cg20377114
17374	cg20377955
17375	cg20379007
17376	cg20382695
17377	cg20383347
17378	cg20385959
17379	cg20386580
17380	cg20386784
17381	cg20387706
17382	cg20388635
17383	cg20390245
17384	cg20392764
17385	cg20393324
17386	cg20394284
17387	cg20395773
17388	cg20396385
17389	cg20397034
17390	cg20397237
17391	cg20398005
17392	cg20398378
17393	cg20401567
17394	cg20402783
17395	cg20404336
17396	cg20405584
17397	cg20407119
17398	cg20409328
17399	cg20409352
17400	cg20410135
17401	cg20411127
17402	cg20411935
17403	cg20414098
17404	cg20418172
17405	cg20418529
17406	cg20418711
17407	cg20420249
17408	cg20421482
17409	cg20421508
17410	cg20422417
17411	cg20425731
17412	cg20426994
17413	cg20428033
17414	cg20429172
17415	cg20429250
17416	cg20432181
17417	cg20432824
17418	cg20433262
17419	cg20433455
17420	cg20433521
17421	cg20433952
17422	cg20434178
17423	cg20435464
17424	cg20435474
17425	cg20444098
17426	cg20445053
17427	cg20445932
17428	cg20448001
17429	cg20449685
17430	cg20451208
17431	cg20451986
17432	cg20452275
17433	cg20454518
17434	cg20456258
17435	cg20457732
17436	cg20459712
17437	cg20462449
17438	cg20462795
17439	cg20463312
17440	cg20468415
17441	cg20468787
17442	cg20469837
17443	cg20470223
17444	cg20471783
17445	cg20471798
17446	cg20475302
17447	cg20475550
17448	cg20477448
17449	cg20479774
17450	cg20481287
17451	cg20481941
17452	cg20482143
17453	cg20485144
17454	cg20488281
17455	cg20489026
17456	cg20490751
17457	cg20491963
17458	cg20492933
17459	cg20492951
17460	cg20493718
17461	cg20494635
17462	cg20495179
17463	cg20495962
17464	cg20495964
17465	cg20496314
17466	cg20496693
17467	cg20501527
17468	cg20502257
17469	cg20505565
17470	cg20505645
17471	cg20507228
17472	cg20509003
17473	cg20510474
17474	cg20511089
17475	cg20512303
17476	cg20513447
17477	cg20514290
17478	cg20515136
17479	cg20516262
17480	cg20516845
17481	cg20517123
17482	cg20519373
17483	cg20524216
17484	cg20524425
17485	cg20525917
17486	cg20528583
17487	cg20532370
17488	cg20532887
17489	cg20534585
17490	cg20534846
17491	cg20537629
17492	cg20538986
17493	cg20539752
17494	cg20540209
17495	cg20542800
17496	cg20543544
17497	cg20544552
17498	cg20544651
17499	cg20545694
17500	cg20545941
17501	cg20550050
17502	cg20550118
17503	cg20552487
17504	cg20557017
17505	cg20559217
17506	cg20559403
17507	cg20559594
17508	cg20560182
17509	cg20560376
17510	cg20561564
17511	cg20562220
17512	cg20564273
17513	cg20568285
17514	cg20569940
17515	cg20570279
17516	cg20572186
17517	cg20572838
17518	cg20573095
17519	cg20575288
17520	cg20576153
17521	cg20576510
17522	cg20577538
17523	cg20579054
17524	cg20583430
17525	cg20583945
17526	cg20585530
17527	cg20585830
17528	cg20586911
17529	cg20587464
17530	cg20588045
17531	cg20588519
17532	cg20589883
17533	cg20591136
17534	cg20591407
17535	cg20591472
17536	cg20592017
17537	cg20592391
17538	cg20594465
17539	cg20594982
17540	cg20595323
17541	cg20596629
17542	cg20597382
17543	cg20597403
17544	cg20597575
17545	cg20598560
17546	cg20601192
17547	cg20602300
17548	cg20603637
17549	cg20605061
17550	cg20606301
17551	cg20607287
17552	cg20608259
17553	cg20615601
17554	cg20618622
17555	cg20619669
17556	cg20623702
17557	cg20624830
17558	cg20625334
17559	cg20626645
17560	cg20627046
17561	cg20627572
17562	cg20627916
17563	cg20630344
17564	cg20630655
17565	cg20631120
17566	cg20631204
17567	cg20631820
17568	cg20636351
17569	cg20640432
17570	cg20641794
17571	cg20642413
17572	cg20648369
17573	cg20649298
17574	cg20650802
17575	cg20651988
17576	cg20651995
17577	cg20652640
17578	cg20654468
17579	cg20654619
17580	cg20656525
17581	cg20658797
17582	cg20660269
17583	cg20660989
17584	cg20665157
17585	cg20666917
17586	cg20666940
17587	cg20668177
17588	cg20668275
17589	cg20669012
17590	cg20671920
17591	cg20672524
17592	cg20673075
17593	cg20673472
17594	cg20674577
17595	cg20674635
17596	cg20677114
17597	cg20679271
17598	cg20680308
17599	cg20681948
17600	cg20686207
17601	cg20686554
17602	cg20687482
17603	cg20689647
17604	cg20689730
17605	cg20690001
17606	cg20690028
17607	cg20691608
17608	cg20692059
17609	cg20692414
17610	cg20692569
17611	cg20697066
17612	cg20697204
17613	cg20698421
17614	cg20698501
17615	cg20701183
17616	cg20704028
17617	cg20704560
17618	cg20705392
17619	cg20706716
17620	cg20707222
17621	cg20708173
17622	cg20709165
17623	cg20710266
17624	cg20710519
17625	cg20711218
17626	cg20711299
17627	cg20711828
17628	cg20712058
17629	cg20713092
17630	cg20713174
17631	cg20715589
17632	cg20716945
17633	cg20718214
17634	cg20718469
17635	cg20720059
17636	cg20720686
17637	cg20722088
17638	cg20722129
17639	cg20723436
17640	cg20724257
17641	cg20725021
17642	cg20728571
17643	cg20729813
17644	cg20731136
17645	cg20736045
17646	cg20736065
17647	cg20738648
17648	cg20740299
17649	cg20742182
17650	cg20742385
17651	cg20742784
17652	cg20744163
17653	cg20744229
17654	cg20744625
17655	cg20744727
17656	cg20745568
17657	cg20746830
17658	cg20747455
17659	cg20747577
17660	cg20747774
17661	cg20748132
17662	cg20749846
17663	cg20750326
17664	cg20755989
17665	cg20756600
17666	cg20758219
17667	cg20761322
17668	cg20762805
17669	cg20764780
17670	cg20767370
17671	cg20767912
17672	cg20768326
17673	cg20771240
17674	cg20773033
17675	cg20774846
17676	cg20775810
17677	cg20775840
17678	cg20780880
17679	cg20781212
17680	cg20783722
17681	cg20784841
17682	cg20785120
17683	cg20786223
17684	cg20786995
17685	cg20787639
17686	cg20789620
17687	cg20789760
17688	cg20789819
17689	cg20790367
17690	cg20792208
17691	cg20793665
17692	cg20795417
17693	cg20795863
17694	cg20796382
17695	cg20797699
17696	cg20797905
17697	cg20798152
17698	cg20800892
17699	cg20801278
17700	cg20801476
17701	cg20801645
17702	cg20801751
17703	cg20802392
17704	cg20804050
17705	cg20809087
17706	cg20810675
17707	cg20811236
17708	cg20811273
17709	cg20812318
17710	cg20815063
17711	cg20816447
17712	cg20817073
17713	cg20818778
17714	cg20821566
17715	cg20822990
17716	cg20824294
17717	cg20825710
17718	cg20828084
17719	cg20829473
17720	cg20833495
17721	cg20833872
17722	cg20840847
17723	cg20841215
17724	cg20842169
17725	cg20842253
17726	cg20842915
17727	cg20844619
17728	cg20847090
17729	cg20848488
17730	cg20849839
17731	cg20854025
17732	cg20855411
17733	cg20856545
17734	cg20860806
17735	cg20861237
17736	cg20862119
17737	cg20866256
17738	cg20867091
17739	cg20873327
17740	cg20874670
17741	cg20876466
17742	cg20879085
17743	cg20881735
17744	cg20883684
17745	cg20885782
17746	cg20885815
17747	cg20889904
17748	cg20890687
17749	cg20890989
17750	cg20891481
17751	cg20891558
17752	cg20891917
17753	cg20893838
17754	cg20897936
17755	cg20899615
17756	cg20901044
17757	cg20902758
17758	cg20902817
17759	cg20902958
17760	cg20904489
17761	cg20905516
17762	cg20907051
17763	cg20908204
17764	cg20911695
17765	cg20912205
17766	cg20912517
17767	cg20912542
17768	cg20913747
17769	cg20914508
17770	cg20915897
17771	cg20916427
17772	cg20918218
17773	cg20918393
17774	cg20918537
17775	cg20919799
17776	cg20923047
17777	cg20923245
17778	cg20923605
17779	cg20923885
17780	cg20925482
17781	cg20926035
17782	cg20928238
17783	cg20933634
17784	cg20934105
17785	cg20935760
17786	cg20937139
17787	cg20939696
17788	cg20941739
17789	cg20943240
17790	cg20945509
17791	cg20947775
17792	cg20950812
17793	cg20951650
17794	cg20952076
17795	cg20956114
17796	cg20957370
17797	cg20957523
17798	cg20958467
17799	cg20959174
17800	cg20959907
17801	cg20959920
17802	cg20960181
17803	cg20964064
17804	cg20964423
17805	cg20964505
17806	cg20967006
17807	cg20967028
17808	cg20971488
17809	cg20971956
17810	cg20974196
17811	cg20976526
17812	cg20977229
17813	cg20978460
17814	cg20978972
17815	cg20979800
17816	cg20980108
17817	cg20980112
17818	cg20980926
17819	cg20981127
17820	cg20983032
17821	cg20986280
17822	cg20987610
17823	cg20988565
17824	cg20989225
17825	cg20991421
17826	cg20991660
17827	cg20992708
17828	cg20993554
17829	cg20995913
17830	cg20999813
17831	cg21001198
17832	cg21004924
17833	cg21006600
17834	cg21006686
17835	cg21009965
17836	cg21010435
17837	cg21012874
17838	cg21013745
17839	cg21013756
17840	cg21014529
17841	cg21019638
17842	cg21023025
17843	cg21025494
17844	cg21025501
17845	cg21026697
17846	cg21029155
17847	cg21031705
17848	cg21033440
17849	cg21033715
17850	cg21034183
17851	cg21035639
17852	cg21035990
17853	cg21036336
17854	cg21038957
17855	cg21039874
17856	cg21040230
17857	cg21040575
17858	cg21042285
17859	cg21043312
17860	cg21043727
17861	cg21045012
17862	cg21045828
17863	cg21048542
17864	cg21050076
17865	cg21050234
17866	cg21052677
17867	cg21052766
17868	cg21053529
17869	cg21053741
17870	cg21054147
17871	cg21057613
17872	cg21058506
17873	cg21061994
17874	cg21064451
17875	cg21066703
17876	cg21067079
17877	cg21071075
17878	cg21071097
17879	cg21072934
17880	cg21073350
17881	cg21074110
17882	cg21075504
17883	cg21075784
17884	cg21075829
17885	cg21078077
17886	cg21079030
17887	cg21080294
17888	cg21080450
17889	cg21081878
17890	cg21081971
17891	cg21088119
17892	cg21088460
17893	cg21089993
17894	cg21091547
17895	cg21091766
17896	cg21092413
17897	cg21093005
17898	cg21096399
17899	cg21098323
17900	cg21099238
17901	cg21099326
17902	cg21102926
17903	cg21106407
17904	cg21108553
17905	cg21109666
17906	cg21112391
17907	cg21112954
17908	cg21116457
17909	cg21116934
17910	cg21117330
17911	cg21117668
17912	cg21120063
17913	cg21120249
17914	cg21121119
17915	cg21121843
17916	cg21122199
17917	cg21123203
17918	cg21124497
17919	cg21126707
17920	cg21126969
17921	cg21127184
17922	cg21130236
17923	cg21130861
17924	cg21133540
17925	cg21134542
17926	cg21135948
17927	cg21136104
17928	cg21136371
17929	cg21137706
17930	cg21138935
17931	cg21139150
17932	cg21139312
17933	cg21139935
17934	cg21140729
17935	cg21141726
17936	cg21142033
17937	cg21143441
17938	cg21143896
17939	cg21144340
17940	cg21144928
17941	cg21146765
17942	cg21150807
17943	cg21153976
17944	cg21154793
17945	cg21155834
17946	cg21157721
17947	cg21158280
17948	cg21158501
17949	cg21159778
17950	cg21160290
17951	cg21161126
17952	cg21163347
17953	cg21164741
17954	cg21165519
17955	cg21166317
17956	cg21167269
17957	cg21169617
17958	cg21172274
17959	cg21172322
17960	cg21173328
17961	cg21173721
17962	cg21175307
17963	cg21176130
17964	cg21176993
17965	cg21177713
17966	cg21183455
17967	cg21184495
17968	cg21184711
17969	cg21185441
17970	cg21185826
17971	cg21186299
17972	cg21187194
17973	cg21188242
17974	cg21188409
17975	cg21188533
17976	cg21190228
17977	cg21190306
17978	cg21192606
17979	cg21192698
17980	cg21195120
17981	cg21195414
17982	cg21199406
17983	cg21200656
17984	cg21200703
17985	cg21201109
17986	cg21201294
17987	cg21204492
17988	cg21205463
17989	cg21205978
17990	cg21206021
17991	cg21206734
17992	cg21206949
17993	cg21207418
17994	cg21207436
17995	cg21207665
17996	cg21208062
17997	cg21208104
17998	cg21210376
17999	cg21210529
18000	cg21210531
18001	cg21211039
18002	cg21211367
18003	cg21211748
18004	cg21213111
18005	cg21213853
18006	cg21216024
18007	cg21216258
18008	cg21216471
18009	cg21218687
18010	cg21220286
18011	cg21221899
18012	cg21222743
18013	cg21223341
18014	cg21224509
18015	cg21227060
18016	cg21229184
18017	cg21229268
18018	cg21229570
18019	cg21229979
18020	cg21230162
18021	cg21230675
18022	cg21232488
18023	cg21232822
18024	cg21234538
18025	cg21235018
18026	cg21235078
18027	cg21236093
18028	cg21236593
18029	cg21237133
18030	cg21237313
18031	cg21238284
18032	cg21239901
18033	cg21241477
18034	cg21242212
18035	cg21243944
18036	cg21244504
18037	cg21248322
18038	cg21248554
18039	cg21248987
18040	cg21249152
18041	cg21250433
18042	cg21251926
18043	cg21251970
18044	cg21252483
18045	cg21252552
18046	cg21252728
18047	cg21253043
18048	cg21253560
18049	cg21254135
18050	cg21254939
18051	cg21257081
18052	cg21261158
18053	cg21264165
18054	cg21264189
18055	cg21266943
18056	cg21268578
18057	cg21268653
18058	cg21268770
18059	cg21269843
18060	cg21272576
18061	cg21272956
18062	cg21274570
18063	cg21275135
18064	cg21275838
18065	cg21276549
18066	cg21280384
18067	cg21281007
18068	cg21283081
18069	cg21283167
18070	cg21284636
18071	cg21288889
18072	cg21290162
18073	cg21290622
18074	cg21291134
18075	cg21291342
18076	cg21291896
18077	cg21292858
18078	cg21293242
18079	cg21293562
18080	cg21296230
18081	cg21302622
18082	cg21305265
18083	cg21315173
18084	cg21315874
18085	cg21319613
18086	cg21320768
18087	cg21322248
18088	cg21322436
18089	cg21323720
18090	cg21323941
18091	cg21325862
18092	cg21327609
18093	cg21328810
18094	cg21329085
18095	cg21330272
18096	cg21330423
18097	cg21333674
18098	cg21334513
18099	cg21336456
18100	cg21341928
18101	cg21345677
18102	cg21345826
18103	cg21345949
18104	cg21347347
18105	cg21347683
18106	cg21347874
18107	cg21348173
18108	cg21348975
18109	cg21349637
18110	cg21350115
18111	cg21354781
18112	cg21355042
18113	cg21355338
18114	cg21355508
18115	cg21356710
18116	cg21357291
18117	cg21357361
18118	cg21363706
18119	cg21364696
18120	cg21365566
18121	cg21368094
18122	cg21368354
18123	cg21369949
18124	cg21370143
18125	cg21370522
18126	cg21372595
18127	cg21374240
18128	cg21375204
18129	cg21376883
18130	cg21377779
18131	cg21378206
18132	cg21379458
18133	cg21383858
18134	cg21385052
18135	cg21393124
18136	cg21393163
18137	cg21393521
18138	cg21395782
18139	cg21397124
18140	cg21399301
18141	cg21405415
18142	cg21406518
18143	cg21407529
18144	cg21409704
18145	cg21411014
18146	cg21412053
18147	cg21415227
18148	cg21415385
18149	cg21415450
18150	cg21415530
18151	cg21415643
18152	cg21420474
18153	cg21421053
18154	cg21424209
18155	cg21426003
18156	cg21426218
18157	cg21428001
18158	cg21429551
18159	cg21432842
18160	cg21433558
18161	cg21433768
18162	cg21436456
18163	cg21437028
18164	cg21439498
18165	cg21444693
18166	cg21447540
18167	cg21448423
18168	cg21449170
18169	cg21449851
18170	cg21450529
18171	cg21456300
18172	cg21457909
18173	cg21458932
18174	cg21459583
18175	cg21459713
18176	cg21460081
18177	cg21461082
18178	cg21461308
18179	cg21461649
18180	cg21462681
18181	cg21462914
18182	cg21462934
18183	cg21465252
18184	cg21467614
18185	cg21467697
18186	cg21468416
18187	cg21472506
18188	cg21476494
18189	cg21479132
18190	cg21481321
18191	cg21481322
18192	cg21482921
18193	cg21483311
18194	cg21484638
18195	cg21485120
18196	cg21485125
18197	cg21486233
18198	cg21486834
18199	cg21488538
18200	cg21492308
18201	cg21493290
18202	cg21493786
18203	cg21495139
18204	cg21495653
18205	cg21496419
18206	cg21500300
18207	cg21500966
18208	cg21500970
18209	cg21503991
18210	cg21507987
18211	cg21512185
18212	cg21512502
18213	cg21513088
18214	cg21513826
18215	cg21515349
18216	cg21515406
18217	cg21517947
18218	cg21523251
18219	cg21523688
18220	cg21523908
18221	cg21524899
18222	cg21527708
18223	cg21530915
18224	cg21531775
18225	cg21532590
18226	cg21542303
18227	cg21543859
18228	cg21545762
18229	cg21547628
18230	cg21547976
18231	cg21548029
18232	cg21549011
18233	cg21549285
18234	cg21549639
18235	cg21553980
18236	cg21557724
18237	cg21557875
18238	cg21560142
18239	cg21563471
18240	cg21563489
18241	cg21564965
18242	cg21565937
18243	cg21566071
18244	cg21566513
18245	cg21566642
18246	cg21567504
18247	cg21568145
18248	cg21570988
18249	cg21571060
18250	cg21572722
18251	cg21574681
18252	cg21574853
18253	cg21576904
18254	cg21577472
18255	cg21578330
18256	cg21578543
18257	cg21579239
18258	cg21579274
18259	cg21580846
18260	cg21581504
18261	cg21581865
18262	cg21583438
18263	cg21584226
18264	cg21584251
18265	cg21584422
18266	cg21585414
18267	cg21586412
18268	cg21587777
18269	cg21587837
18270	cg21588594
18271	cg21592690
18272	cg21592975
18273	cg21594961
18274	cg21596317
18275	cg21601405
18276	cg21601837
18277	cg21602257
18278	cg21604042
18279	cg21606490
18280	cg21608605
18281	cg21609087
18282	cg21609339
18283	cg21609340
18284	cg21610904
18285	cg21614115
18286	cg21614211
18287	cg21615763
18288	cg21618948
18289	cg21621248
18290	cg21624359
18291	cg21628200
18292	cg21628794
18293	cg21629325
18294	cg21631428
18295	cg21633052
18296	cg21633990
18297	cg21635854
18298	cg21635870
18299	cg21636911
18300	cg21637826
18301	cg21639287
18302	cg21639713
18303	cg21642251
18304	cg21643122
18305	cg21644387
18306	cg21649005
18307	cg21649013
18308	cg21649277
18309	cg21649520
18310	cg21650422
18311	cg21650436
18312	cg21652108
18313	cg21655280
18314	cg21656108
18315	cg21656205
18316	cg21656736
18317	cg21657265
18318	cg21657577
18319	cg21658515
18320	cg21660413
18321	cg21661549
18322	cg21663431
18323	cg21664107
18324	cg21664443
18325	cg21664522
18326	cg21670370
18327	cg21670987
18328	cg21672040
18329	cg21672276
18330	cg21672550
18331	cg21674704
18332	cg21675464
18333	cg21681705
18334	cg21684021
18335	cg21684828
18336	cg21685427
18337	cg21687237
18338	cg21688209
18339	cg21689228
18340	cg21692159
18341	cg21692450
18342	cg21694863
18343	cg21695475
18344	cg21697134
18345	cg21697794
18346	cg21698802
18347	cg21700166
18348	cg21704228
18349	cg21709322
18350	cg21710255
18351	cg21712685
18352	cg21714581
18353	cg21715431
18354	cg21719937
18355	cg21721340
18356	cg21721523
18357	cg21723486
18358	cg21724034
18359	cg21724240
18360	cg21725652
18361	cg21726593
18362	cg21727276
18363	cg21730858
18364	cg21731862
18365	cg21732649
18366	cg21733098
18367	cg21733756
18368	cg21735522
18369	cg21736089
18370	cg21737698
18371	cg21743182
18372	cg21743307
18373	cg21745710
18374	cg21747090
18375	cg21747310
18376	cg21747496
18377	cg21747559
18378	cg21747876
18379	cg21748751
18380	cg21749794
18381	cg21755212
18382	cg21755367
18383	cg21756465
18384	cg21756720
18385	cg21757043
18386	cg21759268
18387	cg21761171
18388	cg21761813
18389	cg21761853
18390	cg21761922
18391	cg21762589
18392	cg21766592
18393	cg21769096
18394	cg21770393
18395	cg21770758
18396	cg21771528
18397	cg21771682
18398	cg21772500
18399	cg21774136
18400	cg21774863
18401	cg21775007
18402	cg21777166
18403	cg21777188
18404	cg21778987
18405	cg21780326
18406	cg21782213
18407	cg21782813
18408	cg21783183
18409	cg21783228
18410	cg21785034
18411	cg21787176
18412	cg21787249
18413	cg21788281
18414	cg21789941
18415	cg21791657
18416	cg21792155
18417	cg21793437
18418	cg21794496
18419	cg21796167
18420	cg21796322
18421	cg21797147
18422	cg21797500
18423	cg21799246
18424	cg21799346
18425	cg21800170
18426	cg21801165
18427	cg21801378
18428	cg21803245
18429	cg21803548
18430	cg21805734
18431	cg21807240
18432	cg21807313
18433	cg21809155
18434	cg21809447
18435	cg21813612
18436	cg21814142
18437	cg21814996
18438	cg21815258
18439	cg21816456
18440	cg21816539
18441	cg21817896
18442	cg21818252
18443	cg21818891
18444	cg21822149
18445	cg21823080
18446	cg21824162
18447	cg21824620
18448	cg21825027
18449	cg21825143
18450	cg21825757
18451	cg21826815
18452	cg21827203
18453	cg21828345
18454	cg21831463
18455	cg21832801
18456	cg21833184
18457	cg21833476
18458	cg21835622
18459	cg21835643
18460	cg21836905
18461	cg21838488
18462	cg21838979
18463	cg21839331
18464	cg21843412
18465	cg21843627
18466	cg21844138
18467	cg21845953
18468	cg21848117
18469	cg21848624
18470	cg21849597
18471	cg21851351
18472	cg21851534
18473	cg21854228
18474	cg21859781
18475	cg21860785
18476	cg21860825
18477	cg21862126
18478	cg21863110
18479	cg21863334
18480	cg21865150
18481	cg21865162
18482	cg21867345
18483	cg21869046
18484	cg21869913
18485	cg21870144
18486	cg21870884
18487	cg21871465
18488	cg21871883
18489	cg21874213
18490	cg21876001
18491	cg21877274
18492	cg21877865
18493	cg21878650
18494	cg21879240
18495	cg21883683
18496	cg21883754
18497	cg21884064
18498	cg21885107
18499	cg21886042
18500	cg21887487
18501	cg21891597
18502	cg21896567
18503	cg21897425
18504	cg21899500
18505	cg21899558
18506	cg21901459
18507	cg21904251
18508	cg21905068
18509	cg21906716
18510	cg21907062
18511	cg21907521
18512	cg21907579
18513	cg21908344
18514	cg21911021
18515	cg21912203
18516	cg21912531
18517	cg21912938
18518	cg21913681
18519	cg21913725
18520	cg21915799
18521	cg21917261
18522	cg21917349
18523	cg21919596
18524	cg21923442
18525	cg21923770
18526	cg21924273
18527	cg21926290
18528	cg21926612
18529	cg21926804
18530	cg21929183
18531	cg21929464
18532	cg21929600
18533	cg21929875
18534	cg21932934
18535	cg21937377
18536	cg21940708
18537	cg21943097
18538	cg21944491
18539	cg21946299
18540	cg21946667
18541	cg21949781
18542	cg21950518
18543	cg21952614
18544	cg21952646
18545	cg21953025
18546	cg21955864
18547	cg21956144
18548	cg21956337
18549	cg21956614
18550	cg21957720
18551	cg21959717
18552	cg21960184
18553	cg21961472
18554	cg21961694
18555	cg21962450
18556	cg21966910
18557	cg21967909
18558	cg21969265
18559	cg21973370
18560	cg21974358
18561	cg21977234
18562	cg21978579
18563	cg21982119
18564	cg21984020
18565	cg21986629
18566	cg21988244
18567	cg21990299
18568	cg21990700
18569	cg21992250
18570	cg21992507
18571	cg21992844
18572	cg21993406
18573	cg21993897
18574	cg21996217
18575	cg21997401
18576	cg21997766
18577	cg21998512
18578	cg21999471
18579	cg22000349
18580	cg22004527
18581	cg22006386
18582	cg22006408
18583	cg22006489
18584	cg22007739
18585	cg22007809
18586	cg22008851
18587	cg22009329
18588	cg22011587
18589	cg22012583
18590	cg22012981
18591	cg22013564
18592	cg22014661
18593	cg22015277
18594	cg22016779
18595	cg22017213
18596	cg22017777
18597	cg22021786
18598	cg22021934
18599	cg22022379
18600	cg22022568
18601	cg22024966
18602	cg22025854
18603	cg22026423
18604	cg22026616
18605	cg22026677
18606	cg22027151
18607	cg22027946
18608	cg22029879
18609	cg22030032
18610	cg22031066
18611	cg22033073
18612	cg22035229
18613	cg22036538
18614	cg22037408
18615	cg22039458
18616	cg22039909
18617	cg22040301
18618	cg22040809
18619	cg22041417
18620	cg22041635
18621	cg22042348
18622	cg22047262
18623	cg22047377
18624	cg22050792
18625	cg22052143
18626	cg22059431
18627	cg22061651
18628	cg22061831
18629	cg22062555
18630	cg22063172
18631	cg22065664
18632	cg22067527
18633	cg22069749
18634	cg22072332
18635	cg22073332
18636	cg22073802
18637	cg22077686
18638	cg22078805
18639	cg22078869
18640	cg22079043
18641	cg22079161
18642	cg22079827
18643	cg22080436
18644	cg22082347
18645	cg22083892
18646	cg22084182
18647	cg22087659
18648	cg22090064
18649	cg22090592
18650	cg22091609
18651	cg22098605
18652	cg22100868
18653	cg22100873
18654	cg22101903
18655	cg22103003
18656	cg22103219
18657	cg22106265
18658	cg22106273
18659	cg22108930
18660	cg22112832
18661	cg22113056
18662	cg22113689
18663	cg22115597
18664	cg22120714
18665	cg22120738
18666	cg22122862
18667	cg22125457
18668	cg22127299
18669	cg22130673
18670	cg22130834
18671	cg22131013
18672	cg22131612
18673	cg22136326
18674	cg22136365
18675	cg22138327
18676	cg22140378
18677	cg22140708
18678	cg22141650
18679	cg22141781
18680	cg22141993
18681	cg22143971
18682	cg22146252
18683	cg22151768
18684	cg22152407
18685	cg22154562
18686	cg22155039
18687	cg22156456
18688	cg22156842
18689	cg22157099
18690	cg22157525
18691	cg22158051
18692	cg22158212
18693	cg22158415
18694	cg22158769
18695	cg22158854
18696	cg22159075
18697	cg22160472
18698	cg22162164
18699	cg22162281
18700	cg22163280
18701	cg22163406
18702	cg22164383
18703	cg22166900
18704	cg22168205
18705	cg22171829
18706	cg22172003
18707	cg22172115
18708	cg22173752
18709	cg22179082
18710	cg22185977
18711	cg22186586
18712	cg22188885
18713	cg22189725
18714	cg22190114
18715	cg22190438
18716	cg22193385
18717	cg22193436
18718	cg22194129
18719	cg22197050
18720	cg22197811
18721	cg22197830
18722	cg22198179
18723	cg22198907
18724	cg22199041
18725	cg22200633
18726	cg22202381
18727	cg22205276
18728	cg22205400
18729	cg22206842
18730	cg22207672
18731	cg22210337
18732	cg22213242
18733	cg22213821
18734	cg22215192
18735	cg22215631
18736	cg22216157
18737	cg22217449
18738	cg22222461
18739	cg22223119
18740	cg22224989
18741	cg22225207
18742	cg22225219
18743	cg22225420
18744	cg22227424
18745	cg22232492
18746	cg22233844
18747	cg22235600
18748	cg22236626
18749	cg22237668
18750	cg22238600
18751	cg22238857
18752	cg22239201
18753	cg22240472
18754	cg22242614
18755	cg22242842
18756	cg22247845
18757	cg22249566
18758	cg22250466
18759	cg22251121
18760	cg22252970
18761	cg22253036
18762	cg22254606
18763	cg22254983
18764	cg22255037
18765	cg22257107
18766	cg22257786
18767	cg22262757
18768	cg22264409
18769	cg22266749
18770	cg22267613
18771	cg22268271
18772	cg22269486
18773	cg22270690
18774	cg22271353
18775	cg22271663
18776	cg22274395
18777	cg22275864
18778	cg22277154
18779	cg22277972
18780	cg22277994
18781	cg22281505
18782	cg22282161
18783	cg22282410
18784	cg22282672
18785	cg22283925
18786	cg22284745
18787	cg22285878
18788	cg22287067
18789	cg22287711
18790	cg22289837
18791	cg22294267
18792	cg22294431
18793	cg22296808
18794	cg22297934
18795	cg22299454
18796	cg22309949
18797	cg22311066
18798	cg22314617
18799	cg22317237
18800	cg22318170
18801	cg22319311
18802	cg22320179
18803	cg22320365
18804	cg22320999
18805	cg22321327
18806	cg22321572
18807	cg22322818
18808	cg22324641
18809	cg22325715
18810	cg22325823
18811	cg22326328
18812	cg22326553
18813	cg22327666
18814	cg22328256
18815	cg22330763
18816	cg22334681
18817	cg22335155
18818	cg22338152
18819	cg22338839
18820	cg22340526
18821	cg22344793
18822	cg22345048
18823	cg22345137
18824	cg22346124
18825	cg22347357
18826	cg22348356
18827	cg22349126
18828	cg22349332
18829	cg22350285
18830	cg22350557
18831	cg22351833
18832	cg22352234
18833	cg22353329
18834	cg22353755
18835	cg22354333
18836	cg22354618
18837	cg22354884
18838	cg22355889
18839	cg22356117
18840	cg22356324
18841	cg22356814
18842	cg22358580
18843	cg22359606
18844	cg22360016
18845	cg22361181
18846	cg22362956
18847	cg22363327
18848	cg22364126
18849	cg22365240
18850	cg22367678
18851	cg22367886
18852	cg22368262
18853	cg22369254
18854	cg22371743
18855	cg22372849
18856	cg22373221
18857	cg22375663
18858	cg22376081
18859	cg22376706
18860	cg22377480
18861	cg22377505
18862	cg22378065
18863	cg22378459
18864	cg22378853
18865	cg22380921
18866	cg22381454
18867	cg22382836
18868	cg22386492
18869	cg22387781
18870	cg22388417
18871	cg22388653
18872	cg22388982
18873	cg22390337
18874	cg22393213
18875	cg22395019
18876	cg22396353
18877	cg22398409
18878	cg22400166
18879	cg22400420
18880	cg22402007
18881	cg22403261
18882	cg22406238
18883	cg22407458
18884	cg22407822
18885	cg22407942
18886	cg22416332
18887	cg22416596
18888	cg22421019
18889	cg22424845
18890	cg22424909
18891	cg22425359
18892	cg22425568
18893	cg22426570
18894	cg22427475
18895	cg22428147
18896	cg22430790
18897	cg22431262
18898	cg22432269
18899	cg22432612
18900	cg22436229
18901	cg22438656
18902	cg22441310
18903	cg22442168
18904	cg22444610
18905	cg22445256
18906	cg22446709
18907	cg22448304
18908	cg22448889
18909	cg22449114
18910	cg22450460
18911	cg22451356
18912	cg22451408
18913	cg22452230
18914	cg22454769
18915	cg22455450
18916	cg22455892
18917	cg22457561
18918	cg22457719
18919	cg22460123
18920	cg22460148
18921	cg22461835
18922	cg22463795
18923	cg22466350
18924	cg22469274
18925	cg22470272
18926	cg22471075
18927	cg22473095
18928	cg22475867
18929	cg22479710
18930	cg22481486
18931	cg22481535
18932	cg22484793
18933	cg22488164
18934	cg22488278
18935	cg22488975
18936	cg22489321
18937	cg22489878
18938	cg22490084
18939	cg22494026
18940	cg22495124
18941	cg22496973
18942	cg22497068
18943	cg22499652
18944	cg22499720
18945	cg22507023
18946	cg22507558
18947	cg22507874
18948	cg22508957
18949	cg22509027
18950	cg22510139
18951	cg22510362
18952	cg22511262
18953	cg22511706
18954	cg22511877
18955	cg22512239
18956	cg22512531
18957	cg22512573
18958	cg22512663
18959	cg22512670
18960	cg22513912
18961	cg22517485
18962	cg22517995
18963	cg22518157
18964	cg22519313
18965	cg22520678
18966	cg22521333
18967	cg22521356
18968	cg22526407
18969	cg22526939
18970	cg22527345
18971	cg22529504
18972	cg22530055
18973	cg22530232
18974	cg22531668
18975	cg22534145
18976	cg22534206
18977	cg22534374
18978	cg22535057
18979	cg22537334
18980	cg22538557
18981	cg22539014
18982	cg22539182
18983	cg22540572
18984	cg22541001
18985	cg22542663
18986	cg22548220
18987	cg22552237
18988	cg22556768
18989	cg22559494
18990	cg22560410
18991	cg22563815
18992	cg22565251
18993	cg22568540
18994	cg22569523
18995	cg22572158
18996	cg22574258
18997	cg22577984
18998	cg22580353
18999	cg22580512
19000	cg22581187
19001	cg22581353
19002	cg22582569
19003	cg22586493
19004	cg22587479
19005	cg22588275
19006	cg22591964
19007	cg22593785
19008	cg22594309
19009	cg22595657
19010	cg22597272
19011	cg22598041
19012	cg22598841
19013	cg22600043
19014	cg22600802
19015	cg22601108
19016	cg22602379
19017	cg22603247
19018	cg22604123
19019	cg22605936
19020	cg22607375
19021	cg22607995
19022	cg22613010
19023	cg22614891
19024	cg22615917
19025	cg22616007
19026	cg22617819
19027	cg22620221
19028	cg22620356
19029	cg22621796
19030	cg22622425
19031	cg22624022
19032	cg22626506
19033	cg22627427
19034	cg22629375
19035	cg22630755
19036	cg22633390
19037	cg22633597
19038	cg22635008
19039	cg22636191
19040	cg22637507
19041	cg22637538
19042	cg22637941
19043	cg22639325
19044	cg22639561
19045	cg22639768
19046	cg22643110
19047	cg22647018
19048	cg22649201
19049	cg22650206
19050	cg22650271
19051	cg22651812
19052	cg22652144
19053	cg22652406
19054	cg22652782
19055	cg22653976
19056	cg22654142
19057	cg22656247
19058	cg22657457
19059	cg22659049
19060	cg22659262
19061	cg22660217
19062	cg22660341
19063	cg22660609
19064	cg22660904
19065	cg22661206
19066	cg22661556
19067	cg22661893
19068	cg22663098
19069	cg22663545
19070	cg22664298
19071	cg22666438
19072	cg22667178
19073	cg22669566
19074	cg22671717
19075	cg22674412
19076	cg22675702
19077	cg22679120
19078	cg22681246
19079	cg22681495
19080	cg22682200
19081	cg22682373
19082	cg22682811
19083	cg22685966
19084	cg22686892
19085	cg22688447
19086	cg22691257
19087	cg22692158
19088	cg22695339
19089	cg22695707
19090	cg22697223
19091	cg22697239
19092	cg22697325
19093	cg22697517
19094	cg22698209
19095	cg22698998
19096	cg22700822
19097	cg22704788
19098	cg22705589
19099	cg22705835
19100	cg22706610
19101	cg22706806
19102	cg22708738
19103	cg22708902
19104	cg22708914
19105	cg22709563
19106	cg22711218
19107	cg22713958
19108	cg22714094
19109	cg22714290
19110	cg22714777
19111	cg22716910
19112	cg22717227
19113	cg22719314
19114	cg22720127
19115	cg22720428
19116	cg22720431
19117	cg22720790
19118	cg22727233
19119	cg22727783
19120	cg22727876
19121	cg22729791
19122	cg22730516
19123	cg22731513
19124	cg22732515
19125	cg22733207
19126	cg22733687
19127	cg22736354
19128	cg22737282
19129	cg22743917
19130	cg22744079
19131	cg22745354
19132	cg22746421
19133	cg22748573
19134	cg22748740
19135	cg22748850
19136	cg22749855
19137	cg22750243
19138	cg22753611
19139	cg22753661
19140	cg22755932
19141	cg22759423
19142	cg22760563
19143	cg22761205
19144	cg22761482
19145	cg22762388
19146	cg22763718
19147	cg22764193
19148	cg22765117
19149	cg22768430
19150	cg22768487
19151	cg22769748
19152	cg22772440
19153	cg22773306
19154	cg22774472
19155	cg22775873
19156	cg22778120
19157	cg22778797
19158	cg22779878
19159	cg22780540
19160	cg22782283
19161	cg22782986
19162	cg22787151
19163	cg22787186
19164	cg22787530
19165	cg22789769
19166	cg22790986
19167	cg22791632
19168	cg22792177
19169	cg22793053
19170	cg22793142
19171	cg22796458
19172	cg22796593
19173	cg22796704
19174	cg22797134
19175	cg22797735
19176	cg22798948
19177	cg22799691
19178	cg22801992
19179	cg22802813
19180	cg22806229
19181	cg22807110
19182	cg22807700
19183	cg22809047
19184	cg22809491
19185	cg22810403
19186	cg22810790
19187	cg22812133
19188	cg22812280
19189	cg22812955
19190	cg22813783
19191	cg22813794
19192	cg22814023
19193	cg22816913
19194	cg22820108
19195	cg22820188
19196	cg22820726
19197	cg22820948
19198	cg22824974
19199	cg22824998
19200	cg22825261
19201	cg22826874
19202	cg22827210
19203	cg22828602
19204	cg22829007
19205	cg22832061
19206	cg22833428
19207	cg22834409
19208	cg22836809
19209	cg22837767
19210	cg22840454
19211	cg22843803
19212	cg22844035
19213	cg22848150
19214	cg22849665
19215	cg22850234
19216	cg22851420
19217	cg22853588
19218	cg22854546
19219	cg22857025
19220	cg22860775
19221	cg22861316
19222	cg22862003
19223	cg22863298
19224	cg22864500
19225	cg22865470
19226	cg22866267
19227	cg22866426
19228	cg22866430
19229	cg22868346
19230	cg22868961
19231	cg22870775
19232	cg22871253
19233	cg22871721
19234	cg22872195
19235	cg22872478
19236	cg22872778
19237	cg22873959
19238	cg22874627
19239	cg22875510
19240	cg22875654
19241	cg22875823
19242	cg22875872
19243	cg22877281
19244	cg22878414
19245	cg22879583
19246	cg22880770
19247	cg22880933
19248	cg22881141
19249	cg22881941
19250	cg22884541
19251	cg22887526
19252	cg22889455
19253	cg22889573
19254	cg22889918
19255	cg22890765
19256	cg22891212
19257	cg22891595
19258	cg22893248
19259	cg22895231
19260	cg22895815
19261	cg22896075
19262	cg22897715
19263	cg22898814
19264	cg22899422
19265	cg22900229
19266	cg22900415
19267	cg22901840
19268	cg22902266
19269	cg22902550
19270	cg22904711
19271	cg22910439
19272	cg22911054
19273	cg22911477
19274	cg22912101
19275	cg22912834
19276	cg22913250
19277	cg22917652
19278	cg22919728
19279	cg22920538
19280	cg22920873
19281	cg22920932
19282	cg22923514
19283	cg22927247
19284	cg22927302
19285	cg22927839
19286	cg22928020
19287	cg22929401
19288	cg22930808
19289	cg22931182
19290	cg22932220
19291	cg22935921
19292	cg22937804
19293	cg22942200
19294	cg22943590
19295	cg22945471
19296	cg22946648
19297	cg22947000
19298	cg22947322
19299	cg22947965
19300	cg22950899
19301	cg22951509
19302	cg22952832
19303	cg22953682
19304	cg22955525
19305	cg22956483
19306	cg22957381
19307	cg22959742
19308	cg22961457
19309	cg22963343
19310	cg22963378
19311	cg22965561
19312	cg22967284
19313	cg22968401
19314	cg22968887
19315	cg22969763
19316	cg22971191
19317	cg22971501
19318	cg22972055
19319	cg22972858
19320	cg22975318
19321	cg22976313
19322	cg22977072
19323	cg22977317
19324	cg22978087
19325	cg22981961
19326	cg22982767
19327	cg22983092
19328	cg22983827
19329	cg22984446
19330	cg22986591
19331	cg22986597
19332	cg22987011
19333	cg22991148
19334	cg22992904
19335	cg22993195
19336	cg22994041
19337	cg22995042
19338	cg22995692
19339	cg22995959
19340	cg23002097
19341	cg23003720
19342	cg23004653
19343	cg23006204
19344	cg23008153
19345	cg23010062
19346	cg23011516
19347	cg23012579
19348	cg23012731
19349	cg23014212
19350	cg23016080
19351	cg23016776
19352	cg23017542
19353	cg23020783
19354	cg23020891
19355	cg23021551
19356	cg23023126
19357	cg23024484
19358	cg23027179
19359	cg23027583
19360	cg23028740
19361	cg23029228
19362	cg23030863
19363	cg23030923
19364	cg23031135
19365	cg23032421
19366	cg23034485
19367	cg23035923
19368	cg23036136
19369	cg23037113
19370	cg23039636
19371	cg23041109
19372	cg23043611
19373	cg23044186
19374	cg23045591
19375	cg23045908
19376	cg23046475
19377	cg23047271
19378	cg23047760
19379	cg23047825
19380	cg23050544
19381	cg23051248
19382	cg23051272
19383	cg23051792
19384	cg23053506
19385	cg23053742
19386	cg23055003
19387	cg23060323
19388	cg23060384
19389	cg23061412
19390	cg23062112
19391	cg23062771
19392	cg23063236
19393	cg23063825
19394	cg23064609
19395	cg23065100
19396	cg23065927
19397	cg23066280
19398	cg23067090
19399	cg23067299
19400	cg23067856
19401	cg23067881
19402	cg23068772
19403	cg23069046
19404	cg23075364
19405	cg23076498
19406	cg23077820
19407	cg23078123
19408	cg23078557
19409	cg23079012
19410	cg23079386
19411	cg23080060
19412	cg23083277
19413	cg23083672
19414	cg23084415
19415	cg23087015
19416	cg23090606
19417	cg23091255
19418	cg23091758
19419	cg23091824
19420	cg23092072
19421	cg23093580
19422	cg23093664
19423	cg23093692
19424	cg23097079
19425	cg23097155
19426	cg23099319
19427	cg23100081
19428	cg23100720
19429	cg23104823
19430	cg23106378
19431	cg23106779
19432	cg23108121
19433	cg23109867
19434	cg23110376
19435	cg23111338
19436	cg23111655
19437	cg23112168
19438	cg23112821
19439	cg23114616
19440	cg23114828
19441	cg23118464
19442	cg23118561
19443	cg23119487
19444	cg23123362
19445	cg23124451
19446	cg23124755
19447	cg23125200
19448	cg23126977
19449	cg23127323
19450	cg23127998
19451	cg23128382
19452	cg23128634
19453	cg23129178
19454	cg23132624
19455	cg23140554
19456	cg23146358
19457	cg23146998
19458	cg23148701
19459	cg23149436
19460	cg23151014
19461	cg23151856
19462	cg23152235
19463	cg23152772
19464	cg23153216
19465	cg23153481
19466	cg23153661
19467	cg23156742
19468	cg23159337
19469	cg23159704
19470	cg23162960
19471	cg23163283
19472	cg23164938
19473	cg23165870
19474	cg23166288
19475	cg23166656
19476	cg23166770
19477	cg23168603
19478	cg23169512
19479	cg23171871
19480	cg23172400
19481	cg23172545
19482	cg23172671
19483	cg23173910
19484	cg23174607
19485	cg23180171
19486	cg23180365
19487	cg23181138
19488	cg23181900
19489	cg23182840
19490	cg23183121
19491	cg23186333
19492	cg23188704
19493	cg23189410
19494	cg23189934
19495	cg23191950
19496	cg23193870
19497	cg23195200
19498	cg23196504
19499	cg23197473
19500	cg23198222
19501	cg23198623
19502	cg23198707
19503	cg23201812
19504	cg23205092
19505	cg23205231
19506	cg23206463
19507	cg23206745
19508	cg23207054
19509	cg23207876
19510	cg23208152
19511	cg23208513
19512	cg23210521
19513	cg23211736
19514	cg23211949
19515	cg23213217
19516	cg23213327
19517	cg23213830
19518	cg23214464
19519	cg23215929
19520	cg23217126
19521	cg23218897
19522	cg23219388
19523	cg23219905
19524	cg23220897
19525	cg23222488
19526	cg23222573
19527	cg23229329
19528	cg23231456
19529	cg23231462
19530	cg23232849
19531	cg23234999
19532	cg23235337
19533	cg23235497
19534	cg23235965
19535	cg23236169
19536	cg23237314
19537	cg23237554
19538	cg23238147
19539	cg23239039
19540	cg23239150
19541	cg23239574
19542	cg23242341
19543	cg23244761
19544	cg23251687
19545	cg23251761
19546	cg23252622
19547	cg23253569
19548	cg23256822
19549	cg23257225
19550	cg23258940
19551	cg23260525
19552	cg23260993
19553	cg23262134
19554	cg23262811
19555	cg23263057
19556	cg23265210
19557	cg23266308
19558	cg23266598
19559	cg23268677
19560	cg23270113
19561	cg23272305
19562	cg23272399
19563	cg23273694
19564	cg23273843
19565	cg23275972
19566	cg23276120
19567	cg23277490
19568	cg23278885
19569	cg23279355
19570	cg23279756
19571	cg23280730
19572	cg23282441
19573	cg23282585
19574	cg23284074
19575	cg23284245
19576	cg23285059
19577	cg23288337
19578	cg23289135
19579	cg23289456
19580	cg23292987
19581	cg23294158
19582	cg23300245
19583	cg23300732
19584	cg23301925
19585	cg23302438
19586	cg23302461
19587	cg23303074
19588	cg23305365
19589	cg23306089
19590	cg23307798
19591	cg23307858
19592	cg23312369
19593	cg23314464
19594	cg23314866
19595	cg23318800
19596	cg23320649
19597	cg23320787
19598	cg23320965
19599	cg23322112
19600	cg23322172
19601	cg23327859
19602	cg23328404
19603	cg23330450
19604	cg23332900
19605	cg23333513
19606	cg23333970
19607	cg23334306
19608	cg23335356
19609	cg23335460
19610	cg23336797
19611	cg23338195
19612	cg23339342
19613	cg23343106
19614	cg23343273
19615	cg23343486
19616	cg23344780
19617	cg23346329
19618	cg23346945
19619	cg23347399
19620	cg23349517
19621	cg23350106
19622	cg23351190
19623	cg23351954
19624	cg23352942
19625	cg23353113
19626	cg23355492
19627	cg23356831
19628	cg23356993
19629	cg23357533
19630	cg23357854
19631	cg23358095
19632	cg23358710
19633	cg23360308
19634	cg23361092
19635	cg23361259
19636	cg23361275
19637	cg23361708
19638	cg23362622
19639	cg23363602
19640	cg23364246
19641	cg23364632
19642	cg23365097
19643	cg23365513
19644	cg23366752
19645	cg23367341
19646	cg23367392
19647	cg23367683
19648	cg23368715
19649	cg23370512
19650	cg23370589
19651	cg23370946
19652	cg23371436
19653	cg23371476
19654	cg23371584
19655	cg23373153
19656	cg23373640
19657	cg23373670
19658	cg23374885
19659	cg23375552
19660	cg23375948
19661	cg23376526
19662	cg23381748
19663	cg23383871
19664	cg23385492
19665	cg23385669
19666	cg23386509
19667	cg23387678
19668	cg23389651
19669	cg23390360
19670	cg23390595
19671	cg23395688
19672	cg23398047
19673	cg23398076
19674	cg23398241
19675	cg23400512
19676	cg23401210
19677	cg23403099
19678	cg23405152
19679	cg23405575
19680	cg23406136
19681	cg23409075
19682	cg23409699
19683	cg23409709
19684	cg23412777
19685	cg23413506
19686	cg23415880
19687	cg23418671
19688	cg23419328
19689	cg23420260
19690	cg23421114
19691	cg23423191
19692	cg23425533
19693	cg23428192
19694	cg23428387
19695	cg23429794
19696	cg23431721
19697	cg23434203
19698	cg23435915
19699	cg23436081
19700	cg23436158
19701	cg23436703
19702	cg23437420
19703	cg23437459
19704	cg23439966
19705	cg23441040
19706	cg23441167
19707	cg23441888
19708	cg23442597
19709	cg23442621
19710	cg23445461
19711	cg23445859
19712	cg23448505
19713	cg23448729
19714	cg23448998
19715	cg23449696
19716	cg23450586
19717	cg23452259
19718	cg23452458
19719	cg23455602
19720	cg23455897
19721	cg23456221
19722	cg23457357
19723	cg23460961
19724	cg23461448
19725	cg23461714
19726	cg23462687
19727	cg23463008
19728	cg23463186
19729	cg23464183
19730	cg23465295
19731	cg23466060
19732	cg23466749
19733	cg23467747
19734	cg23469025
19735	cg23471362
19736	cg23473114
19737	cg23474190
19738	cg23475189
19739	cg23475278
19740	cg23475474
19741	cg23479360
19742	cg23479586
19743	cg23483894
19744	cg23484392
19745	cg23484655
19746	cg23484755
19747	cg23485436
19748	cg23485537
19749	cg23485591
19750	cg23488198
19751	cg23488804
19752	cg23489355
19753	cg23489630
19754	cg23493167
19755	cg23497527
19756	cg23498494
19757	cg23499215
19758	cg23500537
19759	cg23501051
19760	cg23503796
19761	cg23505044
19762	cg23510032
19763	cg23510258
19764	cg23510415
19765	cg23510764
19766	cg23511118
19767	cg23512275
19768	cg23516852
19769	cg23517074
19770	cg23517605
19771	cg23521281
19772	cg23522872
19773	cg23525360
19774	cg23527621
19775	cg23530596
19776	cg23531049
19777	cg23531640
19778	cg23532300
19779	cg23532924
19780	cg23538901
19781	cg23539034
19782	cg23542533
19783	cg23548969
19784	cg23549061
19785	cg23550082
19786	cg23551873
19787	cg23552509
19788	cg23552876
19789	cg23552977
19790	cg23555878
19791	cg23560250
19792	cg23560546
19793	cg23563099
19794	cg23565347
19795	cg23568913
19796	cg23571452
19797	cg23573129
19798	cg23574897
19799	cg23580000
19800	cg23581183
19801	cg23581793
19802	cg23582408
19803	cg23584743
19804	cg23585607
19805	cg23586440
19806	cg23589419
19807	cg23594345
19808	cg23594461
19809	cg23594928
19810	cg23597501
19811	cg23600866
19812	cg23601030
19813	cg23602058
19814	cg23602092
19815	cg23603057
19816	cg23604012
19817	cg23605843
19818	cg23605991
19819	cg23606718
19820	cg23609713
19821	cg23610736
19822	cg23613051
19823	cg23615741
19824	cg23618638
19825	cg23620639
19826	cg23621631
19827	cg23621929
19828	cg23623252
19829	cg23623781
19830	cg23624713
19831	cg23626546
19832	cg23626908
19833	cg23630878
19834	cg23631636
19835	cg23632752
19836	cg23634477
19837	cg23635663
19838	cg23636331
19839	cg23636833
19840	cg23639368
19841	cg23640832
19842	cg23642407
19843	cg23643343
19844	cg23643435
19845	cg23651117
19846	cg23652734
19847	cg23653343
19848	cg23655107
19849	cg23655769
19850	cg23656110
19851	cg23657179
19852	cg23658320
19853	cg23658462
19854	cg23659056
19855	cg23659134
19856	cg23661344
19857	cg23662138
19858	cg23662675
19859	cg23662713
19860	cg23664486
19861	cg23665802
19862	cg23667749
19863	cg23667955
19864	cg23668631
19865	cg23669043
19866	cg23670519
19867	cg23670630
19868	cg23671997
19869	cg23674344
19870	cg23675485
19871	cg23676047
19872	cg23676682
19873	cg23676956
19874	cg23678254
19875	cg23679724
19876	cg23683501
19877	cg23683962
19878	cg23684204
19879	cg23686403
19880	cg23686556
19881	cg23687434
19882	cg23687466
19883	cg23690166
19884	cg23690804
19885	cg23690893
19886	cg23691223
19887	cg23691771
19888	cg23691894
19889	cg23692511
19890	cg23693738
19891	cg23694533
19892	cg23697780
19893	cg23698023
19894	cg23698649
19895	cg23698950
19896	cg23702568
19897	cg23703060
19898	cg23703963
19899	cg23707230
19900	cg23709172
19901	cg23710218
19902	cg23710764
19903	cg23712970
19904	cg23713900
19905	cg23715045
19906	cg23715237
19907	cg23718736
19908	cg23719516
19909	cg23719650
19910	cg23719713
19911	cg23719950
19912	cg23720822
19913	cg23722096
19914	cg23726512
19915	cg23726945
19916	cg23728960
19917	cg23730436
19918	cg23731991
19919	cg23736055
19920	cg23737061
19921	cg23737927
19922	cg23743573
19923	cg23744638
19924	cg23750193
19925	cg23752007
19926	cg23753748
19927	cg23754382
19928	cg23754392
19929	cg23757461
19930	cg23757489
19931	cg23759393
19932	cg23760574
19933	cg23760603
19934	cg23760687
19935	cg23761936
19936	cg23762110
19937	cg23762915
19938	cg23764836
19939	cg23765126
19940	cg23766254
19941	cg23771366
19942	cg23771785
19943	cg23771956
19944	cg23772928
19945	cg23774356
19946	cg23777173
19947	cg23777197
19948	cg23777956
19949	cg23778391
19950	cg23780067
19951	cg23781022
19952	cg23781075
19953	cg23783077
19954	cg23783747
19955	cg23784160
19956	cg23785462
19957	cg23786576
19958	cg23788054
19959	cg23788418
19960	cg23793121
19961	cg23793397
19962	cg23798387
19963	cg23799091
19964	cg23799375
19965	cg23799515
19966	cg23800435
19967	cg23801118
19968	cg23803022
19969	cg23805360
19970	cg23808213
19971	cg23808301
19972	cg23810846
19973	cg23811464
19974	cg23813012
19975	cg23813257
19976	cg23813394
19977	cg23814988
19978	cg23815491
19979	cg23815537
19980	cg23816136
19981	cg23817169
19982	cg23817627
19983	cg23817643
19984	cg23818246
19985	cg23818978
19986	cg23819144
19987	cg23826961
19988	cg23827572
19989	cg23829395
19990	cg23830205
19991	cg23830290
19992	cg23830590
19993	cg23831630
19994	cg23831735
19995	cg23831998
19996	cg23832061
19997	cg23832388
19998	cg23833896
19999	cg23836737
20000	cg23837191
20001	cg23837804
20002	cg23838503
20003	cg23839159
20004	cg23839792
20005	cg23840079
20006	cg23842572
20007	cg23845310
20008	cg23845380
20009	cg23845609
20010	cg23847109
20011	cg23847262
20012	cg23847712
20013	cg23850913
20014	cg23852535
20015	cg23853026
20016	cg23855030
20017	cg23855260
20018	cg23855566
20019	cg23855986
20020	cg23856611
20021	cg23857078
20022	cg23857700
20023	cg23857862
20024	cg23858360
20025	cg23858532
20026	cg23861930
20027	cg23865831
20028	cg23866612
20029	cg23867718
20030	cg23872513
20031	cg23873654
20032	cg23873662
20033	cg23873955
20034	cg23874334
20035	cg23874606
20036	cg23878206
20037	cg23878564
20038	cg23881204
20039	cg23883522
20040	cg23884551
20041	cg23885431
20042	cg23887129
20043	cg23887396
20044	cg23889684
20045	cg23889772
20046	cg23893460
20047	cg23894854
20048	cg23895495
20049	cg23896056
20050	cg23896431
20051	cg23896898
20052	cg23897913
20053	cg23898189
20054	cg23900422
20055	cg23900712
20056	cg23902765
20057	cg23903396
20058	cg23908305
20059	cg23912081
20060	cg23913963
20061	cg23916679
20062	cg23916845
20063	cg23917057
20064	cg23919288
20065	cg23922081
20066	cg23922454
20067	cg23923820
20068	cg23923856
20069	cg23925713
20070	cg23927469
20071	cg23928435
20072	cg23930334
20073	cg23931487
20074	cg23932798
20075	cg23934351
20076	cg23935255
20077	cg23935593
20078	cg23935746
20079	cg23938637
20080	cg23939642
20081	cg23939865
20082	cg23939875
20083	cg23940194
20084	cg23941599
20085	cg23942311
20086	cg23942604
20087	cg23944298
20088	cg23945483
20089	cg23948391
20090	cg23950724
20091	cg23951114
20092	cg23951171
20093	cg23951380
20094	cg23952057
20095	cg23954655
20096	cg23955970
20097	cg23956238
20098	cg23956260
20099	cg23956565
20100	cg23961091
20101	cg23964386
20102	cg23965144
20103	cg23965352
20104	cg23966795
20105	cg23967169
20106	cg23969554
20107	cg23972409
20108	cg23973576
20109	cg23975355
20110	cg23976034
20111	cg23977011
20112	cg23978183
20113	cg23979412
20114	cg23979631
20115	cg23983453
20116	cg23985797
20117	cg23985931
20118	cg23988182
20119	cg23988359
20120	cg23990641
20121	cg23990781
20122	cg23995459
20123	cg23995914
20124	cg23996071
20125	cg23996302
20126	cg23997508
20127	cg23998119
20128	cg23998749
20129	cg24000528
20130	cg24001856
20131	cg24002003
20132	cg24002213
20133	cg24003749
20134	cg24006341
20135	cg24009065
20136	cg24009074
20137	cg24010336
20138	cg24010402
20139	cg24010531
20140	cg24010885
20141	cg24011637
20142	cg24012925
20143	cg24014020
20144	cg24015175
20145	cg24016624
20146	cg24020235
20147	cg24020452
20148	cg24023487
20149	cg24025893
20150	cg24028120
20151	cg24029114
20152	cg24030425
20153	cg24030449
20154	cg24030627
20155	cg24033122
20156	cg24033491
20157	cg24033633
20158	cg24035112
20159	cg24035962
20160	cg24036510
20161	cg24036523
20162	cg24037767
20163	cg24037916
20164	cg24041556
20165	cg24044052
20166	cg24045875
20167	cg24046474
20168	cg24047124
20169	cg24047377
20170	cg24047926
20171	cg24048949
20172	cg24049493
20173	cg24049884
20174	cg24050047
20175	cg24051516
20176	cg24052817
20177	cg24053748
20178	cg24055081
20179	cg24057374
20180	cg24057642
20181	cg24058132
20182	cg24060527
20183	cg24061702
20184	cg24065451
20185	cg24067075
20186	cg24067911
20187	cg24069479
20188	cg24069542
20189	cg24070213
20190	cg24073215
20191	cg24077501
20192	cg24079129
20193	cg24079702
20194	cg24081819
20195	cg24082681
20196	cg24083469
20197	cg24084719
20198	cg24084836
20199	cg24085039
20200	cg24087613
20201	cg24087736
20202	cg24088496
20203	cg24089118
20204	cg24090911
20205	cg24091819
20206	cg24092470
20207	cg24092773
20208	cg24093538
20209	cg24099977
20210	cg24100475
20211	cg24102222
20212	cg24102319
20213	cg24105068
20214	cg24107728
20215	cg24109012
20216	cg24110063
20217	cg24110177
20218	cg24112628
20219	cg24112692
20220	cg24115061
20221	cg24115625
20222	cg24115922
20223	cg24116886
20224	cg24117274
20225	cg24117468
20226	cg24119607
20227	cg24120153
20228	cg24123198
20229	cg24125648
20230	cg24125710
20231	cg24125828
20232	cg24125901
20233	cg24126612
20234	cg24126851
20235	cg24127874
20236	cg24129115
20237	cg24134430
20238	cg24134767
20239	cg24137332
20240	cg24137660
20241	cg24141663
20242	cg24145109
20243	cg24145616
20244	cg24146125
20245	cg24147428
20246	cg24150153
20247	cg24151204
20248	cg24151995
20249	cg24152080
20250	cg24154839
20251	cg24155444
20252	cg24156613
20253	cg24158028
20254	cg24158141
20255	cg24159575
20256	cg24160066
20257	cg24160371
20258	cg24163563
20259	cg24164702
20260	cg24164819
20261	cg24165048
20262	cg24165121
20263	cg24166457
20264	cg24166814
20265	cg24169118
20266	cg24169315
20267	cg24169820
20268	cg24169822
20269	cg24170090
20270	cg24170166
20271	cg24170424
20272	cg24170996
20273	cg24171453
20274	cg24172278
20275	cg24173182
20276	cg24174557
20277	cg24174665
20278	cg24178740
20279	cg24179825
20280	cg24181062
20281	cg24184687
20282	cg24185926
20283	cg24187352
20284	cg24187909
20285	cg24188073
20286	cg24189790
20287	cg24191230
20288	cg24192058
20289	cg24197536
20290	cg24200825
20291	cg24201793
20292	cg24203758
20293	cg24205332
20294	cg24208206
20295	cg24212047
20296	cg24212517
20297	cg24213507
20298	cg24213508
20299	cg24214068
20300	cg24215727
20301	cg24217140
20302	cg24217726
20303	cg24217948
20304	cg24228058
20305	cg24231804
20306	cg24233224
20307	cg24235581
20308	cg24236409
20309	cg24237200
20310	cg24238265
20311	cg24238305
20312	cg24238356
20313	cg24239642
20314	cg24240870
20315	cg24244478
20316	cg24246705
20317	cg24248713
20318	cg24249248
20319	cg24249778
20320	cg24251135
20321	cg24252907
20322	cg24253500
20323	cg24254120
20324	cg24254377
20325	cg24254387
20326	cg24255121
20327	cg24258295
20328	cg24261754
20329	cg24262469
20330	cg24268161
20331	cg24270157
20332	cg24277313
20333	cg24277456
20334	cg24280720
20335	cg24283375
20336	cg24283755
20337	cg24284497
20338	cg24285775
20339	cg24286812
20340	cg24287218
20341	cg24287362
20342	cg24295405
20343	cg24296626
20344	cg24297873
20345	cg24299740
20346	cg24300038
20347	cg24300962
20348	cg24301690
20349	cg24304712
20350	cg24305861
20351	cg24306648
20352	cg24307703
20353	cg24309134
20354	cg24310133
20355	cg24310461
20356	cg24311135
20357	cg24315421
20358	cg24315876
20359	cg24318091
20360	cg24319178
20361	cg24319381
20362	cg24319902
20363	cg24322968
20364	cg24326130
20365	cg24326293
20366	cg24327262
20367	cg24330456
20368	cg24330542
20369	cg24332433
20370	cg24334029
20371	cg24336808
20372	cg24337701
20373	cg24341615
20374	cg24344074
20375	cg24346776
20376	cg24346905
20377	cg24348705
20378	cg24349631
20379	cg24350475
20380	cg24352561
20381	cg24352618
20382	cg24352688
20383	cg24352905
20384	cg24357465
20385	cg24357849
20386	cg24359323
20387	cg24361098
20388	cg24362952
20389	cg24363820
20390	cg24365969
20391	cg24366564
20392	cg24368848
20393	cg24369728
20394	cg24370881
20395	cg24371425
20396	cg24373187
20397	cg24373618
20398	cg24374124
20399	cg24374161
20400	cg24374738
20401	cg24375409
20402	cg24377285
20403	cg24380397
20404	cg24387126
20405	cg24387129
20406	cg24387186
20407	cg24388985
20408	cg24389924
20409	cg24391240
20410	cg24391982
20411	cg24393673
20412	cg24394726
20413	cg24394865
20414	cg24396875
20415	cg24398061
20416	cg24398933
20417	cg24399540
20418	cg24401441
20419	cg24402300
20420	cg24403644
20421	cg24403711
20422	cg24403845
20423	cg24405700
20424	cg24405911
20425	cg24407066
20426	cg24407308
20427	cg24408436
20428	cg24408469
20429	cg24409677
20430	cg24410469
20431	cg24412006
20432	cg24412399
20433	cg24413339
20434	cg24414383
20435	cg24415799
20436	cg24420164
20437	cg24420742
20438	cg24421094
20439	cg24421519
20440	cg24422202
20441	cg24423574
20442	cg24425149
20443	cg24425316
20444	cg24428042
20445	cg24428877
20446	cg24429337
20447	cg24429836
20448	cg24430034
20449	cg24430580
20450	cg24434988
20451	cg24436531
20452	cg24436715
20453	cg24436906
20454	cg24437311
20455	cg24438161
20456	cg24438172
20457	cg24439315
20458	cg24441922
20459	cg24442609
20460	cg24444810
20461	cg24450063
20462	cg24450312
20463	cg24450548
20464	cg24452451
20465	cg24453699
20466	cg24454579
20467	cg24455365
20468	cg24456663
20469	cg24457743
20470	cg24458288
20471	cg24461772
20472	cg24463112
20473	cg24463509
20474	cg24465349
20475	cg24471894
20476	cg24473995
20477	cg24474409
20478	cg24475171
20479	cg24477282
20480	cg24478024
20481	cg24478765
20482	cg24478803
20483	cg24478949
20484	cg24479590
20485	cg24480012
20486	cg24481841
20487	cg24483655
20488	cg24485927
20489	cg24485951
20490	cg24489983
20491	cg24491618
20492	cg24493940
20493	cg24493971
20494	cg24494227
20495	cg24494556
20496	cg24495257
20497	cg24495681
20498	cg24496523
20499	cg24496614
20500	cg24497582
20501	cg24497732
20502	cg24497836
20503	cg24498636
20504	cg24499411
20505	cg24501676
20506	cg24501859
20507	cg24503003
20508	cg24503261
20509	cg24504388
20510	cg24504442
20511	cg24505122
20512	cg24505341
20513	cg24506130
20514	cg24506221
20515	cg24509168
20516	cg24509515
20517	cg24510074
20518	cg24510518
20519	cg24512005
20520	cg24512097
20521	cg24512731
20522	cg24514884
20523	cg24515575
20524	cg24515783
20525	cg24517323
20526	cg24517380
20527	cg24519533
20528	cg24520862
20529	cg24521756
20530	cg24523000
20531	cg24524451
20532	cg24526702
20533	cg24527785
20534	cg24528523
20535	cg24529340
20536	cg24530234
20537	cg24531955
20538	cg24537348
20539	cg24540066
20540	cg24540710
20541	cg24540732
20542	cg24541835
20543	cg24543255
20544	cg24543544
20545	cg24545421
20546	cg24545961
20547	cg24547614
20548	cg24549659
20549	cg24550026
20550	cg24550456
20551	cg24551749
20552	cg24555670
20553	cg24556026
20554	cg24559983
20555	cg24561507
20556	cg24564096
20557	cg24567591
20558	cg24569412
20559	cg24570302
20560	cg24570371
20561	cg24571086
20562	cg24577933
20563	cg24579212
20564	cg24579218
20565	cg24580001
20566	cg24580066
20567	cg24580161
20568	cg24580185
20569	cg24581200
20570	cg24581650
20571	cg24585203
20572	cg24590353
20573	cg24591105
20574	cg24592370
20575	cg24592500
20576	cg24593832
20577	cg24597392
20578	cg24599943
20579	cg24601055
20580	cg24606791
20581	cg24609819
20582	cg24611351
20583	cg24612420
20584	cg24614722
20585	cg24615318
20586	cg24615689
20587	cg24616450
20588	cg24617313
20589	cg24617723
20590	cg24620508
20591	cg24620635
20592	cg24620905
20593	cg24621354
20594	cg24624629
20595	cg24624845
20596	cg24625070
20597	cg24629356
20598	cg24630195
20599	cg24632756
20600	cg24632830
20601	cg24634009
20602	cg24634676
20603	cg24636368
20604	cg24637417
20605	cg24639239
20606	cg24639246
20607	cg24639690
20608	cg24641352
20609	cg24642820
20610	cg24643922
20611	cg24645149
20612	cg24645611
20613	cg24646414
20614	cg24646803
20615	cg24647820
20616	cg24650034
20617	cg24650267
20618	cg24651706
20619	cg24651977
20620	cg24652379
20621	cg24652706
20622	cg24655016
20623	cg24655241
20624	cg24655669
20625	cg24657156
20626	cg24659873
20627	cg24665592
20628	cg24666085
20629	cg24666178
20630	cg24667177
20631	cg24667510
20632	cg24667575
20633	cg24669602
20634	cg24670151
20635	cg24670383
20636	cg24670552
20637	cg24671078
20638	cg24672014
20639	cg24674269
20640	cg24674703
20641	cg24675171
20642	cg24675983
20643	cg24676461
20644	cg24678095
20645	cg24678869
20646	cg24679567
20647	cg24679961
20648	cg24680586
20649	cg24683414
20650	cg24684432
20651	cg24685296
20652	cg24686551
20653	cg24686644
20654	cg24686679
20655	cg24687805
20656	cg24688803
20657	cg24690437
20658	cg24691069
20659	cg24691814
20660	cg24692716
20661	cg24693227
20662	cg24694018
20663	cg24694246
20664	cg24696028
20665	cg24696967
20666	cg24698211
20667	cg24698655
20668	cg24698924
20669	cg24703717
20670	cg24704287
20671	cg24706980
20672	cg24707573
20673	cg24708145
20674	cg24708471
20675	cg24710309
20676	cg24711336
20677	cg24711649
20678	cg24713122
20679	cg24713204
20680	cg24714011
20681	cg24715767
20682	cg24716640
20683	cg24717024
20684	cg24718465
20685	cg24719853
20686	cg24720008
20687	cg24720694
20688	cg24722577
20689	cg24724428
20690	cg24724587
20691	cg24727109
20692	cg24727203
20693	cg24728447
20694	cg24729221
20695	cg24730871
20696	cg24733384
20697	cg24733530
20698	cg24736217
20699	cg24737193
20700	cg24738356
20701	cg24738628
20702	cg24739596
20703	cg24740322
20704	cg24741685
20705	cg24741744
20706	cg24744557
20707	cg24744600
20708	cg24745327
20709	cg24748078
20710	cg24748746
20711	cg24749947
20712	cg24750091
20713	cg24750308
20714	cg24751378
20715	cg24753760
20716	cg24756631
20717	cg24757926
20718	cg24760922
20719	cg24761567
20720	cg24763059
20721	cg24764114
20722	cg24765360
20723	cg24765579
20724	cg24767315
20725	cg24768116
20726	cg24768187
20727	cg24768561
20728	cg24771017
20729	cg24773770
20730	cg24776194
20731	cg24776736
20732	cg24780865
20733	cg24783648
20734	cg24784350
20735	cg24787755
20736	cg24788483
20737	cg24790501
20738	cg24794228
20739	cg24794433
20740	cg24795627
20741	cg24798047
20742	cg24800175
20743	cg24801535
20744	cg24804643
20745	cg24805210
20746	cg24805559
20747	cg24806066
20748	cg24808223
20749	cg24810594
20750	cg24811352
20751	cg24815934
20752	cg24818238
20753	cg24821952
20754	cg24822001
20755	cg24827051
20756	cg24827660
20757	cg24827726
20758	cg24830730
20759	cg24832950
20760	cg24832985
20761	cg24834740
20762	cg24835309
20763	cg24836826
20764	cg24837710
20765	cg24838345
20766	cg24838825
20767	cg24838949
20768	cg24842693
20769	cg24843443
20770	cg24845578
20771	cg24846594
20772	cg24847829
20773	cg24848035
20774	cg24849910
20775	cg24850932
20776	cg24852442
20777	cg24852605
20778	cg24853724
20779	cg24856658
20780	cg24859433
20781	cg24859945
20782	cg24862131
20783	cg24862787
20784	cg24863175
20785	cg24865132
20786	cg24865495
20787	cg24865623
20788	cg24867279
20789	cg24869272
20790	cg24869535
20791	cg24870774
20792	cg24870966
20793	cg24871165
20794	cg24871743
20795	cg24871877
20796	cg24873872
20797	cg24874254
20798	cg24874998
20799	cg24878059
20800	cg24878090
20801	cg24879782
20802	cg24881205
20803	cg24883498
20804	cg24883732
20805	cg24884958
20806	cg24885442
20807	cg24886154
20808	cg24886257
20809	cg24887584
20810	cg24888049
20811	cg24888989
20812	cg24889334
20813	cg24890964
20814	cg24891125
20815	cg24891133
20816	cg24891434
20817	cg24891539
20818	cg24892069
20819	cg24892510
20820	cg24893035
20821	cg24894584
20822	cg24897141
20823	cg24899750
20824	cg24900370
20825	cg24902995
20826	cg24903144
20827	cg24903703
20828	cg24905316
20829	cg24910161
20830	cg24913868
20831	cg24914139
20832	cg24914172
20833	cg24919972
20834	cg24920358
20835	cg24921089
20836	cg24921858
20837	cg24923853
20838	cg24923953
20839	cg24924449
20840	cg24924502
20841	cg24924577
20842	cg24928100
20843	cg24928110
20844	cg24929556
20845	cg24929896
20846	cg24931632
20847	cg24933925
20848	cg24934400
20849	cg24935409
20850	cg24935556
20851	cg24937706
20852	cg24937877
20853	cg24938727
20854	cg24939561
20855	cg24940370
20856	cg24942416
20857	cg24943459
20858	cg24944500
20859	cg24947073
20860	cg24947451
20861	cg24949191
20862	cg24949488
20863	cg24950222
20864	cg24952195
20865	cg24952754
20866	cg24953922
20867	cg24954895
20868	cg24955731
20869	cg24955895
20870	cg24957401
20871	cg24960291
20872	cg24960960
20873	cg24973226
20874	cg24974423
20875	cg24974477
20876	cg24977387
20877	cg24977886
20878	cg24983539
20879	cg24987259
20880	cg24989962
20881	cg24990808
20882	cg24993990
20883	cg24996883
20884	cg24996930
20885	cg24998879
20886	cg24999883
20887	cg25001190
20888	cg25003531
20889	cg25005357
20890	cg25006249
20891	cg25006435
20892	cg25007705
20893	cg25010788
20894	cg25011337
20895	cg25012143
20896	cg25013095
20897	cg25014026
20898	cg25018458
20899	cg25019648
20900	cg25019875
20901	cg25020550
20902	cg25021026
20903	cg25022327
20904	cg25023043
20905	cg25023198
20906	cg25023816
20907	cg25024993
20908	cg25028357
20909	cg25030604
20910	cg25032722
20911	cg25033328
20912	cg25034591
20913	cg25034991
20914	cg25036261
20915	cg25036456
20916	cg25037335
20917	cg25038330
20918	cg25039219
20919	cg25039923
20920	cg25043559
20921	cg25045972
20922	cg25046651
20923	cg25050975
20924	cg25052374
20925	cg25054189
20926	cg25057743
20927	cg25062184
20928	cg25062539
20929	cg25064552
20930	cg25065981
20931	cg25067162
20932	cg25067242
20933	cg25070192
20934	cg25070637
20935	cg25072945
20936	cg25072962
20937	cg25073708
20938	cg25076980
20939	cg25076984
20940	cg25077778
20941	cg25078225
20942	cg25078444
20943	cg25078751
20944	cg25080229
20945	cg25087686
20946	cg25088843
20947	cg25088879
20948	cg25090514
20949	cg25090994
20950	cg25092328
20951	cg25099095
20952	cg25101936
20953	cg25103155
20954	cg25104512
20955	cg25104872
20956	cg25106322
20957	cg25106914
20958	cg25107024
20959	cg25107893
20960	cg25107978
20961	cg25108022
20962	cg25113157
20963	cg25114142
20964	cg25114611
20965	cg25115148
20966	cg25115537
20967	cg25115993
20968	cg25116132
20969	cg25116388
20970	cg25117895
20971	cg25119002
20972	cg25119415
20973	cg25120459
20974	cg25122125
20975	cg25122511
20976	cg25123427
20977	cg25123670
20978	cg25125340
20979	cg25125453
20980	cg25127315
20981	cg25129541
20982	cg25130381
20983	cg25130962
20984	cg25131632
20985	cg25131771
20986	cg25131936
20987	cg25134852
20988	cg25134909
20989	cg25135555
20990	cg25136495
20991	cg25136631
20992	cg25136687
20993	cg25138484
20994	cg25139740
20995	cg25140531
20996	cg25143652
20997	cg25143824
20998	cg25144207
20999	cg25145195
21000	cg25145905
21001	cg25147604
21002	cg25147622
21003	cg25148589
21004	cg25148632
21005	cg25149218
21006	cg25149516
21007	cg25150189
21008	cg25150212
21009	cg25150715
21010	cg25151919
21011	cg25152404
21012	cg25154916
21013	cg25156843
21014	cg25157473
21015	cg25158622
21016	cg25159610
21017	cg25161029
21018	cg25161889
21019	cg25162588
21020	cg25164490
21021	cg25164623
21022	cg25164649
21023	cg25164957
21024	cg25165880
21025	cg25165932
21026	cg25166896
21027	cg25167447
21028	cg25169784
21029	cg25171858
21030	cg25174338
21031	cg25178683
21032	cg25178749
21033	cg25179758
21034	cg25184118
21035	cg25188006
21036	cg25188760
21037	cg25189904
21038	cg25191172
21039	cg25191305
21040	cg25192226
21041	cg25193494
21042	cg25195158
21043	cg25201359
21044	cg25202000
21045	cg25203031
21046	cg25203627
21047	cg25204088
21048	cg25204172
21049	cg25204852
21050	cg25205988
21051	cg25215230
21052	cg25215890
21053	cg25216836
21054	cg25217710
21055	cg25217825
21056	cg25221975
21057	cg25222362
21058	cg25223623
21059	cg25227335
21060	cg25227378
21061	cg25229964
21062	cg25230907
21063	cg25231957
21064	cg25232043
21065	cg25232942
21066	cg25233685
21067	cg25235205
21068	cg25235397
21069	cg25236230
21070	cg25236904
21071	cg25242471
21072	cg25243766
21073	cg25247122
21074	cg25247351
21075	cg25247859
21076	cg25251635
21077	cg25252585
21078	cg25255025
21079	cg25255893
21080	cg25256099
21081	cg25256723
21082	cg25260543
21083	cg25262528
21084	cg25265234
21085	cg25265764
21086	cg25267487
21087	cg25268718
21088	cg25270158
21089	cg25270899
21090	cg25273520
21091	cg25274376
21092	cg25278663
21093	cg25281677
21094	cg25283121
21095	cg25284031
21096	cg25284762
21097	cg25285053
21098	cg25285090
21099	cg25286482
21100	cg25291250
21101	cg25292140
21102	cg25293675
21103	cg25295723
21104	cg25296465
21105	cg25296710
21106	cg25298189
21107	cg25299371
21108	cg25300780
21109	cg25305703
21110	cg25306927
21111	cg25307074
21112	cg25307168
21113	cg25309888
21114	cg25310195
21115	cg25310556
21116	cg25310824
21117	cg25311466
21118	cg25311507
21119	cg25312970
21120	cg25317157
21121	cg25320115
21122	cg25320169
21123	cg25325512
21124	cg25325543
21125	cg25325723
21126	cg25326896
21127	cg25329013
21128	cg25329844
21129	cg25331703
21130	cg25336785
21131	cg25339052
21132	cg25340403
21133	cg25342059
21134	cg25343589
21135	cg25349154
21136	cg25350269
21137	cg25351599
21138	cg25352397
21139	cg25352836
21140	cg25353171
21141	cg25354733
21142	cg25358289
21143	cg25358853
21144	cg25359664
21145	cg25360231
21146	cg25360929
21147	cg25361506
21148	cg25361524
21149	cg25363445
21150	cg25363789
21151	cg25364738
21152	cg25365379
21153	cg25367352
21154	cg25367572
21155	cg25368647
21156	cg25368813
21157	cg25371036
21158	cg25371038
21159	cg25372596
21160	cg25373246
21161	cg25374854
21162	cg25375860
21163	cg25377220
21164	cg25382740
21165	cg25383605
21166	cg25385020
21167	cg25385150
21168	cg25385819
21169	cg25386151
21170	cg25390656
21171	cg25392060
21172	cg25394505
21173	cg25394782
21174	cg25396728
21175	cg25398315
21176	cg25399541
21177	cg25400358
21178	cg25400597
21179	cg25401874
21180	cg25402228
21181	cg25402655
21182	cg25403174
21183	cg25404088
21184	cg25407119
21185	cg25409140
21186	cg25410279
21187	cg25410668
21188	cg25411725
21189	cg25413188
21190	cg25414165
21191	cg25415508
21192	cg25419914
21193	cg25421566
21194	cg25422346
21195	cg25422405
21196	cg25424293
21197	cg25424883
21198	cg25425140
21199	cg25426208
21200	cg25426716
21201	cg25426815
21202	cg25427524
21203	cg25427880
21204	cg25428451
21205	cg25428494
21206	cg25428553
21207	cg25429446
21208	cg25430489
21209	cg25431974
21210	cg25433915
21211	cg25436157
21212	cg25437304
21213	cg25438730
21214	cg25438876
21215	cg25438963
21216	cg25439655
21217	cg25442273
21218	cg25444002
21219	cg25446602
21220	cg25446604
21221	cg25447290
21222	cg25448355
21223	cg25448738
21224	cg25448766
21225	cg25450266
21226	cg25450819
21227	cg25451345
21228	cg25456477
21229	cg25457884
21230	cg25457886
21231	cg25457927
21232	cg25458175
21233	cg25459280
21234	cg25459300
21235	cg25459323
21236	cg25462716
21237	cg25467897
21238	cg25468064
21239	cg25468618
21240	cg25468783
21241	cg25468966
21242	cg25471715
21243	cg25471980
21244	cg25473981
21245	cg25477813
21246	cg25478614
21247	cg25481454
21248	cg25483003
21249	cg25483734
21250	cg25484139
21251	cg25484306
21252	cg25484373
21253	cg25486571
21254	cg25486749
21255	cg25486824
21256	cg25488547
21257	cg25488613
21258	cg25490693
21259	cg25492112
21260	cg25494605
21261	cg25494804
21262	cg25496930
21263	cg25500028
21264	cg25500196
21265	cg25500267
21266	cg25500738
21267	cg25501191
21268	cg25502144
21269	cg25505610
21270	cg25506095
21271	cg25509697
21272	cg25511085
21273	cg25511429
21274	cg25513610
21275	cg25514301
21276	cg25515063
21277	cg25517707
21278	cg25519723
21279	cg25527732
21280	cg25531857
21281	cg25533247
21282	cg25534953
21283	cg25535047
21284	cg25536676
21285	cg25537993
21286	cg25538571
21287	cg25541259
21288	cg25542733
21289	cg25543755
21290	cg25546991
21291	cg25547830
21292	cg25550003
21293	cg25551691
21294	cg25552492
21295	cg25552887
21296	cg25553466
21297	cg25554283
21298	cg25555336
21299	cg25556122
21300	cg25556651
21301	cg25557481
21302	cg25557995
21303	cg25558288
21304	cg25559313
21305	cg25561875
21306	cg25561904
21307	cg25564433
21308	cg25564800
21309	cg25565476
21310	cg25567048
21311	cg25570929
21312	cg25572037
21313	cg25572904
21314	cg25577130
21315	cg25577809
21316	cg25583580
21317	cg25584930
21318	cg25585789
21319	cg25586083
21320	cg25587069
21321	cg25587431
21322	cg25589972
21323	cg25593520
21324	cg25593696
21325	cg25597117
21326	cg25598319
21327	cg25598710
21328	cg25598890
21329	cg25599475
21330	cg25599521
21331	cg25599538
21332	cg25600606
21333	cg25602684
21334	cg25603344
21335	cg25603636
21336	cg25604883
21337	cg25605180
21338	cg25605773
21339	cg25608555
21340	cg25609393
21341	cg25610515
21342	cg25610865
21343	cg25613227
21344	cg25613541
21345	cg25614875
21346	cg25615068
21347	cg25616055
21348	cg25616777
21349	cg25616869
21350	cg25617157
21351	cg25618424
21352	cg25618559
21353	cg25620430
21354	cg25622628
21355	cg25622896
21356	cg25623459
21357	cg25623721
21358	cg25625370
21359	cg25625514
21360	cg25625670
21361	cg25627956
21362	cg25629712
21363	cg25629768
21364	cg25630794
21365	cg25631249
21366	cg25631489
21367	cg25633874
21368	cg25635316
21369	cg25639749
21370	cg25640176
21371	cg25640822
21372	cg25641855
21373	cg25642048
21374	cg25642476
21375	cg25645064
21376	cg25645748
21377	cg25647456
21378	cg25648203
21379	cg25649680
21380	cg25649826
21381	cg25649869
21382	cg25651505
21383	cg25653703
21384	cg25653947
21385	cg25654926
21386	cg25655096
21387	cg25655189
21388	cg25657218
21389	cg25657834
21390	cg25659893
21391	cg25660036
21392	cg25662463
21393	cg25663478
21394	cg25663874
21395	cg25664021
21396	cg25664154
21397	cg25664381
21398	cg25666233
21399	cg25667997
21400	cg25667998
21401	cg25668626
21402	cg25670171
21403	cg25671438
21404	cg25671484
21405	cg25671837
21406	cg25672142
21407	cg25672774
21408	cg25673241
21409	cg25673584
21410	cg25677688
21411	cg25680829
21412	cg25681379
21413	cg25681958
21414	cg25682299
21415	cg25683012
21416	cg25683495
21417	cg25683811
21418	cg25687179
21419	cg25693769
21420	cg25694447
21421	cg25695116
21422	cg25696000
21423	cg25696165
21424	cg25697357
21425	cg25697726
21426	cg25697881
21427	cg25698236
21428	cg25703213
21429	cg25705148
21430	cg25705717
21431	cg25705900
21432	cg25709244
21433	cg25711358
21434	cg25713185
21435	cg25716514
21436	cg25719851
21437	cg25722880
21438	cg25724515
21439	cg25729401
21440	cg25729765
21441	cg25731074
21442	cg25732028
21443	cg25732961
21444	cg25734198
21445	cg25736663
21446	cg25737410
21447	cg25739715
21448	cg25739938
21449	cg25740457
21450	cg25741192
21451	cg25741837
21452	cg25743236
21453	cg25744552
21454	cg25744957
21455	cg25745642
21456	cg25745729
21457	cg25746849
21458	cg25749107
21459	cg25749512
21460	cg25751054
21461	cg25751198
21462	cg25752955
21463	cg25753817
21464	cg25754195
21465	cg25755191
21466	cg25755851
21467	cg25758134
21468	cg25758314
21469	cg25759916
21470	cg25760333
21471	cg25761955
21472	cg25762706
21473	cg25762854
21474	cg25763542
21475	cg25763788
21476	cg25764570
21477	cg25764605
21478	cg25765464
21479	cg25766046
21480	cg25769980
21481	cg25770948
21482	cg25771195
21483	cg25772418
21484	cg25775322
21485	cg25777212
21486	cg25780434
21487	cg25780602
21488	cg25781123
21489	cg25783326
21490	cg25784308
21491	cg25786780
21492	cg25788647
21493	cg25789216
21494	cg25789721
21495	cg25789861
21496	cg25792138
21497	cg25792710
21498	cg25797055
21499	cg25800500
21500	cg25803263
21501	cg25804542
21502	cg25805675
21503	cg25805807
21504	cg25806701
21505	cg25806704
21506	cg25806743
21507	cg25808809
21508	cg25809059
21509	cg25809722
21510	cg25809905
21511	cg25811448
21512	cg25814293
21513	cg25815229
21514	cg25816659
21515	cg25818109
21516	cg25821785
21517	cg25822709
21518	cg25823085
21519	cg25824218
21520	cg25830305
21521	cg25837377
21522	cg25838150
21523	cg25839724
21524	cg25841008
21525	cg25841091
21526	cg25845889
21527	cg25846372
21528	cg25846723
21529	cg25848076
21530	cg25851453
21531	cg25854527
21532	cg25855162
21533	cg25857090
21534	cg25860399
21535	cg25861340
21536	cg25863070
21537	cg25864024
21538	cg25864727
21539	cg25865489
21540	cg25866895
21541	cg25868831
21542	cg25870420
21543	cg25870663
21544	cg25872744
21545	cg25875213
21546	cg25876186
21547	cg25876443
21548	cg25880623
21549	cg25881193
21550	cg25882544
21551	cg25882973
21552	cg25887715
21553	cg25890575
21554	cg25893857
21555	cg25893992
21556	cg25894201
21557	cg25898500
21558	cg25900995
21559	cg25902939
21560	cg25904183
21561	cg25905812
21562	cg25906247
21563	cg25909125
21564	cg25909396
21565	cg25912009
21566	cg25913882
21567	cg25914821
21568	cg25918947
21569	cg25921609
21570	cg25921813
21571	cg25922329
21572	cg25923729
21573	cg25927778
21574	cg25928579
21575	cg25932066
21576	cg25932164
21577	cg25932869
21578	cg25936380
21579	cg25936839
21580	cg25936902
21581	cg25938646
21582	cg25938735
21583	cg25939203
21584	cg25939861
21585	cg25939869
21586	cg25940196
21587	cg25940248
21588	cg25943666
21589	cg25944004
21590	cg25945090
21591	cg25945841
21592	cg25945961
21593	cg25947489
21594	cg25947945
21595	cg25949550
21596	cg25949941
21597	cg25951717
21598	cg25951981
21599	cg25953130
21600	cg25954358
21601	cg25955180
21602	cg25955817
21603	cg25956106
21604	cg25956276
21605	cg25956966
21606	cg25957451
21607	cg25959131
21608	cg25960090
21609	cg25961618
21610	cg25962286
21611	cg25966649
21612	cg25969122
21613	cg25969992
21614	cg25970491
21615	cg25971038
21616	cg25974355
21617	cg25975712
21618	cg25975818
21619	cg25977769
21620	cg25978835
21621	cg25979108
21622	cg25979148
21623	cg25979644
21624	cg25982711
21625	cg25982743
21626	cg25982965
21627	cg25983070
21628	cg25983901
21629	cg25984671
21630	cg25985721
21631	cg25991569
21632	cg25993216
21633	cg25993718
21634	cg25993931
21635	cg25995212
21636	cg25996290
21637	cg25998745
21638	cg26000619
21639	cg26002713
21640	cg26003813
21641	cg26004244
21642	cg26004707
21643	cg26005082
21644	cg26005578
21645	cg26008007
21646	cg26009035
21647	cg26009832
21648	cg26010879
21649	cg26011014
21650	cg26012482
21651	cg26012941
21652	cg26022315
21653	cg26024874
21654	cg26025543
21655	cg26026416
21656	cg26027669
21657	cg26031192
21658	cg26031875
21659	cg26031947
21660	cg26033520
21661	cg26034341
21662	cg26034375
21663	cg26035489
21664	cg26035892
21665	cg26036479
21666	cg26036806
21667	cg26037180
21668	cg26038190
21669	cg26038465
21670	cg26041493
21671	cg26043391
21672	cg26045434
21673	cg26046150
21674	cg26047066
21675	cg26048101
21676	cg26049390
21677	cg26051165
21678	cg26053697
21679	cg26055923
21680	cg26055950
21681	cg26057754
21682	cg26057780
21683	cg26058502
21684	cg26060255
21685	cg26063563
21686	cg26063904
21687	cg26064634
21688	cg26064870
21689	cg26065057
21690	cg26066277
21691	cg26067250
21692	cg26069719
21693	cg26070063
21694	cg26070099
21695	cg26071410
21696	cg26071823
21697	cg26072749
21698	cg26074100
21699	cg26077446
21700	cg26079664
21701	cg26082368
21702	cg26084258
21703	cg26084529
21704	cg26086899
21705	cg26088632
21706	cg26090062
21707	cg26091688
21708	cg26092675
21709	cg26094482
21710	cg26094651
21711	cg26096837
21712	cg26097391
21713	cg26099164
21714	cg26101086
21715	cg26102435
21716	cg26104204
21717	cg26105310
21718	cg26108196
21719	cg26109145
21720	cg26109803
21721	cg26110645
21722	cg26110733
21723	cg26112661
21724	cg26112687
21725	cg26114043
21726	cg26115370
21727	cg26115633
21728	cg26116103
21729	cg26116499
21730	cg26118142
21731	cg26122374
21732	cg26124115
21733	cg26124980
21734	cg26125956
21735	cg26126740
21736	cg26127836
21737	cg26128121
21738	cg26128464
21739	cg26129769
21740	cg26131114
21741	cg26131911
21742	cg26132809
21743	cg26133295
21744	cg26134737
21745	cg26134777
21746	cg26137103
21747	cg26137267
21748	cg26137417
21749	cg26139402
21750	cg26140475
21751	cg26141173
21752	cg26142076
21753	cg26142094
21754	cg26142436
21755	cg26143719
21756	cg26144202
21757	cg26144246
21758	cg26144569
21759	cg26144627
21760	cg26145268
21761	cg26145632
21762	cg26146287
21763	cg26147845
21764	cg26149658
21765	cg26150621
21766	cg26151675
21767	cg26152597
21768	cg26152983
21769	cg26153425
21770	cg26156167
21771	cg26156850
21772	cg26157803
21773	cg26158023
21774	cg26159990
21775	cg26160218
21776	cg26160945
21777	cg26161057
21778	cg26161329
21779	cg26161997
21780	cg26162554
21781	cg26162695
21782	cg26163855
21783	cg26165212
21784	cg26165660
21785	cg26166595
21786	cg26168651
21787	cg26175729
21788	cg26175789
21789	cg26175846
21790	cg26177754
21791	cg26177807
21792	cg26179428
21793	cg26179948
21794	cg26180383
21795	cg26181334
21796	cg26185180
21797	cg26188212
21798	cg26189401
21799	cg26191447
21800	cg26191576
21801	cg26195482
21802	cg26198682
21803	cg26199289
21804	cg26201213
21805	cg26201727
21806	cg26201751
21807	cg26203136
21808	cg26205217
21809	cg26206456
21810	cg26207127
21811	cg26207766
21812	cg26209816
21813	cg26209990
21814	cg26210302
21815	cg26210447
21816	cg26211349
21817	cg26211724
21818	cg26212924
21819	cg26213240
21820	cg26213471
21821	cg26219051
21822	cg26220323
21823	cg26221494
21824	cg26221801
21825	cg26221992
21826	cg26222730
21827	cg26224173
21828	cg26224305
21829	cg26224354
21830	cg26224785
21831	cg26225814
21832	cg26226167
21833	cg26229752
21834	cg26229990
21835	cg26230303
21836	cg26231071
21837	cg26231350
21838	cg26232158
21839	cg26233866
21840	cg26234233
21841	cg26235243
21842	cg26239772
21843	cg26242531
21844	cg26244981
21845	cg26245366
21846	cg26245667
21847	cg26247186
21848	cg26247263
21849	cg26248173
21850	cg26248645
21851	cg26249834
21852	cg26250086
21853	cg26252167
21854	cg26252958
21855	cg26253134
21856	cg26255140
21857	cg26255649
21858	cg26256771
21859	cg26257265
21860	cg26257676
21861	cg26260789
21862	cg26261298
21863	cg26263766
21864	cg26264318
21865	cg26264419
21866	cg26264767
21867	cg26266099
21868	cg26266372
21869	cg26266429
21870	cg26266985
21871	cg26267310
21872	cg26267854
21873	cg26268842
21874	cg26273072
21875	cg26274929
21876	cg26275174
21877	cg26275355
21878	cg26275598
21879	cg26275850
21880	cg26276120
21881	cg26276650
21882	cg26276947
21883	cg26282236
21884	cg26282505
21885	cg26282792
21886	cg26283141
21887	cg26286839
21888	cg26287345
21889	cg26289788
21890	cg26290632
21891	cg26292895
21892	cg26292923
21893	cg26293546
21894	cg26295057
21895	cg26296488
21896	cg26297688
21897	cg26301353
21898	cg26301689
21899	cg26303870
21900	cg26306636
21901	cg26307871
21902	cg26309929
21903	cg26310285
21904	cg26310551
21905	cg26311208
21906	cg26311454
21907	cg26312542
21908	cg26312920
21909	cg26314055
21910	cg26315277
21911	cg26316178
21912	cg26317006
21913	cg26317405
21914	cg26318682
21915	cg26318926
21916	cg26322591
21917	cg26322872
21918	cg26325335
21919	cg26325430
21920	cg26326298
21921	cg26329047
21922	cg26332061
21923	cg26332560
21924	cg26332630
21925	cg26336701
21926	cg26337020
21927	cg26339862
21928	cg26340700
21929	cg26341773
21930	cg26341831
21931	cg26343958
21932	cg26344227
21933	cg26344798
21934	cg26346210
21935	cg26347591
21936	cg26347746
21937	cg26349773
21938	cg26350286
21939	cg26351229
21940	cg26353877
21941	cg26355072
21942	cg26355357
21943	cg26357744
21944	cg26359730
21945	cg26360402
21946	cg26360612
21947	cg26361535
21948	cg26362257
21949	cg26362263
21950	cg26363196
21951	cg26363341
21952	cg26364871
21953	cg26365925
21954	cg26366371
21955	cg26366958
21956	cg26367439
21957	cg26369667
21958	cg26370130
21959	cg26371957
21960	cg26372498
21961	cg26372517
21962	cg26372792
21963	cg26374101
21964	cg26374154
21965	cg26377000
21966	cg26378179
21967	cg26379258
21968	cg26379339
21969	cg26382071
21970	cg26382679
21971	cg26383138
21972	cg26384036
21973	cg26384430
21974	cg26385222
21975	cg26386449
21976	cg26386624
21977	cg26389380
21978	cg26390156
21979	cg26391077
21980	cg26391080
21981	cg26393629
21982	cg26394282
21983	cg26394737
21984	cg26394940
21985	cg26397549
21986	cg26399970
21987	cg26401028
21988	cg26403206
21989	cg26403416
21990	cg26403777
21991	cg26403843
21992	cg26404422
21993	cg26404867
21994	cg26407029
21995	cg26408927
21996	cg26409826
21997	cg26410450
21998	cg26411280
21999	cg26411299
22000	cg26413501
22001	cg26416971
22002	cg26417642
22003	cg26418147
22004	cg26418881
22005	cg26418994
22006	cg26421593
22007	cg26424556
22008	cg26424649
22009	cg26425555
22010	cg26426080
22011	cg26427534
22012	cg26428825
22013	cg26429499
22014	cg26430023
22015	cg26433232
22016	cg26433444
22017	cg26437845
22018	cg26439710
22019	cg26440042
22020	cg26440467
22021	cg26441486
22022	cg26445608
22023	cg26448296
22024	cg26448931
22025	cg26453588
22026	cg26456554
22027	cg26456563
22028	cg26456957
22029	cg26457809
22030	cg26460320
22031	cg26460366
22032	cg26463621
22033	cg26463820
22034	cg26465155
22035	cg26465231
22036	cg26466094
22037	cg26466789
22038	cg26467949
22039	cg26468833
22040	cg26469302
22041	cg26469387
22042	cg26470115
22043	cg26470314
22044	cg26470501
22045	cg26471058
22046	cg26471982
22047	cg26472036
22048	cg26472133
22049	cg26472922
22050	cg26474124
22051	cg26475740
22052	cg26476066
22053	cg26476939
22054	cg26477792
22055	cg26478205
22056	cg26478297
22057	cg26481784
22058	cg26482609
22059	cg26483332
22060	cg26483512
22061	cg26487157
22062	cg26489497
22063	cg26490626
22064	cg26490949
22065	cg26491431
22066	cg26491555
22067	cg26493814
22068	cg26494929
22069	cg26495109
22070	cg26495575
22071	cg26495758
22072	cg26496920
22073	cg26497348
22074	cg26500914
22075	cg26502263
22076	cg26502666
22077	cg26503877
22078	cg26504835
22079	cg26505330
22080	cg26509915
22081	cg26510017
22082	cg26512254
22083	cg26512771
22084	cg26513378
22085	cg26514961
22086	cg26515685
22087	cg26516004
22088	cg26516287
22089	cg26517012
22090	cg26517679
22091	cg26517831
22092	cg26518100
22093	cg26519930
22094	cg26520396
22095	cg26526883
22096	cg26527903
22097	cg26529300
22098	cg26529516
22099	cg26533717
22100	cg26535072
22101	cg26536319
22102	cg26536847
22103	cg26537098
22104	cg26541867
22105	cg26542214
22106	cg26542283
22107	cg26542660
22108	cg26543112
22109	cg26543232
22110	cg26544317
22111	cg26544594
22112	cg26546113
22113	cg26548293
22114	cg26548497
22115	cg26550938
22116	cg26552743
22117	cg26554592
22118	cg26554646
22119	cg26557693
22120	cg26558591
22121	cg26558799
22122	cg26559315
22123	cg26562532
22124	cg26562921
22125	cg26564280
22126	cg26565021
22127	cg26567688
22128	cg26568304
22129	cg26569020
22130	cg26569309
22131	cg26569315
22132	cg26570867
22133	cg26571928
22134	cg26572392
22135	cg26573274
22136	cg26573797
22137	cg26578149
22138	cg26579032
22139	cg26579838
22140	cg26580421
22141	cg26581729
22142	cg26581845
22143	cg26589497
22144	cg26595009
22145	cg26597727
22146	cg26598899
22147	cg26610808
22148	cg26612409
22149	cg26612727
22150	cg26614073
22151	cg26614624
22152	cg26614970
22153	cg26615853
22154	cg26617298
22155	cg26620959
22156	cg26623286
22157	cg26625729
22158	cg26626449
22159	cg26630171
22160	cg26631505
22161	cg26632665
22162	cg26632776
22163	cg26635214
22164	cg26636010
22165	cg26636279
22166	cg26642540
22167	cg26644049
22168	cg26644052
22169	cg26645401
22170	cg26646527
22171	cg26647111
22172	cg26647135
22173	cg26650655
22174	cg26651303
22175	cg26651978
22176	cg26654559
22177	cg26655344
22178	cg26655361
22179	cg26656135
22180	cg26657240
22181	cg26658509
22182	cg26658743
22183	cg26660754
22184	cg26662007
22185	cg26662298
22186	cg26662324
22187	cg26665035
22188	cg26665419
22189	cg26667550
22190	cg26668490
22191	cg26668608
22192	cg26676034
22193	cg26676273
22194	cg26677315
22195	cg26677322
22196	cg26677448
22197	cg26680047
22198	cg26682094
22199	cg26682580
22200	cg26683792
22201	cg26684319
22202	cg26684363
22203	cg26684673
22204	cg26684679
22205	cg26685352
22206	cg26685515
22207	cg26685941
22208	cg26686608
22209	cg26687173
22210	cg26689483
22211	cg26690034
22212	cg26690304
22213	cg26690318
22214	cg26692296
22215	cg26692822
22216	cg26693467
22217	cg26695076
22218	cg26695190
22219	cg26698979
22220	cg26700215
22221	cg26701043
22222	cg26701785
22223	cg26703511
22224	cg26703956
22225	cg26704293
22226	cg26704637
22227	cg26706614
22228	cg26708596
22229	cg26709285
22230	cg26709300
22231	cg26709579
22232	cg26710722
22233	cg26711180
22234	cg26711237
22235	cg26711820
22236	cg26712763
22237	cg26718213
22238	cg26718511
22239	cg26720545
22240	cg26721759
22241	cg26723847
22242	cg26725786
22243	cg26726141
22244	cg26726230
22245	cg26730050
22246	cg26730543
22247	cg26732808
22248	cg26733975
22249	cg26734064
22250	cg26734888
22251	cg26737305
22252	cg26738023
22253	cg26740249
22254	cg26744056
22255	cg26744079
22256	cg26745332
22257	cg26745540
22258	cg26746469
22259	cg26748578
22260	cg26749414
22261	cg26753307
22262	cg26756125
22263	cg26758386
22264	cg26764345
22265	cg26764579
22266	cg26765295
22267	cg26765385
22268	cg26767214
22269	cg26768964
22270	cg26769927
22271	cg26773585
22272	cg26774981
22273	cg26775087
22274	cg26776018
22275	cg26777475
22276	cg26777800
22277	cg26778807
22278	cg26779585
22279	cg26780581
22280	cg26781129
22281	cg26782013
22282	cg26782108
22283	cg26783079
22284	cg26784012
22285	cg26785154
22286	cg26786800
22287	cg26786924
22288	cg26787096
22289	cg26788501
22290	cg26789779
22291	cg26795848
22292	cg26796793
22293	cg26798367
22294	cg26798509
22295	cg26800429
22296	cg26800462
22297	cg26800893
22298	cg26800896
22299	cg26801943
22300	cg26802256
22301	cg26803963
22302	cg26804848
22303	cg26805150
22304	cg26808167
22305	cg26808510
22306	cg26811372
22307	cg26811898
22308	cg26815229
22309	cg26815396
22310	cg26816491
22311	cg26818340
22312	cg26818573
22313	cg26820168
22314	cg26821196
22315	cg26823290
22316	cg26824091
22317	cg26824216
22318	cg26824234
22319	cg26826927
22320	cg26827202
22321	cg26827653
22322	cg26828941
22323	cg26829189
22324	cg26832552
22325	cg26833017
22326	cg26833936
22327	cg26834680
22328	cg26836233
22329	cg26836402
22330	cg26837962
22331	cg26839512
22332	cg26840770
22333	cg26842024
22334	cg26842034
22335	cg26843074
22336	cg26843498
22337	cg26843711
22338	cg26844246
22339	cg26844459
22340	cg26845300
22341	cg26848071
22342	cg26850624
22343	cg26852894
22344	cg26853093
22345	cg26854360
22346	cg26855724
22347	cg26856080
22348	cg26856289
22349	cg26856369
22350	cg26857315
22351	cg26860209
22352	cg26862744
22353	cg26863750
22354	cg26866325
22355	cg26866482
22356	cg26867866
22357	cg26867978
22358	cg26869412
22359	cg26870961
22360	cg26872792
22361	cg26872907
22362	cg26873935
22363	cg26875135
22364	cg26875852
22365	cg26875989
22366	cg26881591
22367	cg26881761
22368	cg26883840
22369	cg26884581
22370	cg26884658
22371	cg26884773
22372	cg26885220
22373	cg26886334
22374	cg26886965
22375	cg26887085
22376	cg26887137
22377	cg26888530
22378	cg26889659
22379	cg26890182
22380	cg26890189
22381	cg26890706
22382	cg26891362
22383	cg26893861
22384	cg26894079
22385	cg26894354
22386	cg26895804
22387	cg26896155
22388	cg26898166
22389	cg26900781
22390	cg26901111
22391	cg26902127
22392	cg26905010
22393	cg26905845
22394	cg26906737
22395	cg26908328
22396	cg26910511
22397	cg26910594
22398	cg26913058
22399	cg26913977
22400	cg26915629
22401	cg26916625
22402	cg26916966
22403	cg26917665
22404	cg26917999
22405	cg26918305
22406	cg26918756
22407	cg26921611
22408	cg26921969
22409	cg26924440
22410	cg26925981
22411	cg26926221
22412	cg26927807
22413	cg26931661
22414	cg26932976
22415	cg26933021
22416	cg26935102
22417	cg26935333
22418	cg26936171
22419	cg26939539
22420	cg26939946
22421	cg26940479
22422	cg26942892
22423	cg26943759
22424	cg26944562
22425	cg26944958
22426	cg26949829
22427	cg26950531
22428	cg26950739
22429	cg26951091
22430	cg26951440
22431	cg26952697
22432	cg26952796
22433	cg26953453
22434	cg26955290
22435	cg26955383
22436	cg26955755
22437	cg26959945
22438	cg26960221
22439	cg26960896
22440	cg26960988
22441	cg26962439
22442	cg26962778
22443	cg26965006
22444	cg26965801
22445	cg26967186
22446	cg26967792
22447	cg26967875
22448	cg26970841
22449	cg26971042
22450	cg26971420
22451	cg26971585
22452	cg26971710
22453	cg26974214
22454	cg26974444
22455	cg26974661
22456	cg26975476
22457	cg26976812
22458	cg26977944
22459	cg26978172
22460	cg26979829
22461	cg26980034
22462	cg26981978
22463	cg26983198
22464	cg26983874
22465	cg26986681
22466	cg26986871
22467	cg26987613
22468	cg26988406
22469	cg26989202
22470	cg26989927
22471	cg26992600
22472	cg26994023
22473	cg26994484
22474	cg26996569
22475	cg26996890
22476	cg26999423
22477	cg27000590
22478	cg27001894
22479	cg27003165
22480	cg27003765
22481	cg27003968
22482	cg27004870
22483	cg27007439
22484	cg27008316
22485	cg27009703
22486	cg27011350
22487	cg27013696
22488	cg27014438
22489	cg27015931
22490	cg27016307
22491	cg27017658
22492	cg27019126
22493	cg27020362
22494	cg27021512
22495	cg27021553
22496	cg27022827
22497	cg27023360
22498	cg27024214
22499	cg27029473
22500	cg27031632
22501	cg27032781
22502	cg27034294
22503	cg27036054
22504	cg27037018
22505	cg27037944
22506	cg27039118
22507	cg27043010
22508	cg27043159
22509	cg27043838
22510	cg27045062
22511	cg27045723
22512	cg27047243
22513	cg27051129
22514	cg27051315
22515	cg27058018
22516	cg27058486
22517	cg27059819
22518	cg27060510
22519	cg27061049
22520	cg27061971
22521	cg27062571
22522	cg27067654
22523	cg27067781
22524	cg27068760
22525	cg27069616
22526	cg27072387
22527	cg27072665
22528	cg27073142
22529	cg27073262
22530	cg27075187
22531	cg27078522
22532	cg27078652
22533	cg27079096
22534	cg27080917
22535	cg27081346
22536	cg27081634
22537	cg27082659
22538	cg27085335
22539	cg27086690
22540	cg27087622
22541	cg27087809
22542	cg27087885
22543	cg27088072
22544	cg27088374
22545	cg27088726
22546	cg27089226
22547	cg27089768
22548	cg27090727
22549	cg27091763
22550	cg27092035
22551	cg27093143
22552	cg27093871
22553	cg27093918
22554	cg27096232
22555	cg27098685
22556	cg27099280
22557	cg27100163
22558	cg27101153
22559	cg27101914
22560	cg27105123
22561	cg27105949
22562	cg27106643
22563	cg27106909
22564	cg27108629
22565	cg27109568
22566	cg27109907
22567	cg27112487
22568	cg27113059
22569	cg27113091
22570	cg27113347
22571	cg27113548
22572	cg27114512
22573	cg27114661
22574	cg27115257
22575	cg27115863
22576	cg27117639
22577	cg27118035
22578	cg27118042
22579	cg27120543
22580	cg27120999
22581	cg27124981
22582	cg27126508
22583	cg27126872
22584	cg27128011
22585	cg27130359
22586	cg27130665
22587	cg27131176
22588	cg27131667
22589	cg27134139
22590	cg27134322
22591	cg27134386
22592	cg27134767
22593	cg27135113
22594	cg27135645
22595	cg27135915
22596	cg27136078
22597	cg27139424
22598	cg27139956
22599	cg27141801
22600	cg27144223
22601	cg27145083
22602	cg27145096
22603	cg27151135
22604	cg27151362
22605	cg27152890
22606	cg27153059
22607	cg27154640
22608	cg27158572
22609	cg27160614
22610	cg27165039
22611	cg27165794
22612	cg27165960
22613	cg27167439
22614	cg27167868
22615	cg27168443
22616	cg27168858
22617	cg27169020
22618	cg27172745
22619	cg27174787
22620	cg27175311
22621	cg27175491
22622	cg27176138
22623	cg27176264
22624	cg27176628
22625	cg27180636
22626	cg27182106
22627	cg27182476
22628	cg27184055
22629	cg27184585
22630	cg27184806
22631	cg27185521
22632	cg27186323
22633	cg27186552
22634	cg27187881
22635	cg27189341
22636	cg27189533
22637	cg27190967
22638	cg27193735
22639	cg27200895
22640	cg27201332
22641	cg27201382
22642	cg27202210
22643	cg27202708
22644	cg27205904
22645	cg27207809
22646	cg27208169
22647	cg27209661
22648	cg27209729
22649	cg27209741
22650	cg27210390
22651	cg27211071
22652	cg27211439
22653	cg27212232
22654	cg27212234
22655	cg27213509
22656	cg27214009
22657	cg27215033
22658	cg27216076
22659	cg27216853
22660	cg27217092
22661	cg27217933
22662	cg27219841
22663	cg27222157
22664	cg27222463
22665	cg27222803
22666	cg27223728
22667	cg27223827
22668	cg27223891
22669	cg27225570
22670	cg27227029
22671	cg27228973
22672	cg27229520
22673	cg27230784
22674	cg27231389
22675	cg27233850
22676	cg27234723
22677	cg27235789
22678	cg27239168
22679	cg27239981
22680	cg27240618
22681	cg27241134
22682	cg27241808
22683	cg27241873
22684	cg27243140
22685	cg27243685
22686	cg27244482
22687	cg27244652
22688	cg27246346
22689	cg27246933
22690	cg27249858
22691	cg27253286
22692	cg27253301
22693	cg27254482
22694	cg27257987
22695	cg27258399
22696	cg27260418
22697	cg27261733
22698	cg27262717
22699	cg27263632
22700	cg27263998
22701	cg27266060
22702	cg27269149
22703	cg27269488
22704	cg27269921
22705	cg27270541
22706	cg27271937
22707	cg27272363
22708	cg27272723
22709	cg27273868
22710	cg27274718
22711	cg27280266
22712	cg27281836
22713	cg27282900
22714	cg27283110
22715	cg27286337
22716	cg27290215
22717	cg27292417
22718	cg27292710
22719	cg27292818
22720	cg27293032
22721	cg27294156
22722	cg27297025
22723	cg27297315
22724	cg27298324
22725	cg27299406
22726	cg27299712
22727	cg27300045
22728	cg27302507
22729	cg27304328
22730	cg27304519
22731	cg27305255
22732	cg27305917
22733	cg27306038
22734	cg27307781
22735	cg27309179
22736	cg27309702
22737	cg27310024
22738	cg27310748
22739	cg27312916
22740	cg27312987
22741	cg27314669
22742	cg27316393
22743	cg27317439
22744	cg27319898
22745	cg27320127
22746	cg27320439
22747	cg27321460
22748	cg27321750
22749	cg27324003
22750	cg27326062
22751	cg27327312
22752	cg27328297
22753	cg27328431
22754	cg27331471
22755	cg27331554
22756	cg27332938
22757	cg27335600
22758	cg27336439
22759	cg27337397
22760	cg27338089
22761	cg27338353
22762	cg27338607
22763	cg27339282
22764	cg27340749
22765	cg27342333
22766	cg27344791
22767	cg27345757
22768	cg27346545
22769	cg27350144
22770	cg27351978
22771	cg27353308
22772	cg27355006
22773	cg27355653
22774	cg27356159
22775	cg27357571
22776	cg27359310
22777	cg27361227
22778	cg27361964
22779	cg27362048
22780	cg27363829
22781	cg27365324
22782	cg27366532
22783	cg27367526
22784	cg27367952
22785	cg27368025
22786	cg27370573
22787	cg27377450
22788	cg27378216
22789	cg27379240
22790	cg27379915
22791	cg27380813
22792	cg27380997
22793	cg27382889
22794	cg27386529
22795	cg27388680
22796	cg27391693
22797	cg27393431
22798	cg27393730
22799	cg27394111
22800	cg27394566
22801	cg27395754
22802	cg27396655
22803	cg27396824
22804	cg27396830
22805	cg27401724
22806	cg27402928
22807	cg27403810
22808	cg27404186
22809	cg27410186
22810	cg27413008
22811	cg27413543
22812	cg27414233
22813	cg27414487
22814	cg27414571
22815	cg27416749
22816	cg27417294
22817	cg27417926
22818	cg27420889
22819	cg27422407
22820	cg27422507
22821	cg27424906
22822	cg27424995
22823	cg27425532
22824	cg27425655
22825	cg27426983
22826	cg27427581
22827	cg27428551
22828	cg27430293
22829	cg27431150
22830	cg27432653
22831	cg27433764
22832	cg27434984
22833	cg27436995
22834	cg27437445
22835	cg27437510
22836	cg27438152
22837	cg27438218
22838	cg27440834
22839	cg27442478
22840	cg27445883
22841	cg27447006
22842	cg27447740
22843	cg27450557
22844	cg27451610
22845	cg27451843
22846	cg27452451
22847	cg27453237
22848	cg27454412
22849	cg27455021
22850	cg27455578
22851	cg27459981
22852	cg27462685
22853	cg27463181
22854	cg27466129
22855	cg27466466
22856	cg27467929
22857	cg27468506
22858	cg27470213
22859	cg27471124
22860	cg27471192
22861	cg27477043
22862	cg27477883
22863	cg27478313
22864	cg27478635
22865	cg27482328
22866	cg27483694
22867	cg27483767
22868	cg27485716
22869	cg27488007
22870	cg27489373
22871	cg27489873
22872	cg27489916
22873	cg27491398
22874	cg27491887
22875	cg27493997
22876	cg27494383
22877	cg27495654
22878	cg27496339
22879	cg27497255
22880	cg27497751
22881	cg27500647
22882	cg27501458
22883	cg27502457
22884	cg27502912
22885	cg27503801
22886	cg27504738
22887	cg27504799
22888	cg27505273
22889	cg27505538
22890	cg27506178
22891	cg27507315
22892	cg27508055
22893	cg27508620
22894	cg27509642
22895	cg27510503
22896	cg27513586
22897	cg27514224
22898	cg27516159
22899	cg27519140
22900	cg27522470
22901	cg27522733
22902	cg27523527
22903	cg27524202
22904	cg27525948
22905	cg27526518
22906	cg27527970
22907	cg27528032
22908	cg27529628
22909	cg27529647
22910	cg27530704
22911	cg27531336
22912	cg27532318
22913	cg27532919
22914	cg27534796
22915	cg27544190
22916	cg27545611
22917	cg27546241
22918	cg27546840
22919	cg27547112
22920	cg27547947
22921	cg27548241
22922	cg27551605
22923	cg27551895
22924	cg27553955
22925	cg27554535
22926	cg27554782
22927	cg27557134
22928	cg27557168
22929	cg27558234
22930	cg27562259
22931	cg27563048
22932	cg27563174
22933	cg27564383
22934	cg27565409
22935	cg27566403
22936	cg27567587
22937	cg27567593
22938	cg27569300
22939	cg27569863
22940	cg27570354
22941	cg27570732
22942	cg27570984
22943	cg27574654
22944	cg27576286
22945	cg27576485
22946	cg27577149
22947	cg27577973
22948	cg27578275
22949	cg27581159
22950	cg27582059
22951	cg27585376
22952	cg27586068
22953	cg27586885
22954	cg27587195
22955	cg27588321
22956	cg27588974
22957	cg27592871
22958	cg27593341
22959	cg27595997
22960	cg27597505
22961	cg27598107
22962	cg27598340
22963	cg27598621
22964	cg27598956
22965	cg27599856
22966	cg27608610
22967	cg27612324
22968	cg27613026
22969	cg27613645
22970	cg27615366
22971	cg27615578
22972	cg27619353
22973	cg27620174
22974	cg27621129
22975	cg27622032
22976	cg27625055
22977	cg27626102
22978	cg27627674
22979	cg27628536
22980	cg27629145
22981	cg27629782
22982	cg27631427
22983	cg27631597
22984	cg27637363
22985	cg27637521
22986	cg27639199
22987	cg27639942
22988	cg27640528
22989	cg27644254
22990	cg27645345
22991	cg27645544
22992	cg27645955
22993	cg27646937
22994	cg27646965
22995	cg27648075
22996	cg27649073
22997	cg27651143
22998	cg27655855
22999	cg27655905
23000	cg27656302
23001	cg27656459
23002	cg27656728
23003	cg27656786
23004	cg27657119
23005	cg27657271
23006	cg27658402
23007	cg27659368
23008	cg27660099
23009	cg27661460
23010	cg27662445
23011	cg27662540
23012	cg27662789
